date,id,parking,bathrooms,bedrooms,currency,price,seller,neighborhood,city,province,status,area,usage,story,planta,lift,pool,pozo,terraza,lobby,balcon,jacuzzi,gimnasio,price.usd
2022-01-24,/apartamentos-venta-los-proceres/1256618/,2,3,3,RD$,7500000,Remax Metropolitana,Los Proceres, Santo Domingo Centro (D.N.), Santo Domingo,Segundo Uso,138,Residencial,4,TRUE,FALSE,FALSE,FALSE,FALSE,FALSE,TRUE,FALSE,FALSE,128205.1282051282
2022-01-24,/apartamentos-venta-los-proceres/1266563/,2,3,3,RD$,7700000,Inmobiliaria Grupal,Los Proceres, Santo Domingo Centro (D.N.), Santo Domingo,Remodelada,184,Residencial,4,FALSE,TRUE,FALSE,FALSE,FALSE,TRUE,FALSE,FALSE,FALSE,131623.93162393162
2022-01-24,/apartamentos-venta-los-proceres/1266036/,2,3,3,RD$,7700000,Inmobiliaria Grupal,Los Proceres, Santo Domingo Centro (D.N.), Santo Domingo,Segundo Uso,180,Residencial,4,TRUE,TRUE,FALSE,FALSE,FALSE,TRUE,FALSE,FALSE,FALSE,131623.93162393162
2022-01-24,/apartamentos-venta-los-proceres/1266667/,2,3,3,RD$,7500000,Inmobiliaria Grupal,Los Proceres, Santo Domingo Centro (D.N.), Santo Domingo,Segundo Uso,180,Residencial,4,TRUE,TRUE,FALSE,TRUE,FALSE,TRUE,FALSE,FALSE,FALSE,128205.1282051282
2022-01-24,/apartamentos-venta-los-proceres/1266604/,2,3,3,US$,7700000,Inmobiliaria Grupal,Los Proceres, Santo Domingo Centro (D.N.), Santo Domingo,Segundo Uso,180,Residencial,4,FALSE,FALSE,FALSE,FALSE,FALSE,FALSE,FALSE,FALSE,FALSE,7700000
