date,id,parking,bathrooms,bedrooms,currency,price,seller,neighborhood,city,province,status,area,usage,story,planta,lift,pool,pozo,terraza,lobby,balcon,jacuzzi,gimnasio,price.usd
2022-01-24,/apartamentos-venta-evaristo-morales/1267014/,1,1.5,1,US$,133500,Algonovo Real Estate,Evaristo Morales, Santo Domingo Centro (D.N.), Santo Domingo,En Planos,65,Residencial,NA,TRUE,TRUE,TRUE,FALSE,TRUE,TRUE,TRUE,FALSE,TRUE,133500
2022-01-24,/apartamentos-venta-evaristo-morales/1267654/,1,1.5,1,US$,125000,Inmobiliaria Inversión Segura RD ,Evaristo Morales, Santo Domingo Centro (D.N.), Santo Domingo,En Construcción,67,Residencial,NA,TRUE,TRUE,TRUE,TRUE,TRUE,TRUE,TRUE,FALSE,TRUE,125000
2022-01-24,/apartamentos-venta-evaristo-morales/1260222/,2,2.5,2,US$,143000,Inmobiliaria Inversión Segura RD ,Evaristo Morales, Santo Domingo Centro (D.N.), Santo Domingo,En Construcción,85,Residencial,NA,TRUE,TRUE,FALSE,TRUE,TRUE,TRUE,TRUE,TRUE,TRUE,143000
2022-01-24,/apartamentos-venta-evaristo-morales/1267165/,1,1.5,1,US$,119500,Inmobiliaria Inversión Segura RD ,Evaristo Morales, Santo Domingo Centro (D.N.), Santo Domingo,En Construcción,57,Residencial,3,TRUE,TRUE,FALSE,TRUE,FALSE,TRUE,TRUE,TRUE,TRUE,119500
2022-01-24,/apartamentos-venta-evaristo-morales/1267049/,1,1.5,1,US$,119000,Inmobiliaria Inversión Segura RD ,Evaristo Morales, Santo Domingo Centro (D.N.), Santo Domingo,En Construcción,53,Residencial,NA,TRUE,TRUE,FALSE,TRUE,TRUE,TRUE,TRUE,FALSE,TRUE,119000
2022-01-24,/apartamentos-venta-evaristo-morales/1268083/,2,3.5,3,US$,265000,Inmobiliaria Inversión Segura RD ,Evaristo Morales, Santo Domingo Centro (D.N.), Santo Domingo,Segundo Uso,150,Residencial,8,TRUE,TRUE,FALSE,TRUE,FALSE,TRUE,TRUE,TRUE,TRUE,265000
2022-01-24,/apartamentos-venta-evaristo-morales/1221572/,2,3.5,3,US$,180000,Marrero Luxury,Evaristo Morales, Santo Domingo Centro (D.N.), Santo Domingo,Segundo Uso,230,Residencial,4,TRUE,TRUE,FALSE,TRUE,FALSE,TRUE,TRUE,FALSE,FALSE,180000
2022-01-24,/apartamentos-venta-evaristo-morales/1267198/,2,3.5,3,US$,170000,Inmobiliaria Inversión Segura RD ,Evaristo Morales, Santo Domingo Centro (D.N.), Santo Domingo,Segundo Uso,149,Residencial,2,TRUE,TRUE,FALSE,FALSE,FALSE,TRUE,TRUE,FALSE,FALSE,170000
2022-01-24,/apartamentos-venta-evaristo-morales/1229542/,3,3.5,3,US$,240000,Marrero Luxury,Evaristo Morales, Santo Domingo Centro (D.N.), Santo Domingo,Segundo Uso,271,Residencial,2,TRUE,TRUE,FALSE,TRUE,TRUE,TRUE,TRUE,TRUE,FALSE,240000
2022-01-24,/apartamentos-venta-evaristo-morales/1266838/,1,1.5,1,US$,98800,Inmobiliaria Inversión Segura RD ,Evaristo Morales, Santo Domingo Centro (D.N.), Santo Domingo,En Construcción,52,Residencial,NA,TRUE,FALSE,TRUE,TRUE,TRUE,TRUE,FALSE,TRUE,TRUE,98800
2022-01-24,/apartamentos-venta-evaristo-morales/1251182/,2,2.5,3,US$,175000,Marrero Luxury,Evaristo Morales, Santo Domingo Centro (D.N.), Santo Domingo,Segundo Uso,160,Residencial,2,TRUE,TRUE,FALSE,TRUE,TRUE,TRUE,TRUE,FALSE,FALSE,175000
2022-01-24,/apartamentos-venta-evaristo-morales/1268399/,3,3.5,3,US$,385000,Kw Gold,Evaristo Morales, Santo Domingo Centro (D.N.), Santo Domingo,Segundo Uso,317,Residencial,4,TRUE,TRUE,FALSE,TRUE,TRUE,TRUE,TRUE,FALSE,TRUE,385000
2022-01-24,/apartamentos-venta-evaristo-morales/1257461/,3,3.5,3,US$,211092,Inmobiliaria e Inversiones Peguero & Asociados,Evaristo Morales, Santo Domingo Centro (D.N.), Santo Domingo,Nueva,124,Residencial,NA,TRUE,TRUE,TRUE,TRUE,TRUE,TRUE,TRUE,FALSE,TRUE,211092
2022-01-24,/apartamentos-venta-evaristo-morales/1256873/,1,1.5,1,US$,108900,Inmobiliaria e Inversiones Peguero & Asociados,Evaristo Morales, Santo Domingo Centro (D.N.), Santo Domingo,En Construcción,53,Residencial,NA,TRUE,TRUE,FALSE,TRUE,TRUE,TRUE,TRUE,FALSE,TRUE,108900
2022-01-24,/apartamentos-venta-evaristo-morales/1251250/,2,3.5,3,US$,233550,Premium Real Estate,Evaristo Morales, Santo Domingo Centro (D.N.), Santo Domingo,En Construcción,173,Residencial,NA,TRUE,TRUE,FALSE,FALSE,TRUE,TRUE,FALSE,FALSE,TRUE,233550
2022-01-24,/apartamentos-venta-evaristo-morales/1267800/,3,3.5,3,US$,210000,Inmobiliaria Grupal,Evaristo Morales, Santo Domingo Centro (D.N.), Santo Domingo,Segundo Uso,215,Residencial,3,TRUE,FALSE,FALSE,TRUE,FALSE,TRUE,FALSE,FALSE,FALSE,210000
2022-01-24,/apartamentos-venta-evaristo-morales/1267699/,2,2.5,3,US$,180000,Premium Real Estate,Evaristo Morales, Santo Domingo Centro (D.N.), Santo Domingo,Segundo Uso,180,Residencial,8,TRUE,TRUE,FALSE,FALSE,FALSE,FALSE,FALSE,FALSE,FALSE,180000
2022-01-24,/apartamentos-venta-evaristo-morales/1261754/,1,2,2,US$,143000,Republic Real State,Evaristo Morales, Santo Domingo Centro (D.N.), Santo Domingo,En Planos,85,Residencial,NA,TRUE,TRUE,TRUE,FALSE,FALSE,TRUE,TRUE,FALSE,TRUE,143000
2022-01-24,/apartamentos-venta-evaristo-morales/1261718/,1,1.5,1,US$,118000,Republic Real State,Evaristo Morales, Santo Domingo Centro (D.N.), Santo Domingo,En Construcción,53,Residencial,NA,TRUE,TRUE,FALSE,FALSE,FALSE,TRUE,TRUE,FALSE,FALSE,118000
2022-01-24,/apartamentos-venta-evaristo-morales/1263379/,2,3.5,3,US$,211000,Inmobiliaria Grupal,Evaristo Morales, Santo Domingo Centro (D.N.), Santo Domingo,Nueva,150,Residencial,NA,TRUE,TRUE,TRUE,TRUE,FALSE,FALSE,FALSE,FALSE,TRUE,211000
2022-01-24,/apartamentos-venta-evaristo-morales/1265012/,2,2.5,3,US$,160000,Premier Real Estate,Evaristo Morales, Santo Domingo Centro (D.N.), Santo Domingo,Segundo Uso,184,Residencial,NA,FALSE,FALSE,FALSE,FALSE,FALSE,FALSE,FALSE,FALSE,FALSE,160000
2022-01-24,/apartamentos-venta-evaristo-morales/1267211/,2,2.5,3,US$,180000,Premium Real Estate,Evaristo Morales, Santo Domingo Centro (D.N.), Santo Domingo,Segundo Uso,180,Residencial,8,TRUE,TRUE,FALSE,FALSE,FALSE,TRUE,TRUE,FALSE,FALSE,180000
2022-01-24,/apartamentos-venta-evaristo-morales/1267210/,2,2.5,3,US$,180000,Premium Real Estate,Evaristo Morales, Santo Domingo Centro (D.N.), Santo Domingo,Segundo Uso,180,Residencial,8,TRUE,TRUE,FALSE,FALSE,FALSE,TRUE,TRUE,FALSE,FALSE,180000
2022-01-24,/apartamentos-venta-evaristo-morales/1268294/,2,3.5,3,US$,198000,MBello Bienes Raices,Evaristo Morales, Santo Domingo Centro (D.N.), Santo Domingo,Segundo Uso,215,Residencial,2,FALSE,TRUE,FALSE,FALSE,FALSE,FALSE,TRUE,FALSE,FALSE,198000
2022-01-24,/apartamentos-venta-evaristo-morales/1267232/,2,2.5,3,US$,180000,Premium Real Estate,Evaristo Morales, Santo Domingo Centro (D.N.), Santo Domingo,Segundo Uso,180,Residencial,8,TRUE,TRUE,FALSE,FALSE,FALSE,TRUE,FALSE,FALSE,FALSE,180000
2022-01-24,/apartamentos-venta-evaristo-morales/1262770/,2,NA,3,US$,218000,Marco Rivero,Evaristo Morales, Santo Domingo Centro (D.N.), Santo Domingo,Nueva,122,Residencial,8,FALSE,TRUE,TRUE,FALSE,FALSE,TRUE,TRUE,FALSE,TRUE,218000
2022-01-24,/apartamentos-venta-evaristo-morales/1267416/,1,1.5,1,US$,138000,Marco Rivero,Evaristo Morales, Santo Domingo Centro (D.N.), Santo Domingo,Nueva,NA,Mixto,NA,TRUE,TRUE,FALSE,TRUE,FALSE,TRUE,TRUE,TRUE,TRUE,138000
2022-01-24,/apartamentos-venta-evaristo-morales/1246137/,1,1.5,1,US$,135000,Marco Rivero,Evaristo Morales, Santo Domingo Centro (D.N.), Santo Domingo,Nueva,65,Residencial,NA,TRUE,TRUE,FALSE,TRUE,TRUE,TRUE,TRUE,TRUE,TRUE,135000
2022-01-24,/apartamentos-venta-evaristo-morales/1267453/,1,1.5,1,US$,119060,Stalin Florentino,Evaristo Morales, Santo Domingo Centro (D.N.), Santo Domingo,En Construcción,65,Residencial,5,TRUE,TRUE,FALSE,FALSE,TRUE,TRUE,FALSE,FALSE,TRUE,119060
2022-01-24,/apartamentos-venta-evaristo-morales/1267276/,2,2.5,3,US$,180000,Premium Real Estate,Evaristo Morales, Santo Domingo Centro (D.N.), Santo Domingo,Segundo Uso,180,Residencial,NA,FALSE,FALSE,FALSE,FALSE,FALSE,FALSE,FALSE,FALSE,FALSE,180000
2022-01-24,/apartamentos-venta-evaristo-morales/1264786/,2,2,2,US$,137000,Premium Real Estate,Evaristo Morales, Santo Domingo Centro (D.N.), Santo Domingo,Segundo Uso,98,Residencial,4,FALSE,FALSE,FALSE,FALSE,FALSE,FALSE,FALSE,FALSE,FALSE,137000
2022-01-24,/apartamentos-venta-evaristo-morales/1256609/,2,3.5,3,US$,212625,Inmobiliaria Grupal,Evaristo Morales, Santo Domingo Centro (D.N.), Santo Domingo,Nueva,160,Residencial,1,TRUE,TRUE,FALSE,TRUE,TRUE,FALSE,TRUE,FALSE,TRUE,212625
2022-01-24,/apartamentos-venta-evaristo-morales/1256347/,2,3,3,US$,218000,Inmobiliaria Grupal,Evaristo Morales, Santo Domingo Centro (D.N.), Santo Domingo,Nueva,150,Residencial,2,TRUE,TRUE,TRUE,TRUE,TRUE,FALSE,TRUE,FALSE,TRUE,218000
2022-01-24,/apartamentos-venta-evaristo-morales/1266182/,2,3.5,3,US$,215000,Inmobiliaria Grupal,Evaristo Morales, Santo Domingo Centro (D.N.), Santo Domingo,Nueva,160,Residencial,3,TRUE,TRUE,FALSE,FALSE,TRUE,TRUE,TRUE,FALSE,TRUE,215000
2022-01-24,/apartamentos-venta-evaristo-morales/1268380/,2,2.5,3,US$,234500,Vivenzas Real Estate ,Evaristo Morales, Santo Domingo Centro (D.N.), Santo Domingo,En Construcción,134,Residencial,NA,TRUE,TRUE,TRUE,FALSE,TRUE,TRUE,TRUE,TRUE,TRUE,234500
2022-01-24,/apartamentos-venta-evaristo-morales/1268379/,2,2.5,2,US$,176400,Vivenzas Real Estate ,Evaristo Morales, Santo Domingo Centro (D.N.), Santo Domingo,En Construcción,98,Residencial,NA,TRUE,TRUE,TRUE,FALSE,TRUE,TRUE,TRUE,TRUE,TRUE,176400
2022-01-24,/apartamentos-venta-evaristo-morales/1268378/,1,1.5,1,US$,137500,Vivenzas Real Estate ,Evaristo Morales, Santo Domingo Centro (D.N.), Santo Domingo,En Construcción,65,Residencial,NA,TRUE,TRUE,TRUE,FALSE,TRUE,TRUE,TRUE,TRUE,TRUE,137500
2022-01-24,/apartamentos-venta-evaristo-morales/1248793/,1,1.5,1,US$,145000,Vivenzas Real Estate ,Evaristo Morales, Santo Domingo Centro (D.N.), Santo Domingo,En Construcción,60,Residencial,NA,TRUE,TRUE,FALSE,FALSE,FALSE,TRUE,TRUE,FALSE,TRUE,145000
2022-01-24,/apartamentos-venta-evaristo-morales/1248794/,2,2.5,2,US$,181000,Vivenzas Real Estate ,Evaristo Morales, Santo Domingo Centro (D.N.), Santo Domingo,En Construcción,105,Residencial,NA,TRUE,TRUE,FALSE,FALSE,FALSE,TRUE,TRUE,FALSE,TRUE,181000
2022-01-24,/apartamentos-venta-evaristo-morales/1265026/,2,2.5,3,US$,251000,CityMax Santo Domingo,Evaristo Morales, Santo Domingo Centro (D.N.), Santo Domingo,Nueva,124,Residencial,NA,TRUE,TRUE,TRUE,TRUE,FALSE,FALSE,TRUE,FALSE,FALSE,251000
2022-01-24,/apartamentos-venta-evaristo-morales/1267949/,2,3.5,3,US$,265000,CityMax Santo Domingo,Evaristo Morales, Santo Domingo Centro (D.N.), Santo Domingo,Segundo Uso,150,Residencial,NA,TRUE,TRUE,FALSE,TRUE,FALSE,TRUE,TRUE,FALSE,FALSE,265000
2022-01-24,/apartamentos-venta-evaristo-morales/1267264/,2,2.5,3,US$,180000,Premium Real Estate,Evaristo Morales, Santo Domingo Centro (D.N.), Santo Domingo,Segundo Uso,180,Residencial,8,TRUE,TRUE,FALSE,FALSE,FALSE,FALSE,TRUE,FALSE,FALSE,180000
2022-01-24,/apartamentos-venta-evaristo-morales/1267825/,2,3,3,RD$,10800000,Premium Real Estate,Evaristo Morales, Santo Domingo Centro (D.N.), Santo Domingo,Segundo Uso,264,Residencial,NA,TRUE,TRUE,FALSE,FALSE,FALSE,FALSE,FALSE,FALSE,FALSE,184615.38461538462
2022-01-24,/apartamentos-venta-evaristo-morales/1267783/,2,2.5,3,US$,242000,CityMax Santo Domingo,Evaristo Morales, Santo Domingo Centro (D.N.), Santo Domingo,En Construcción,123,Residencial,NA,FALSE,TRUE,FALSE,FALSE,TRUE,TRUE,TRUE,FALSE,TRUE,242000
2022-01-24,/apartamentos-venta-evaristo-morales/1267896/,2,2.5,3,US$,295000,CityMax Santo Domingo,Evaristo Morales, Santo Domingo Centro (D.N.), Santo Domingo,Nueva,161,Residencial,NA,TRUE,FALSE,TRUE,FALSE,FALSE,TRUE,TRUE,FALSE,TRUE,295000
2022-01-24,/apartamentos-venta-evaristo-morales/1239760/,1,1,1,US$,127000,Algonovo Real Estate,Evaristo Morales, Santo Domingo Centro (D.N.), Santo Domingo,En Planos,60,Residencial,NA,TRUE,TRUE,FALSE,FALSE,FALSE,TRUE,FALSE,FALSE,TRUE,127000
2022-01-24,/apartamentos-venta-evaristo-morales/1239703/,1,1.5,1,US$,119060,Algonovo Real Estate,Evaristo Morales, Santo Domingo Centro (D.N.), Santo Domingo,En Planos,53,Residencial,NA,TRUE,TRUE,FALSE,FALSE,FALSE,TRUE,FALSE,FALSE,TRUE,119060
2022-01-24,/apartamentos-venta-evaristo-morales/1267020/,2,2.5,2,US$,180400,Algonovo Real Estate,Evaristo Morales, Santo Domingo Centro (D.N.), Santo Domingo,En Planos,98,Residencial,NA,TRUE,TRUE,TRUE,FALSE,FALSE,TRUE,TRUE,FALSE,TRUE,180400
2022-01-24,/apartamentos-venta-evaristo-morales/1266734/,2,2.5,2,US$,179000,Algonovo Real Estate,Evaristo Morales, Santo Domingo Centro (D.N.), Santo Domingo,Nueva,85,Residencial,NA,TRUE,TRUE,TRUE,FALSE,FALSE,TRUE,TRUE,FALSE,TRUE,179000
2022-01-24,/apartamentos-venta-evaristo-morales/1256942/,2,2.5,3,US$,295000,Algonovo Real Estate,Evaristo Morales, Santo Domingo Centro (D.N.), Santo Domingo,En Construcción,197,Residencial,NA,TRUE,TRUE,TRUE,FALSE,TRUE,FALSE,TRUE,TRUE,TRUE,295000
2022-01-24,/apartamentos-venta-evaristo-morales/1227272/,1,1.5,1,US$,262500,Seekers Inmobiliaria,Evaristo Morales, Santo Domingo Centro (D.N.), Santo Domingo,En Construcción,125,Residencial,NA,FALSE,FALSE,TRUE,FALSE,FALSE,FALSE,FALSE,TRUE,FALSE,262500
2022-01-24,/apartamentos-venta-evaristo-morales/1241284/,3,3.5,3,US$,234766,Seekers Inmobiliaria,Evaristo Morales, Santo Domingo Centro (D.N.), Santo Domingo,Nueva,124,Residencial,3,FALSE,TRUE,TRUE,FALSE,TRUE,TRUE,TRUE,FALSE,TRUE,234766
2022-01-24,/apartamentos-venta-evaristo-morales/1266164/,2,3.5,3,US$,167000,Inmobiliaria Grupal,Evaristo Morales, Santo Domingo Centro (D.N.), Santo Domingo,Segundo Uso,149,Residencial,2,TRUE,TRUE,FALSE,TRUE,FALSE,TRUE,FALSE,FALSE,FALSE,167000
2022-01-24,/apartamentos-venta-evaristo-morales/1244687/,1,1,1,US$,104800,Seekers Inmobiliaria,Evaristo Morales, Santo Domingo Centro (D.N.), Santo Domingo,En Construcción,57,Residencial,NA,TRUE,TRUE,FALSE,FALSE,FALSE,TRUE,FALSE,FALSE,FALSE,104800
2022-01-24,/apartamentos-venta-evaristo-morales/1240787/,1,1.5,1,US$,128000,Seekers Inmobiliaria,Evaristo Morales, Santo Domingo Centro (D.N.), Santo Domingo,En Construcción,61,Residencial,NA,TRUE,FALSE,FALSE,FALSE,FALSE,TRUE,FALSE,FALSE,TRUE,128000
2022-01-24,/apartamentos-venta-evaristo-morales/1248274/,2,2.5,2,US$,199000,Seekers Inmobiliaria,Evaristo Morales, Santo Domingo Centro (D.N.), Santo Domingo,En Construcción,83,Residencial,9,FALSE,TRUE,TRUE,FALSE,FALSE,TRUE,FALSE,FALSE,FALSE,199000
2022-01-24,/apartamentos-venta-evaristo-morales/1263676/,3,3.5,3,US$,296000,Mudate,Evaristo Morales, Santo Domingo Centro (D.N.), Santo Domingo,Nueva,170,Residencial,NA,FALSE,FALSE,FALSE,FALSE,FALSE,FALSE,FALSE,FALSE,FALSE,296000
2022-01-24,/apartamentos-venta-evaristo-morales/1263650/,2,2.5,2,US$,175000,Mudate,Evaristo Morales, Santo Domingo Centro (D.N.), Santo Domingo,Nueva,173,Residencial,NA,FALSE,FALSE,FALSE,FALSE,FALSE,FALSE,FALSE,FALSE,FALSE,175000
2022-01-24,/apartamentos-venta-evaristo-morales/1263635/,1,1.5,1,US$,125000,Mudate,Evaristo Morales, Santo Domingo Centro (D.N.), Santo Domingo,Nueva,73,Residencial,NA,FALSE,FALSE,FALSE,FALSE,FALSE,FALSE,TRUE,FALSE,TRUE,125000
2022-01-24,/apartamentos-venta-evaristo-morales/1263634/,2,2.5,2,US$,179000,Mudate,Evaristo Morales, Santo Domingo Centro (D.N.), Santo Domingo,Nueva,122,Residencial,NA,FALSE,FALSE,FALSE,FALSE,FALSE,FALSE,TRUE,FALSE,TRUE,179000
2022-01-24,/apartamentos-venta-evaristo-morales/1264235/,2,2.5,3,US$,218000,Mudate,Evaristo Morales, Santo Domingo Centro (D.N.), Santo Domingo,Nueva,150,Residencial,NA,FALSE,FALSE,FALSE,FALSE,FALSE,FALSE,FALSE,FALSE,FALSE,218000
2022-01-24,/apartamentos-venta-evaristo-morales/1264234/,2,2.5,3,US$,246000,Mudate,Evaristo Morales, Santo Domingo Centro (D.N.), Santo Domingo,Nueva,161,Residencial,NA,FALSE,FALSE,FALSE,FALSE,FALSE,FALSE,FALSE,FALSE,FALSE,246000
2022-01-24,/apartamentos-venta-evaristo-morales/1259462/,1,1.5,1,US$,118000,Mudate,Evaristo Morales, Santo Domingo Centro (D.N.), Santo Domingo,Nueva,54,Residencial,NA,FALSE,FALSE,FALSE,FALSE,TRUE,FALSE,FALSE,FALSE,TRUE,118000
2022-01-24,/apartamentos-venta-evaristo-morales/1263637/,2,3.5,3,US$,218000,Mudate,Evaristo Morales, Santo Domingo Centro (D.N.), Santo Domingo,Nueva,150,Residencial,NA,FALSE,FALSE,FALSE,FALSE,FALSE,FALSE,FALSE,FALSE,FALSE,218000
2022-01-24,/apartamentos-venta-evaristo-morales/1263627/,2,5.5,4,US$,240000,Mudate,Evaristo Morales, Santo Domingo Centro (D.N.), Santo Domingo,Nueva,340,Residencial,NA,FALSE,FALSE,FALSE,FALSE,FALSE,FALSE,FALSE,FALSE,FALSE,240000
2022-01-24,/apartamentos-venta-evaristo-morales/1231366/,3,3.5,3,US$,170000,Mis Casas RD,Evaristo Morales, Santo Domingo Centro (D.N.), Santo Domingo,Segundo Uso,192,Residencial,4,FALSE,TRUE,FALSE,FALSE,FALSE,TRUE,FALSE,FALSE,FALSE,170000
2022-01-24,/apartamentos-venta-evaristo-morales/1268359/,2,3.5,3,US$,280000,Plusval Puente Azul,Evaristo Morales, Santo Domingo Centro (D.N.), Santo Domingo,Segundo Uso,238,Residencial,6,TRUE,TRUE,FALSE,FALSE,FALSE,TRUE,TRUE,FALSE,TRUE,280000
2022-01-24,/apartamentos-venta-evaristo-morales/1258251/,4,6,4,US$,295000,Inmobiliaria Grupal,Evaristo Morales, Santo Domingo Centro (D.N.), Santo Domingo,Segundo Uso,370,Residencial,2,FALSE,FALSE,FALSE,FALSE,FALSE,FALSE,FALSE,FALSE,FALSE,295000
2022-01-24,/apartamentos-venta-evaristo-morales/1266997/,NA,3,3,US$,91200,Inmobiliaria Grupal,Evaristo Morales, Santo Domingo Centro (D.N.), Santo Domingo,En Construcción,NA,Residencial,13,TRUE,TRUE,TRUE,FALSE,FALSE,TRUE,FALSE,FALSE,TRUE,91200
2022-01-24,/apartamentos-venta-evaristo-morales/1265863/,2,3.5,3,US$,211000,Inmobiliaria Grupal,Evaristo Morales, Santo Domingo Centro (D.N.), Santo Domingo,En Construcción,150,Residencial,NA,TRUE,TRUE,TRUE,TRUE,FALSE,TRUE,TRUE,FALSE,TRUE,211000
2022-01-24,/apartamentos-venta-evaristo-morales/1267278/,2,2.5,2,US$,148000,Inmobiliaria Grupal,Evaristo Morales, Santo Domingo Centro (D.N.), Santo Domingo,Segundo Uso,147,Residencial,7,TRUE,TRUE,FALSE,FALSE,FALSE,FALSE,FALSE,FALSE,FALSE,148000
2022-01-24,/apartamentos-venta-evaristo-morales/1266185/,2,3.5,3,US$,175000,Inmobiliaria Grupal,Evaristo Morales, Santo Domingo Centro (D.N.), Santo Domingo,Segundo Uso,149,Residencial,2,TRUE,TRUE,FALSE,FALSE,FALSE,FALSE,FALSE,FALSE,FALSE,175000
2022-01-24,/apartamentos-venta-evaristo-morales/1257821/,2,6.5,4,US$,275000,Inmobiliaria Grupal,Evaristo Morales, Santo Domingo Centro (D.N.), Santo Domingo,Remodelada,370,Residencial,8,TRUE,TRUE,FALSE,TRUE,FALSE,FALSE,TRUE,TRUE,FALSE,275000
2022-01-24,/apartamentos-venta-evaristo-morales/1265998/,2,2.5,3,US$,165000,Remax Metropolitana,Evaristo Morales, Santo Domingo Centro (D.N.), Santo Domingo,Segundo Uso,171,Residencial,3,FALSE,FALSE,FALSE,FALSE,FALSE,FALSE,FALSE,FALSE,FALSE,165000
2022-01-24,/apartamentos-venta-evaristo-morales/1268332/,2,3.5,3,US$,188806,CHRISTIAN CCOMPRÉS REAL ESTATE EIRL,Evaristo Morales, Santo Domingo Centro (D.N.), Santo Domingo,En Construcción,139,N/D,NA,FALSE,TRUE,FALSE,TRUE,TRUE,FALSE,TRUE,TRUE,TRUE,188806
2022-01-24,/apartamentos-venta-evaristo-morales/1212313/,2,3.5,3,US$,202000,Ciudad Inmobiliaria ,Evaristo Morales, Santo Domingo Centro (D.N.), Santo Domingo,En Planos,158,Residencial,NA,TRUE,TRUE,FALSE,TRUE,TRUE,TRUE,TRUE,TRUE,TRUE,202000
2022-01-24,/apartamentos-venta-evaristo-morales/1245247/,1,1.5,1,US$,143000,Ciudad Inmobiliaria ,Evaristo Morales, Santo Domingo Centro (D.N.), Santo Domingo,En Construcción,85,Residencial,NA,TRUE,TRUE,TRUE,TRUE,TRUE,TRUE,TRUE,TRUE,TRUE,143000
2022-01-24,/apartamentos-venta-evaristo-morales/1245251/,2,2.5,2,US$,180000,Ciudad Inmobiliaria ,Evaristo Morales, Santo Domingo Centro (D.N.), Santo Domingo,En Construcción,105,Residencial,NA,TRUE,TRUE,TRUE,TRUE,TRUE,TRUE,TRUE,TRUE,TRUE,180000
2022-01-24,/apartamentos-venta-evaristo-morales/1201206/,2,2.5,3,US$,220000,Ciudad Inmobiliaria ,Evaristo Morales, Santo Domingo Centro (D.N.), Santo Domingo,En Construcción,150,Residencial,NA,TRUE,TRUE,TRUE,FALSE,TRUE,TRUE,TRUE,FALSE,TRUE,220000
2022-01-24,/apartamentos-venta-evaristo-morales/1268318/,3,4.5,3,US$,325000,CityMax Santo Domingo,Evaristo Morales, Santo Domingo Centro (D.N.), Santo Domingo,Segundo Uso,275,Residencial,6,TRUE,TRUE,FALSE,TRUE,FALSE,FALSE,TRUE,FALSE,FALSE,325000
2022-01-24,/apartamentos-venta-evaristo-morales/1239454/,1,1.5,1,US$,119000,Tu Casa RD,Evaristo Morales, Santo Domingo Centro (D.N.), Santo Domingo,En Planos,62,Residencial,8,TRUE,TRUE,FALSE,TRUE,FALSE,TRUE,TRUE,FALSE,TRUE,119000
2022-01-24,/apartamentos-venta-evaristo-morales/1268306/,2,2.5,2,US$,175000,MBello Bienes Raices,Evaristo Morales, Santo Domingo Centro (D.N.), Santo Domingo,Nueva,85,Residencial,2,FALSE,TRUE,FALSE,FALSE,FALSE,TRUE,TRUE,FALSE,FALSE,175000
2022-01-24,/apartamentos-venta-evaristo-morales/1267212/,2,2.5,3,US$,180000,Premium Real Estate,Evaristo Morales, Santo Domingo Centro (D.N.), Santo Domingo,Segundo Uso,180,Residencial,8,TRUE,TRUE,FALSE,FALSE,FALSE,FALSE,FALSE,FALSE,FALSE,180000
2022-01-24,/apartamentos-venta-evaristo-morales/1252706/,2,2.5,2,US$,155000,Top International Realty,Evaristo Morales, Santo Domingo Centro (D.N.), Santo Domingo,En Construcción,110,Residencial,3,TRUE,TRUE,TRUE,TRUE,TRUE,TRUE,TRUE,TRUE,TRUE,155000
2022-01-24,/apartamentos-venta-evaristo-morales/1252709/,2,2.5,3,US$,229000,Top International Realty,Evaristo Morales, Santo Domingo Centro (D.N.), Santo Domingo,En Construcción,131,Residencial,3,TRUE,TRUE,TRUE,TRUE,TRUE,TRUE,TRUE,TRUE,TRUE,229000
2022-01-24,/apartamentos-venta-evaristo-morales/1253344/,3,3.5,3,US$,211100,Top International Realty,Evaristo Morales, Santo Domingo Centro (D.N.), Santo Domingo,Nueva,156,Residencial,5,TRUE,TRUE,TRUE,TRUE,TRUE,TRUE,TRUE,TRUE,TRUE,211100
2022-01-24,/apartamentos-venta-y-alquiler-evaristo-morales/1236981/,1,1,1,US$,165000,Top International Realty,Evaristo Morales, Santo Domingo Centro (D.N.), Santo Domingo,Nueva,55,Residencial,4,TRUE,TRUE,TRUE,TRUE,FALSE,TRUE,FALSE,FALSE,TRUE,165000
2022-01-24,/apartamentos-venta-evaristo-morales/1221491/,1,1.5,1,US$,98000,Top International Realty,Evaristo Morales, Santo Domingo Centro (D.N.), Santo Domingo,En Construcción,72,Residencial,5,TRUE,TRUE,FALSE,TRUE,TRUE,TRUE,TRUE,FALSE,TRUE,98000
2022-01-24,/apartamentos-venta-y-alquiler-evaristo-morales/1227070/,2,2.5,2,US$,229000,Top International Realty,Evaristo Morales, Santo Domingo Centro (D.N.), Santo Domingo,Nueva,108,Residencial,2,TRUE,TRUE,FALSE,FALSE,FALSE,TRUE,TRUE,FALSE,TRUE,229000
2022-01-24,/apartamentos-venta-y-alquiler-evaristo-morales/1247092/,2,2.5,2,US$,220000,Top International Realty,Evaristo Morales, Santo Domingo Centro (D.N.), Santo Domingo,Segundo Uso,125,Residencial,7,TRUE,TRUE,FALSE,TRUE,FALSE,TRUE,TRUE,FALSE,TRUE,220000
2022-01-24,/apartamentos-venta-evaristo-morales/1239804/,3,5,4,US$,749500,Top International Realty,Evaristo Morales, Santo Domingo Centro (D.N.), Santo Domingo,Segundo Uso,394,Residencial,12,TRUE,TRUE,FALSE,TRUE,TRUE,TRUE,TRUE,FALSE,TRUE,749500
2022-01-24,/apartamentos-venta-evaristo-morales/1237945/,2,2.5,2,US$,215000,Top International Realty,Evaristo Morales, Santo Domingo Centro (D.N.), Santo Domingo,Nueva,94,Residencial,9,TRUE,TRUE,TRUE,FALSE,FALSE,TRUE,TRUE,FALSE,TRUE,215000
2022-01-24,/apartamentos-venta-evaristo-morales/1239437/,2,3.5,3,US$,240000,Top International Realty,Evaristo Morales, Santo Domingo Centro (D.N.), Santo Domingo,Nueva,192,Residencial,3,TRUE,TRUE,FALSE,TRUE,TRUE,TRUE,TRUE,FALSE,TRUE,240000
2022-01-24,/apartamentos-venta-evaristo-morales/1253985/,1,1.5,1,US$,107000,Top International Realty,Evaristo Morales, Santo Domingo Centro (D.N.), Santo Domingo,Nueva,65,Residencial,4,TRUE,TRUE,FALSE,TRUE,TRUE,TRUE,TRUE,FALSE,TRUE,107000
2022-01-24,/apartamentos-venta-evaristo-morales/1249807/,2,2.5,2,US$,165000,Top International Realty,Evaristo Morales, Santo Domingo Centro (D.N.), Santo Domingo,Nueva,105,Residencial,6,TRUE,TRUE,TRUE,TRUE,TRUE,TRUE,TRUE,TRUE,TRUE,165000
2022-01-24,/apartamentos-venta-evaristo-morales/1249808/,2,3.5,3,US$,245000,Top International Realty,Evaristo Morales, Santo Domingo Centro (D.N.), Santo Domingo,Nueva,158,Residencial,5,TRUE,TRUE,TRUE,TRUE,TRUE,TRUE,TRUE,TRUE,TRUE,245000
2022-01-24,/apartamentos-venta-evaristo-morales/1240667/,2,3.5,3,US$,282500,Top International Realty,Evaristo Morales, Santo Domingo Centro (D.N.), Santo Domingo,Nueva,160,Residencial,4,TRUE,TRUE,FALSE,TRUE,FALSE,TRUE,TRUE,FALSE,TRUE,282500
2022-01-24,/apartamentos-venta-evaristo-morales/1245458/,2,2.5,2,US$,260000,Top International Realty,Evaristo Morales, Santo Domingo Centro (D.N.), Santo Domingo,Nueva,108,Residencial,3,TRUE,TRUE,TRUE,TRUE,TRUE,TRUE,TRUE,TRUE,TRUE,260000
2022-01-24,/apartamentos-venta-evaristo-morales/1256434/,2,2.5,3,US$,195000,Top International Realty,Evaristo Morales, Santo Domingo Centro (D.N.), Santo Domingo,Nueva,130,Residencial,9,TRUE,TRUE,TRUE,TRUE,TRUE,TRUE,TRUE,TRUE,TRUE,195000
2022-01-24,/apartamentos-venta-evaristo-morales/1256433/,2,2.5,3,US$,218000,Top International Realty,Evaristo Morales, Santo Domingo Centro (D.N.), Santo Domingo,Nueva,150,Residencial,5,TRUE,TRUE,TRUE,TRUE,TRUE,TRUE,TRUE,TRUE,TRUE,218000
2022-01-24,/apartamentos-venta-evaristo-morales/1249610/,3,3.5,3,US$,396000,Top International Realty,Evaristo Morales, Santo Domingo Centro (D.N.), Santo Domingo,Nueva,207,Residencial,10,TRUE,TRUE,FALSE,TRUE,TRUE,TRUE,TRUE,TRUE,TRUE,396000
2022-01-24,/apartamentos-venta-y-alquiler-evaristo-morales/1249592/,2,2,2,US$,193000,Top International Realty,Evaristo Morales, Santo Domingo Centro (D.N.), Santo Domingo,Nueva,85,Residencial,4,TRUE,TRUE,TRUE,TRUE,FALSE,TRUE,TRUE,FALSE,TRUE,193000
2022-01-24,/apartamentos-venta-evaristo-morales/1245461/,2,3.5,3,US$,340000,Top International Realty,Evaristo Morales, Santo Domingo Centro (D.N.), Santo Domingo,Nueva,207,Residencial,9,TRUE,TRUE,TRUE,TRUE,TRUE,TRUE,TRUE,TRUE,TRUE,340000
2022-01-24,/apartamentos-venta-evaristo-morales/1256436/,2,3,3,US$,249000,Top International Realty,Evaristo Morales, Santo Domingo Centro (D.N.), Santo Domingo,Nueva,162,Residencial,9,TRUE,TRUE,TRUE,TRUE,TRUE,TRUE,FALSE,TRUE,TRUE,249000
2022-01-24,/apartamentos-venta-evaristo-morales/1263788/,2,2.5,3,US$,211000,CityMax Santo Domingo,Evaristo Morales, Santo Domingo Centro (D.N.), Santo Domingo,Nueva,140,Residencial,3,TRUE,TRUE,TRUE,TRUE,TRUE,TRUE,TRUE,TRUE,TRUE,211000
2022-01-24,/apartamentos-venta-evaristo-morales/1268275/,2,2.5,2,US$,165000,CityMax Santo Domingo,Evaristo Morales, Santo Domingo Centro (D.N.), Santo Domingo,En Construcción,85,Residencial,10,TRUE,TRUE,TRUE,FALSE,FALSE,TRUE,TRUE,TRUE,TRUE,165000
2022-01-24,/apartamentos-venta-evaristo-morales/1265839/,2,2.5,2,US$,207000,Kw Gold,Evaristo Morales, Santo Domingo Centro (D.N.), Santo Domingo,Segundo Uso,198,Residencial,6,TRUE,TRUE,FALSE,FALSE,TRUE,FALSE,TRUE,FALSE,TRUE,207000
2022-01-24,/apartamentos-venta-evaristo-morales/1265836/,2,3.5,3,US$,239500,Kw Gold,Evaristo Morales, Santo Domingo Centro (D.N.), Santo Domingo,Segundo Uso,216,Residencial,9,TRUE,TRUE,FALSE,FALSE,TRUE,FALSE,TRUE,FALSE,TRUE,239500
2022-01-24,/apartamentos-venta-evaristo-morales/1264774/,2,3.5,3,US$,261000,Kw Gold,Evaristo Morales, Santo Domingo Centro (D.N.), Santo Domingo,Nueva,275,Residencial,2,TRUE,TRUE,FALSE,FALSE,TRUE,FALSE,TRUE,FALSE,FALSE,261000
2022-01-24,/apartamentos-venta-evaristo-morales/1268121/,2,3.5,3,US$,265000,CityMax Santo Domingo,Evaristo Morales, Santo Domingo Centro (D.N.), Santo Domingo,Segundo Uso,150,Residencial,8,TRUE,TRUE,FALSE,FALSE,FALSE,TRUE,TRUE,TRUE,TRUE,265000
2022-01-24,/apartamentos-venta-evaristo-morales/1268004/,2,2.5,3,US$,242000,CityMax Santo Domingo,Evaristo Morales, Santo Domingo Centro (D.N.), Santo Domingo,Nueva,119,Residencial,NA,TRUE,TRUE,TRUE,FALSE,TRUE,TRUE,TRUE,FALSE,FALSE,242000
2022-01-24,/apartamentos-venta-evaristo-morales/1267618/,3,3.5,3,US$,210000,Inmobiliaria Grupal,Evaristo Morales, Santo Domingo Centro (D.N.), Santo Domingo,Segundo Uso,215,Residencial,3,TRUE,TRUE,FALSE,TRUE,TRUE,FALSE,TRUE,FALSE,FALSE,210000
2022-01-24,/apartamentos-venta-evaristo-morales/1266142/,2,3.5,3,US$,175000000,Inmobiliaria Grupal,Evaristo Morales, Santo Domingo Centro (D.N.), Santo Domingo,Segundo Uso,149,Residencial,2,TRUE,TRUE,FALSE,TRUE,FALSE,TRUE,FALSE,FALSE,FALSE,175000000
2022-01-24,/apartamentos-venta-evaristo-morales/1268259/,2,3.5,3,US$,265000,Premium Real Estate,Evaristo Morales, Santo Domingo Centro (D.N.), Santo Domingo,Segundo Uso,189,Residencial,8,FALSE,TRUE,FALSE,FALSE,FALSE,FALSE,FALSE,TRUE,TRUE,265000
2022-01-24,/apartamentos-venta-evaristo-morales/1254347/,2,2.5,2,US$,208800,Seekers Inmobiliaria,Evaristo Morales, Santo Domingo Centro (D.N.), Santo Domingo,En Construcción,124,Residencial,NA,TRUE,TRUE,TRUE,TRUE,TRUE,TRUE,TRUE,TRUE,TRUE,208800
2022-01-24,/apartamentos-venta-evaristo-morales/1261125/,2,2.5,2,US$,155000,CityMax Santo Domingo,Evaristo Morales, Santo Domingo Centro (D.N.), Santo Domingo,Nueva,85,Residencial,NA,TRUE,TRUE,FALSE,FALSE,FALSE,FALSE,TRUE,TRUE,TRUE,155000
2022-01-24,/apartamentos-venta-evaristo-morales/1253231/,2,2.5,3,US$,295000,CityMax Santo Domingo,Evaristo Morales, Santo Domingo Centro (D.N.), Santo Domingo,Nueva,150,Residencial,2,TRUE,TRUE,TRUE,FALSE,FALSE,TRUE,TRUE,FALSE,TRUE,295000
2022-01-24,/apartamentos-venta-evaristo-morales/1253288/,2,2,3,US$,225000,CityMax Santo Domingo,Evaristo Morales, Santo Domingo Centro (D.N.), Santo Domingo,Remodelada,138,Residencial,9,TRUE,TRUE,FALSE,FALSE,FALSE,FALSE,TRUE,FALSE,TRUE,225000
2022-01-24,/apartamentos-venta-evaristo-morales/1260440/,2,3.5,3,US$,250000,Remax Plus,Evaristo Morales, Santo Domingo Centro (D.N.), Santo Domingo,Segundo Uso,206,Residencial,5,TRUE,TRUE,FALSE,TRUE,FALSE,TRUE,TRUE,TRUE,TRUE,250000
2022-01-24,/apartamentos-venta-evaristo-morales/1268228/,1,2.5,2,US$,164000,Víctor García Asesor Inmobiliario,Evaristo Morales, Santo Domingo Centro (D.N.), Santo Domingo,En Planos,NA,Residencial,NA,FALSE,TRUE,FALSE,TRUE,FALSE,TRUE,TRUE,TRUE,TRUE,164000
2022-01-24,/apartamentos-venta-evaristo-morales/1253812/,1,1.5,1,US$,127500,CityMax Santo Domingo,Evaristo Morales, Santo Domingo Centro (D.N.), Santo Domingo,En Construcción,65,Residencial,5,TRUE,TRUE,TRUE,FALSE,FALSE,TRUE,TRUE,FALSE,TRUE,127500
2022-01-24,/apartamentos-venta-evaristo-morales/1253235/,2,4.5,3,US$,170000,CityMax Santo Domingo,Evaristo Morales, Santo Domingo Centro (D.N.), Santo Domingo,Segundo Uso,212,Residencial,9,TRUE,TRUE,FALSE,TRUE,TRUE,TRUE,TRUE,FALSE,FALSE,170000
2022-01-24,/apartamentos-venta-evaristo-morales/1253809/,3,3.5,3,US$,265000,CityMax Santo Domingo,Evaristo Morales, Santo Domingo Centro (D.N.), Santo Domingo,Remodelada,150,Residencial,8,TRUE,TRUE,FALSE,FALSE,FALSE,TRUE,TRUE,TRUE,TRUE,265000
2022-01-24,/apartamentos-venta-evaristo-morales/1253410/,2,2.5,3,US$,251535,CityMax Santo Domingo,Evaristo Morales, Santo Domingo Centro (D.N.), Santo Domingo,Nueva,123,Residencial,5,TRUE,TRUE,TRUE,FALSE,TRUE,TRUE,TRUE,TRUE,TRUE,251535
2022-01-24,/apartamentos-venta-evaristo-morales/1267542/,2,2,2,US$,148500,Inmobiliaria Grupal,Evaristo Morales, Santo Domingo Centro (D.N.), Santo Domingo,Segundo Uso,147,Residencial,7,TRUE,TRUE,FALSE,TRUE,FALSE,TRUE,FALSE,FALSE,FALSE,148500
2022-01-24,/apartamentos-venta-evaristo-morales/1267206/,2,3.5,3,US$,170000,Inmobiliaria Grupal,Evaristo Morales, Santo Domingo Centro (D.N.), Santo Domingo,Segundo Uso,149,Residencial,2,FALSE,TRUE,FALSE,FALSE,FALSE,TRUE,FALSE,FALSE,FALSE,170000
2022-01-24,/apartamentos-venta-evaristo-morales/1266171/,2,3.5,3,US$,175000,Inmobiliaria Grupal,Evaristo Morales, Santo Domingo Centro (D.N.), Santo Domingo,Segundo Uso,149,Residencial,2,TRUE,TRUE,FALSE,TRUE,TRUE,TRUE,FALSE,FALSE,FALSE,175000
2022-01-24,/apartamentos-venta-evaristo-morales/1265754/,2,3.5,3,US$,199000,Inmobiliaria Grupal,Evaristo Morales, Santo Domingo Centro (D.N.), Santo Domingo,Nueva,212,Residencial,6,TRUE,TRUE,FALSE,FALSE,FALSE,TRUE,FALSE,FALSE,FALSE,199000
2022-01-24,/apartamentos-venta-evaristo-morales/1251285/,1,1.5,1,US$,106000,Inmobiliaria Grupal,Evaristo Morales, Santo Domingo Centro (D.N.), Santo Domingo,En Construcción,NA,Residencial,2,TRUE,TRUE,FALSE,FALSE,TRUE,FALSE,TRUE,FALSE,FALSE,106000
2022-01-24,/apartamentos-venta-evaristo-morales/1250998/,2,2.5,3,US$,215000,Inmobiliaria Grupal,Evaristo Morales, Santo Domingo Centro (D.N.), Santo Domingo,Nueva,121,Residencial,8,TRUE,TRUE,TRUE,TRUE,FALSE,TRUE,TRUE,FALSE,TRUE,215000
2022-01-24,/apartamentos-venta-evaristo-morales/1267118/,2,2.5,2,US$,176400,Habitame Inmobiliaria,Evaristo Morales, Santo Domingo Centro (D.N.), Santo Domingo,En Planos,98,Residencial,NA,FALSE,FALSE,FALSE,FALSE,FALSE,FALSE,FALSE,FALSE,FALSE,176400
2022-01-24,/apartamentos-venta-evaristo-morales/1229596/,1,1.5,1,US$,112000,Algonovo Real Estate,Evaristo Morales, Santo Domingo Centro (D.N.), Santo Domingo,En Planos,78,Residencial,NA,TRUE,TRUE,FALSE,FALSE,FALSE,TRUE,TRUE,FALSE,TRUE,112000
2022-01-24,/apartamentos-venta-evaristo-morales/1267021/,1,1.5,1,US$,98800,Algonovo Real Estate,Evaristo Morales, Santo Domingo Centro (D.N.), Santo Domingo,En Planos,52,Residencial,NA,TRUE,TRUE,TRUE,FALSE,FALSE,TRUE,TRUE,FALSE,TRUE,98800
2022-01-24,/apartamentos-venta-evaristo-morales/1267023/,2,2.5,2,US$,176800,Algonovo Real Estate,Evaristo Morales, Santo Domingo Centro (D.N.), Santo Domingo,En Planos,98,Residencial,NA,TRUE,TRUE,TRUE,FALSE,TRUE,TRUE,TRUE,FALSE,TRUE,176800
2022-01-24,/apartamentos-venta-evaristo-morales/1239708/,1,1.5,1,US$,118000,Algonovo Real Estate,Evaristo Morales, Santo Domingo Centro (D.N.), Santo Domingo,En Planos,53,Residencial,NA,TRUE,TRUE,FALSE,FALSE,FALSE,TRUE,FALSE,FALSE,TRUE,118000
2022-01-24,/apartamentos-venta-evaristo-morales/1255495/,2,2.5,2,US$,178000,Algonovo Real Estate,Evaristo Morales, Santo Domingo Centro (D.N.), Santo Domingo,Nueva,120,Residencial,3,TRUE,TRUE,FALSE,FALSE,TRUE,TRUE,TRUE,FALSE,TRUE,178000
2022-01-24,/apartamentos-venta-evaristo-morales/1246518/,1,1.5,1,US$,118000,Domus Mea Caribe Inmobiliaria,Evaristo Morales, Santo Domingo Centro (D.N.), Santo Domingo,En Construcción,53,Residencial,NA,TRUE,FALSE,FALSE,FALSE,TRUE,TRUE,FALSE,FALSE,TRUE,118000
2022-01-24,/apartamentos-venta-evaristo-morales/1247797/,1,1.5,1,US$,130000,Domus Mea Caribe Inmobiliaria,Evaristo Morales, Santo Domingo Centro (D.N.), Santo Domingo,En Construcción,60,Residencial,NA,TRUE,TRUE,FALSE,FALSE,FALSE,TRUE,TRUE,FALSE,TRUE,130000
2022-01-24,/apartamentos-venta-evaristo-morales/1267787/,2,2.5,3,US$,250500,Inmobiliaria Grupal,Evaristo Morales, Santo Domingo Centro (D.N.), Santo Domingo,En Construcción,134,Residencial,NA,TRUE,TRUE,TRUE,TRUE,TRUE,TRUE,TRUE,FALSE,TRUE,250500
2022-01-24,/apartamentos-venta-evaristo-morales/1267770/,1,1.5,1,US$,93000,Inmobiliaria Grupal,Evaristo Morales, Santo Domingo Centro (D.N.), Santo Domingo,En Construcción,48,Residencial,NA,TRUE,TRUE,TRUE,FALSE,FALSE,TRUE,TRUE,FALSE,TRUE,93000
2022-01-24,/apartamentos-venta-evaristo-morales/1263801/,4,3.5,3,US$,335,Inmobiliaria Grupal,Evaristo Morales, Santo Domingo Centro (D.N.), Santo Domingo,Segundo Uso,290,Residencial,5,TRUE,TRUE,FALSE,TRUE,FALSE,TRUE,FALSE,FALSE,FALSE,335
2022-01-24,/apartamentos-venta-evaristo-morales/1267889/,3,3.5,3,US$,210000,Inmobiliaria Grupal,Evaristo Morales, Santo Domingo Centro (D.N.), Santo Domingo,Remodelada,215,Residencial,3,TRUE,TRUE,FALSE,TRUE,FALSE,TRUE,TRUE,FALSE,FALSE,210000
2022-01-24,/apartamentos-venta-evaristo-morales/1266143/,2,3.5,3,US$,190000,Inmobiliaria Grupal,Evaristo Morales, Santo Domingo Centro (D.N.), Santo Domingo,Segundo Uso,196,Residencial,3,TRUE,TRUE,FALSE,TRUE,TRUE,TRUE,TRUE,FALSE,FALSE,190000
2022-01-24,/apartamentos-venta-evaristo-morales/1266139/,2,3.5,3,US$,170000,Inmobiliaria Grupal,Evaristo Morales, Santo Domingo Centro (D.N.), Santo Domingo,Segundo Uso,173,Residencial,2,TRUE,TRUE,FALSE,TRUE,TRUE,FALSE,FALSE,FALSE,FALSE,170000
2022-01-24,/apartamentos-venta-evaristo-morales/1253503/,2,3.5,3,US$,199900,Inmobiliaria Grupal,Evaristo Morales, Santo Domingo Centro (D.N.), Santo Domingo,Segundo Uso,190,Residencial,5,TRUE,TRUE,FALSE,TRUE,TRUE,TRUE,TRUE,FALSE,TRUE,199900
2022-01-24,/apartamentos-venta-evaristo-morales/1246260/,2,2.5,2,US$,166000,Inmobiliaria Grupal,Evaristo Morales, Santo Domingo Centro (D.N.), Santo Domingo,En Construcción,130,Residencial,3,TRUE,TRUE,FALSE,TRUE,TRUE,TRUE,TRUE,FALSE,TRUE,166000
2022-01-24,/apartamentos-venta-evaristo-morales/1261492/,2,2.5,2,US$,170000,Dreamhome Real Estate,Evaristo Morales, Santo Domingo Centro (D.N.), Santo Domingo,Segundo Uso,120,Residencial,4,TRUE,TRUE,FALSE,FALSE,TRUE,TRUE,TRUE,FALSE,TRUE,170000
2022-01-24,/apartamentos-venta-evaristo-morales/1259755/,2,3.5,3,US$,180000,FELIX CRUZ BROKERS SRL,Evaristo Morales, Santo Domingo Centro (D.N.), Santo Domingo,Segundo Uso,160,Residencial,NA,FALSE,FALSE,FALSE,FALSE,FALSE,FALSE,TRUE,FALSE,FALSE,180000
2022-01-24,/apartamentos-venta-evaristo-morales/1259643/,2,2.5,3,US$,218000,FELIX CRUZ BROKERS SRL,Evaristo Morales, Santo Domingo Centro (D.N.), Santo Domingo,Nueva,122,Residencial,NA,TRUE,TRUE,TRUE,FALSE,FALSE,FALSE,TRUE,FALSE,TRUE,218000
2022-01-24,/apartamentos-venta-evaristo-morales/1267350/,2,3,3,US$,240000,FELIX CRUZ BROKERS SRL,Evaristo Morales, Santo Domingo Centro (D.N.), Santo Domingo,Segundo Uso,240,Residencial,NA,FALSE,FALSE,FALSE,FALSE,FALSE,FALSE,TRUE,FALSE,FALSE,240000
2022-01-24,/apartamentos-venta-evaristo-morales/1267358/,1,1.5,1,US$,115500,Víctor García Asesor Inmobiliario,Evaristo Morales, Santo Domingo Centro (D.N.), Santo Domingo,En Planos,50,Residencial,2,TRUE,TRUE,FALSE,TRUE,FALSE,TRUE,TRUE,TRUE,TRUE,115500
2022-01-24,/apartamentos-venta-evaristo-morales/1249253/,2,4.5,3,US$,245000,DARAD Real Estate RD,Evaristo Morales, Santo Domingo Centro (D.N.), Santo Domingo,En Construcción,NA,Residencial,NA,TRUE,TRUE,TRUE,TRUE,TRUE,TRUE,TRUE,TRUE,TRUE,245000
2022-01-24,/apartamentos-venta-evaristo-morales/1267894/,2,3.5,2,US$,165000,DARAD Real Estate RD,Evaristo Morales, Santo Domingo Centro (D.N.), Santo Domingo,En Construcción,NA,Residencial,NA,TRUE,TRUE,TRUE,TRUE,TRUE,TRUE,TRUE,TRUE,TRUE,165000
2022-01-24,/apartamentos-venta-evaristo-morales/1267609/,2,3.5,3,US$,234500,DARAD Real Estate RD,Evaristo Morales, Santo Domingo Centro (D.N.), Santo Domingo,En Construcción,134,Residencial,NA,TRUE,TRUE,TRUE,TRUE,TRUE,TRUE,TRUE,FALSE,TRUE,234500
2022-01-24,/apartamentos-venta-evaristo-morales/1267615/,1,1.5,1,US$,125500,DARAD Real Estate RD,Evaristo Morales, Santo Domingo Centro (D.N.), Santo Domingo,En Planos,65,Residencial,NA,TRUE,TRUE,TRUE,TRUE,TRUE,TRUE,TRUE,FALSE,TRUE,125500
2022-01-24,/apartamentos-venta-evaristo-morales/1266283/,2,3.5,3,US$,178500,Time Homes Inmobiliaria,Evaristo Morales, Santo Domingo Centro (D.N.), Santo Domingo,Nueva,162,Residencial,3,TRUE,TRUE,FALSE,TRUE,FALSE,FALSE,TRUE,FALSE,FALSE,178500
2022-01-24,/apartamentos-venta-evaristo-morales/1249654/,2,3.5,2,US$,185000,DARAD Real Estate RD,Evaristo Morales, Santo Domingo Centro (D.N.), Santo Domingo,En Construcción,130,Residencial,NA,TRUE,TRUE,FALSE,TRUE,TRUE,TRUE,TRUE,FALSE,TRUE,185000
2022-01-24,/apartamentos-venta-evaristo-morales/1266180/,NA,NA,NA,US$,175000,Inmobiliaria Grupal,Evaristo Morales, Santo Domingo Centro (D.N.), Santo Domingo,Segundo Uso,NA,Residencial,NA,FALSE,FALSE,FALSE,FALSE,FALSE,FALSE,FALSE,FALSE,FALSE,175000
2022-01-24,/apartamentos-venta-evaristo-morales/1262360/,2,2,3,RD$,7500000,Kaza Inmobiliaria,Evaristo Morales, Santo Domingo Centro (D.N.), Santo Domingo,Segundo Uso,150,Residencial,2,TRUE,FALSE,FALSE,FALSE,FALSE,FALSE,TRUE,FALSE,FALSE,128205.1282051282
2022-01-24,/apartamentos-venta-evaristo-morales/1228405/,NA,3.5,3,US$,202290,Mr. Home Asesores Inmobiliarios,Evaristo Morales, Santo Domingo Centro (D.N.), Santo Domingo,NA,NA,Residencial,NA,TRUE,FALSE,FALSE,FALSE,TRUE,FALSE,TRUE,TRUE,TRUE,202290
2022-01-24,/apartamentos-venta-evaristo-morales/1242458/,2,2.5,2,US$,176200,Bonillamultiservice,Evaristo Morales, Santo Domingo Centro (D.N.), Santo Domingo,Nueva,105,Residencial,NA,FALSE,TRUE,FALSE,FALSE,TRUE,TRUE,TRUE,FALSE,TRUE,176200
2022-01-24,/apartamentos-venta-evaristo-morales/1261886/,1,1.5,1,US$,119060,Bonillamultiservice,Evaristo Morales, Santo Domingo Centro (D.N.), Santo Domingo,En Planos,63,Residencial,NA,FALSE,TRUE,FALSE,FALSE,TRUE,FALSE,TRUE,FALSE,FALSE,119060
2022-01-24,/apartamentos-venta-evaristo-morales/1240509/,1,1.5,2,US$,130800,Plusval Venta Directa,Evaristo Morales, Santo Domingo Centro (D.N.), Santo Domingo,En Planos,82,Residencial,NA,TRUE,TRUE,FALSE,FALSE,FALSE,TRUE,FALSE,FALSE,TRUE,130800
2022-01-24,/apartamentos-venta-evaristo-morales/1240508/,1,1.5,1,US$,106500,Plusval Venta Directa,Evaristo Morales, Santo Domingo Centro (D.N.), Santo Domingo,En Planos,57,Residencial,NA,TRUE,TRUE,FALSE,FALSE,FALSE,TRUE,FALSE,FALSE,TRUE,106500
2022-01-24,/apartamentos-venta-evaristo-morales/1247119/,2,3.5,3,US$,230000,BAEZ MUESES INMOBILIARIA,Evaristo Morales, Santo Domingo Centro (D.N.), Santo Domingo,Segundo Uso,190,Residencial,3,TRUE,TRUE,FALSE,TRUE,FALSE,TRUE,FALSE,FALSE,TRUE,230000
2022-01-24,/apartamentos-venta-evaristo-morales/1253052/,2,2.5,2,US$,175900,Algonovo Real Estate,Evaristo Morales, Santo Domingo Centro (D.N.), Santo Domingo,Nueva,120,Residencial,NA,FALSE,TRUE,FALSE,FALSE,TRUE,FALSE,TRUE,TRUE,FALSE,175900
2022-01-24,/apartamentos-venta-evaristo-morales/1253707/,1,1.5,1,US$,96000,Algonovo Real Estate,Evaristo Morales, Santo Domingo Centro (D.N.), Santo Domingo,En Construcción,72,Residencial,NA,FALSE,FALSE,FALSE,FALSE,FALSE,FALSE,FALSE,FALSE,TRUE,96000
2022-01-24,/apartamentos-venta-evaristo-morales/1254723/,2,2,3,US$,189000,Mr. Home Asesores Inmobiliarios,Evaristo Morales, Santo Domingo Centro (D.N.), Santo Domingo,NA,150,Residencial,NA,FALSE,FALSE,FALSE,FALSE,TRUE,FALSE,FALSE,FALSE,FALSE,189000
2022-01-24,/apartamentos-venta-evaristo-morales/1254356/,2,2,2,US$,208800,Seekers Inmobiliaria,Evaristo Morales, Santo Domingo Centro (D.N.), Santo Domingo,En Construcción,124,Residencial,NA,TRUE,TRUE,TRUE,FALSE,TRUE,TRUE,TRUE,TRUE,TRUE,208800
2022-01-24,/apartamentos-venta-evaristo-morales/1237039/,3,3,3,US$,230000,Mr. Home Asesores Inmobiliarios,Evaristo Morales, Santo Domingo Centro (D.N.), Santo Domingo,NA,175,Residencial,NA,FALSE,FALSE,FALSE,FALSE,TRUE,FALSE,FALSE,FALSE,TRUE,230000
2022-01-24,/apartamentos-venta-evaristo-morales/1229243/,NA,3.5,3,US$,202290,Mr. Home Asesores Inmobiliarios,Evaristo Morales, Santo Domingo Centro (D.N.), Santo Domingo,NA,NA,Residencial,NA,TRUE,FALSE,FALSE,FALSE,TRUE,FALSE,TRUE,TRUE,TRUE,202290
2022-01-24,/apartamentos-venta-evaristo-morales/1229934/,1,1.5,1,US$,103250,Mr. Home Asesores Inmobiliarios,Evaristo Morales, Santo Domingo Centro (D.N.), Santo Domingo,En Construcción,70,Residencial,NA,FALSE,TRUE,TRUE,FALSE,TRUE,TRUE,TRUE,TRUE,TRUE,103250
2022-01-24,/apartamentos-venta-evaristo-morales/1265858/,2,3.5,3,US$,220000,Mr. Home Asesores Inmobiliarios,Evaristo Morales, Santo Domingo Centro (D.N.), Santo Domingo,NA,150,Residencial,NA,FALSE,FALSE,TRUE,FALSE,FALSE,FALSE,TRUE,FALSE,TRUE,220000
2022-01-24,/apartamentos-venta-evaristo-morales/1261331/,2,2.5,3,US$,155000,Mr. Home Asesores Inmobiliarios,Evaristo Morales, Santo Domingo Centro (D.N.), Santo Domingo,NA,167,Residencial,NA,FALSE,FALSE,FALSE,FALSE,FALSE,FALSE,FALSE,FALSE,FALSE,155000
2022-01-24,/apartamentos-venta-evaristo-morales/1232496/,2,3.5,4,US$,230000,Mr. Home Asesores Inmobiliarios,Evaristo Morales, Santo Domingo Centro (D.N.), Santo Domingo,NA,211,Residencial,NA,FALSE,FALSE,FALSE,FALSE,FALSE,FALSE,FALSE,FALSE,FALSE,230000
2022-01-24,/apartamentos-venta-evaristo-morales/1252550/,2,2.5,2,US$,198500,Mr. Home Asesores Inmobiliarios,Evaristo Morales, Santo Domingo Centro (D.N.), Santo Domingo,Nueva,NA,Residencial,NA,TRUE,FALSE,FALSE,FALSE,FALSE,FALSE,FALSE,FALSE,TRUE,198500
2022-01-24,/apartamentos-venta-evaristo-morales/1243044/,NA,NA,NA,US$,217350,Seekers Inmobiliaria,Evaristo Morales, Santo Domingo Centro (D.N.), Santo Domingo,En Construcción,NA,Residencial,NA,TRUE,TRUE,FALSE,FALSE,FALSE,TRUE,FALSE,FALSE,FALSE,217350
2022-01-24,/apartamentos-venta-evaristo-morales/1258895/,2,2,2,US$,208800,Seekers Inmobiliaria,Evaristo Morales, Santo Domingo Centro (D.N.), Santo Domingo,En Construcción,NA,Residencial,NA,TRUE,TRUE,TRUE,TRUE,TRUE,TRUE,FALSE,TRUE,TRUE,208800
2022-01-24,/apartamentos-venta-evaristo-morales/1264379/,3,3.5,3,US$,225000,Mr. Home Asesores Inmobiliarios,Evaristo Morales, Santo Domingo Centro (D.N.), Santo Domingo,NA,160,Residencial,NA,TRUE,TRUE,FALSE,FALSE,TRUE,TRUE,TRUE,FALSE,TRUE,225000
2022-01-24,/apartamentos-venta-evaristo-morales/1234831/,2,2.5,3,US$,185000,Mr. Home Asesores Inmobiliarios,Evaristo Morales, Santo Domingo Centro (D.N.), Santo Domingo,NA,170,Residencial,NA,FALSE,FALSE,FALSE,FALSE,FALSE,FALSE,TRUE,FALSE,FALSE,185000
2022-01-24,/apartamentos-venta-evaristo-morales/1230825/,2,2.5,2,US$,168750,Mr. Home Asesores Inmobiliarios,Evaristo Morales, Santo Domingo Centro (D.N.), Santo Domingo,En Construcción,125,Residencial,NA,TRUE,TRUE,TRUE,FALSE,TRUE,TRUE,TRUE,TRUE,TRUE,168750
2022-01-24,/apartamentos-venta-evaristo-morales/1268025/,3,4,3,US$,390000,Ginebra Realty Group,Evaristo Morales, Santo Domingo Centro (D.N.), Santo Domingo,Segundo Uso,276,Residencial,NA,FALSE,FALSE,FALSE,FALSE,FALSE,FALSE,FALSE,FALSE,FALSE,390000
2022-01-24,/apartamentos-venta-evaristo-morales/1253275/,2,2.5,3,US$,295000,CityMax Santo Domingo,Evaristo Morales, Santo Domingo Centro (D.N.), Santo Domingo,Nueva,161,Residencial,2,TRUE,TRUE,FALSE,FALSE,FALSE,TRUE,TRUE,FALSE,TRUE,295000
2022-01-24,/apartamentos-venta-evaristo-morales/1263515/,2,2.5,3,US$,248820,CityMax Santo Domingo,Evaristo Morales, Santo Domingo Centro (D.N.), Santo Domingo,Nueva,121,Residencial,5,TRUE,TRUE,TRUE,FALSE,FALSE,TRUE,TRUE,FALSE,TRUE,248820
2022-01-24,/apartamentos-venta-evaristo-morales/1265522/,1,1.5,1,US$,107100,Habitame Inmobiliaria,Evaristo Morales, Santo Domingo Centro (D.N.), Santo Domingo,En Construcción,63,Residencial,NA,TRUE,TRUE,FALSE,FALSE,TRUE,TRUE,FALSE,FALSE,TRUE,107100
2022-01-24,/apartamentos-venta-evaristo-morales/1257915/,2,3.5,3,US$,290000,Hogarium Real Estate,Evaristo Morales, Santo Domingo Centro (D.N.), Santo Domingo,Segundo Uso,243,Residencial,8,FALSE,TRUE,FALSE,FALSE,FALSE,TRUE,TRUE,FALSE,FALSE,290000
2022-01-24,/apartamentos-venta-evaristo-morales/1266946/,2,1.5,1,US$,91200,Inmobiliaria Grupal,Evaristo Morales, Santo Domingo Centro (D.N.), Santo Domingo,En Planos,NA,Residencial,5,TRUE,TRUE,TRUE,TRUE,TRUE,TRUE,TRUE,TRUE,TRUE,91200
2022-01-24,/apartamentos-venta-evaristo-morales/1267892/,2,3.5,3,US$,179814,Megacasa RD,Evaristo Morales, Santo Domingo Centro (D.N.), Santo Domingo,Nueva,139,Residencial,NA,TRUE,FALSE,FALSE,FALSE,TRUE,TRUE,TRUE,FALSE,TRUE,179814
2022-01-24,/apartamentos-venta-evaristo-morales/1257942/,2,2.5,2,US$,140531,Ginebra Realty Group,Evaristo Morales, Santo Domingo Centro (D.N.), Santo Domingo,Nueva,111,Residencial,NA,TRUE,TRUE,FALSE,FALSE,FALSE,FALSE,TRUE,TRUE,TRUE,140531
2022-01-24,/apartamentos-venta-y-alquiler-evaristo-morales/1266313/,2,3.5,3,US$,175000,Ginebra Realty Group,Evaristo Morales, Santo Domingo Centro (D.N.), Santo Domingo,Segundo Uso,143,Residencial,NA,TRUE,TRUE,FALSE,FALSE,FALSE,TRUE,FALSE,FALSE,FALSE,175000
2022-01-24,/apartamentos-venta-evaristo-morales/1261882/,2,3,3,US$,216000,Ginebra Realty Group,Evaristo Morales, Santo Domingo Centro (D.N.), Santo Domingo,Nueva,150,Residencial,3,TRUE,TRUE,TRUE,FALSE,FALSE,TRUE,TRUE,FALSE,TRUE,216000
2022-01-24,/apartamentos-venta-evaristo-morales/1266310/,1,1.5,1,US$,130000,Ginebra Realty Group,Evaristo Morales, Santo Domingo Centro (D.N.), Santo Domingo,Nueva,60,Residencial,NA,TRUE,TRUE,FALSE,FALSE,FALSE,FALSE,TRUE,TRUE,TRUE,130000
2022-01-24,/apartamentos-venta-evaristo-morales/1257939/,2,3.5,3,US$,186273,Ginebra Realty Group,Evaristo Morales, Santo Domingo Centro (D.N.), Santo Domingo,Nueva,139,Residencial,NA,TRUE,TRUE,FALSE,TRUE,FALSE,TRUE,TRUE,TRUE,TRUE,186273
2022-01-24,/apartamentos-venta-evaristo-morales/1267072/,1,1,1,US$,129000,Ginebra Realty Group,Evaristo Morales, Santo Domingo Centro (D.N.), Santo Domingo,En Construcción,60,Residencial,NA,TRUE,TRUE,FALSE,FALSE,FALSE,FALSE,FALSE,FALSE,TRUE,129000
2022-01-24,/apartamentos-venta-evaristo-morales/1267106/,NA,1.5,1,US$,98800,Habitame Inmobiliaria,Evaristo Morales, Santo Domingo Centro (D.N.), Santo Domingo,En Planos,52,Residencial,NA,FALSE,FALSE,FALSE,FALSE,FALSE,FALSE,FALSE,FALSE,FALSE,98800
2022-01-24,/apartamentos-venta-evaristo-morales/1264641/,NA,1.5,1,US$,119060,Habitame Inmobiliaria,Evaristo Morales, Santo Domingo Centro (D.N.), Santo Domingo,En Construcción,65,Residencial,5,FALSE,FALSE,FALSE,FALSE,TRUE,TRUE,FALSE,FALSE,TRUE,119060
2022-01-24,/apartamentos-venta-evaristo-morales/1264643/,1,1.5,1,US$,127000,Habitame Inmobiliaria,Evaristo Morales, Santo Domingo Centro (D.N.), Santo Domingo,En Construcción,73,Residencial,2,TRUE,TRUE,FALSE,FALSE,TRUE,TRUE,TRUE,FALSE,FALSE,127000
2022-01-24,/apartamentos-venta-evaristo-morales/1264644/,2,2.5,2,US$,185000,Habitame Inmobiliaria,Evaristo Morales, Santo Domingo Centro (D.N.), Santo Domingo,En Construcción,130,Residencial,NA,TRUE,TRUE,FALSE,FALSE,FALSE,TRUE,TRUE,FALSE,FALSE,185000
2022-01-24,/apartamentos-venta-evaristo-morales/1266276/,2,3.5,3,US$,211000,Remax Blu,Evaristo Morales, Santo Domingo Centro (D.N.), Santo Domingo,Nueva,150,Residencial,5,TRUE,TRUE,TRUE,FALSE,FALSE,FALSE,TRUE,FALSE,TRUE,211000
2022-01-24,/apartamentos-venta-evaristo-morales/1054805/,2,3.5,3,US$,167200,Time Homes Inmobiliaria,Evaristo Morales, Santo Domingo Centro (D.N.), Santo Domingo,Nueva,152,Residencial,5,TRUE,TRUE,FALSE,TRUE,FALSE,TRUE,TRUE,FALSE,FALSE,167200
2022-01-24,/apartamentos-venta-evaristo-morales/1258286/,1,1.5,1,US$,127000,Tropical Living,Evaristo Morales, Santo Domingo Centro (D.N.), Santo Domingo,En Construcción,73,Residencial,NA,TRUE,TRUE,FALSE,FALSE,TRUE,FALSE,TRUE,FALSE,TRUE,127000
2022-01-24,/apartamentos-venta-evaristo-morales/1258290/,1,1.5,1,US$,119600,Tropical Living,Evaristo Morales, Santo Domingo Centro (D.N.), Santo Domingo,En Construcción,65,Residencial,NA,FALSE,TRUE,FALSE,FALSE,TRUE,FALSE,FALSE,FALSE,TRUE,119600
2022-01-24,/apartamentos-venta-evaristo-morales/1246195/,1,1,NA,US$,155000,Time Homes Inmobiliaria,Evaristo Morales, Santo Domingo Centro (D.N.), Santo Domingo,Remodelada,81,Comercial,4,TRUE,TRUE,FALSE,FALSE,FALSE,TRUE,FALSE,FALSE,FALSE,155000
2022-01-24,/apartamentos-venta-evaristo-morales/1267243/,2,2.5,2,US$,145000,Tropical Living,Evaristo Morales, Santo Domingo Centro (D.N.), Santo Domingo,Segundo Uso,132,Residencial,NA,TRUE,TRUE,FALSE,FALSE,FALSE,FALSE,FALSE,FALSE,FALSE,145000
2022-01-24,/apartamentos-venta-evaristo-morales/1257578/,3,3.5,3,US$,190000,Tropical Living,Evaristo Morales, Santo Domingo Centro (D.N.), Santo Domingo,Segundo Uso,214,Residencial,7,TRUE,FALSE,FALSE,FALSE,TRUE,FALSE,TRUE,FALSE,FALSE,190000
2022-01-24,/apartamentos-venta-evaristo-morales/1266288/,2,3,3,US$,211000000,Inmobiliaria Grupal,Evaristo Morales, Santo Domingo Centro (D.N.), Santo Domingo,Nueva,150,Residencial,NA,TRUE,TRUE,TRUE,TRUE,FALSE,TRUE,TRUE,FALSE,TRUE,211000000
2022-01-24,/apartamentos-venta-evaristo-morales/1266836/,1,1.5,1,US$,129500,Inmobiliaria Hazim Rodriguez,Evaristo Morales, Santo Domingo Centro (D.N.), Santo Domingo,En Construcción,56,Residencial,3,TRUE,TRUE,FALSE,TRUE,TRUE,TRUE,TRUE,TRUE,FALSE,129500
2022-01-24,/apartamentos-venta-evaristo-morales/1267725/,NA,1.5,1,US$,125500,Grupo Nin Inmobiliario,Evaristo Morales, Santo Domingo Centro (D.N.), Santo Domingo,En Construcción,65,Residencial,NA,FALSE,FALSE,TRUE,FALSE,TRUE,TRUE,FALSE,FALSE,FALSE,125500
2022-01-24,/apartamentos-venta-evaristo-morales/1267549/,1,1.5,1,US$,125500,Home Master SRL,Evaristo Morales, Santo Domingo Centro (D.N.), Santo Domingo,En Construcción,52,Residencial,4,TRUE,TRUE,TRUE,TRUE,TRUE,TRUE,TRUE,FALSE,TRUE,125500
2022-01-24,/apartamentos-venta-evaristo-morales/1258438/,2,2.5,2,US$,218000,Ginebra Realty Group,Evaristo Morales, Santo Domingo Centro (D.N.), Santo Domingo,Nueva,141,Residencial,9,TRUE,TRUE,FALSE,FALSE,TRUE,TRUE,TRUE,TRUE,TRUE,218000
2022-01-24,/apartamentos-venta-evaristo-morales/1266309/,2,2.5,3,US$,175000,Ginebra Realty Group,Evaristo Morales, Santo Domingo Centro (D.N.), Santo Domingo,Segundo Uso,171,Residencial,2,TRUE,TRUE,FALSE,FALSE,FALSE,TRUE,FALSE,FALSE,FALSE,175000
2022-01-24,/apartamentos-venta-evaristo-morales/1264958/,2,2.5,3,US$,160000,Premier Real Estate,Evaristo Morales, Santo Domingo Centro (D.N.), Santo Domingo,Segundo Uso,161,Residencial,7,FALSE,TRUE,FALSE,FALSE,FALSE,FALSE,TRUE,FALSE,FALSE,160000
2022-01-24,/apartamentos-venta-evaristo-morales/1254241/,2,2,2,US$,266800,CityMax Santo Domingo,Evaristo Morales, Santo Domingo Centro (D.N.), Santo Domingo,En Construcción,116,Residencial,7,FALSE,FALSE,FALSE,FALSE,FALSE,FALSE,FALSE,FALSE,FALSE,266800
2022-01-24,/apartamentos-venta-evaristo-morales/1267567/,2,3.5,3,US$,185000,Time Homes Inmobiliaria,Evaristo Morales, Santo Domingo Centro (D.N.), Santo Domingo,Segundo Uso,170,Residencial,4,TRUE,TRUE,FALSE,TRUE,FALSE,TRUE,TRUE,FALSE,FALSE,185000
2022-01-24,/apartamentos-venta-evaristo-morales/1267551/,2,2.5,3,US$,234500,Home Master SRL,Evaristo Morales, Santo Domingo Centro (D.N.), Santo Domingo,En Construcción,134,Residencial,3,TRUE,TRUE,TRUE,TRUE,TRUE,TRUE,TRUE,FALSE,TRUE,234500
2022-01-24,/apartamentos-venta-evaristo-morales/1267550/,2,2.5,2,US$,178400,Home Master SRL,Evaristo Morales, Santo Domingo Centro (D.N.), Santo Domingo,En Construcción,98,Residencial,4,TRUE,TRUE,TRUE,TRUE,TRUE,TRUE,TRUE,FALSE,TRUE,178400
2022-01-24,/apartamentos-venta-evaristo-morales/1267530/,1,1.5,1,US$,100800,Seekers Inmobiliaria,Evaristo Morales, Santo Domingo Centro (D.N.), Santo Domingo,En Construcción,52,Residencial,4,FALSE,TRUE,FALSE,TRUE,FALSE,TRUE,FALSE,FALSE,FALSE,100800
2022-01-24,/apartamentos-venta-evaristo-morales/1267119/,1,1.5,1,US$,117800,Habitame Inmobiliaria,Evaristo Morales, Santo Domingo Centro (D.N.), Santo Domingo,En Planos,62,Residencial,NA,FALSE,FALSE,TRUE,FALSE,FALSE,TRUE,FALSE,FALSE,FALSE,117800
2022-01-24,/apartamentos-venta-evaristo-morales/1267347/,3,NA,3,US$,198000,Probrokers Inmobiliaria Inprob S.R.L,Evaristo Morales, Santo Domingo Centro (D.N.), Santo Domingo,Segundo Uso,230,Residencial,4,TRUE,TRUE,FALSE,FALSE,FALSE,TRUE,TRUE,FALSE,FALSE,198000
2022-01-24,/apartamentos-venta-evaristo-morales/1267336/,2,2.5,2,US$,145000,Plusval Puente Azul,Evaristo Morales, Santo Domingo Centro (D.N.), Santo Domingo,Segundo Uso,125,Residencial,7,TRUE,FALSE,FALSE,FALSE,FALSE,FALSE,TRUE,FALSE,FALSE,145000
2022-01-24,/apartamentos-venta-evaristo-morales/1267335/,2,2.5,2,US$,175000,Ana  Rosario ,Evaristo Morales, Santo Domingo Centro (D.N.), Santo Domingo,Nueva,85,Residencial,2,TRUE,TRUE,FALSE,FALSE,TRUE,TRUE,TRUE,TRUE,TRUE,175000
2022-01-24,/apartamentos-venta-evaristo-morales/1267333/,1,1,1,US$,123500,Seekers Inmobiliaria,Evaristo Morales, Santo Domingo Centro (D.N.), Santo Domingo,En Construcción,65,Residencial,3,TRUE,TRUE,TRUE,FALSE,FALSE,TRUE,TRUE,FALSE,TRUE,123500
2022-01-24,/apartamentos-venta-evaristo-morales/1267329/,1,1,1,US$,117800,Seekers Inmobiliaria,Evaristo Morales, Santo Domingo Centro (D.N.), Santo Domingo,En Construcción,62,Residencial,3,TRUE,TRUE,TRUE,FALSE,FALSE,TRUE,TRUE,FALSE,TRUE,117800
2022-01-24,/apartamentos-venta-evaristo-morales/1257645/,2,3.5,3,US$,212000,Lucila Brito,Evaristo Morales, Santo Domingo Centro (D.N.), Santo Domingo,Nueva,156,Residencial,8,TRUE,TRUE,TRUE,TRUE,FALSE,TRUE,TRUE,TRUE,TRUE,212000
2022-01-24,/apartamentos-venta-evaristo-morales/1262892/,2,2.5,3,RD$,9300000,Remax Metropolitana,Evaristo Morales, Santo Domingo Centro (D.N.), Santo Domingo,Segundo Uso,214,Residencial,2,FALSE,TRUE,FALSE,FALSE,TRUE,FALSE,FALSE,FALSE,FALSE,158974.35897435897
2022-01-24,/apartamentos-venta-evaristo-morales/1267223/,3,3.5,3,US$,210000,Ginebra Realty Group,Evaristo Morales, Santo Domingo Centro (D.N.), Santo Domingo,Remodelada,215,Residencial,3,TRUE,TRUE,FALSE,FALSE,FALSE,TRUE,TRUE,FALSE,FALSE,210000
2022-01-24,/apartamentos-venta-evaristo-morales/1258573/,2,3.5,3,RD$,10000000,Megacasa RD,Evaristo Morales, Santo Domingo Centro (D.N.), Santo Domingo,Nueva,200,Residencial,8,TRUE,TRUE,FALSE,TRUE,TRUE,TRUE,FALSE,FALSE,FALSE,170940.17094017094
2022-01-24,/apartamentos-venta-evaristo-morales/1204647/,2,3.5,3,US$,213000,Paez Luxury Real Estate ,Evaristo Morales, Santo Domingo Centro (D.N.), Santo Domingo,Segundo Uso,220,Residencial,8,FALSE,FALSE,FALSE,FALSE,FALSE,FALSE,FALSE,FALSE,FALSE,213000
2022-01-24,/apartamentos-venta-evaristo-morales/1239987/,2,NA,3,US$,175000,Paez Luxury Real Estate ,Evaristo Morales, Santo Domingo Centro (D.N.), Santo Domingo,Segundo Uso,172,Residencial,3,FALSE,TRUE,FALSE,FALSE,FALSE,FALSE,TRUE,FALSE,FALSE,175000
2022-01-24,/apartamentos-venta-evaristo-morales/1261045/,2,2,3,US$,211092,Paez Luxury Real Estate ,Evaristo Morales, Santo Domingo Centro (D.N.), Santo Domingo,Nueva,150,Residencial,NA,TRUE,TRUE,TRUE,FALSE,FALSE,FALSE,TRUE,FALSE,TRUE,211092
2022-01-24,/apartamentos-venta-evaristo-morales/1242748/,2,2.5,2,US$,243600,Seekers Inmobiliaria,Evaristo Morales, Santo Domingo Centro (D.N.), Santo Domingo,En Construcción,116,Residencial,5,TRUE,TRUE,TRUE,FALSE,TRUE,TRUE,TRUE,TRUE,TRUE,243600
2022-01-24,/apartamentos-venta-evaristo-morales/1267006/,1,1.5,1,US$,150000,Ginebra Realty Group,Evaristo Morales, Santo Domingo Centro (D.N.), Santo Domingo,En Construcción,97,Comercial,7,FALSE,FALSE,FALSE,FALSE,FALSE,FALSE,FALSE,FALSE,FALSE,150000
2022-01-24,/apartamentos-venta-evaristo-morales/1253284/,2,2.5,2,RD$,190000,CityMax Santo Domingo,Evaristo Morales, Santo Domingo Centro (D.N.), Santo Domingo,En Construcción,105,Residencial,2,FALSE,FALSE,FALSE,FALSE,FALSE,FALSE,TRUE,FALSE,TRUE,3247.863247863248
2022-01-24,/apartamentos-venta-evaristo-morales/1265235/,1,2,2,US$,143775,Seekers Inmobiliaria,Evaristo Morales, Santo Domingo Centro (D.N.), Santo Domingo,En Construcción,81,Residencial,5,FALSE,TRUE,TRUE,FALSE,TRUE,FALSE,TRUE,FALSE,TRUE,143775
2022-01-24,/apartamentos-venta-evaristo-morales/1243689/,2,3.5,3,US$,186273,Seekers Inmobiliaria,Evaristo Morales, Santo Domingo Centro (D.N.), Santo Domingo,En Construcción,139,Residencial,8,TRUE,TRUE,FALSE,TRUE,FALSE,TRUE,TRUE,FALSE,TRUE,186273
2022-01-24,/apartamentos-venta-evaristo-morales/1246694/,2,2.5,2,US$,166000,Inmobiliaria Grupal,Evaristo Morales, Santo Domingo Centro (D.N.), Santo Domingo,En Construcción,126,Residencial,3,TRUE,TRUE,FALSE,TRUE,FALSE,TRUE,TRUE,FALSE,TRUE,166000
2022-01-24,/apartamentos-venta-evaristo-morales/1246181/,2,2,2,US$,166000,Seekers Inmobiliaria,Evaristo Morales, Santo Domingo Centro (D.N.), Santo Domingo,En Construcción,105,Residencial,10,TRUE,FALSE,TRUE,TRUE,FALSE,TRUE,TRUE,FALSE,TRUE,166000
2022-01-24,/apartamentos-venta-evaristo-morales/1256613/,2,3.5,3,US$,212625,Inmobiliaria Grupal,Evaristo Morales, Santo Domingo Centro (D.N.), Santo Domingo,Nueva,160,Residencial,NA,FALSE,TRUE,FALSE,FALSE,TRUE,TRUE,TRUE,FALSE,TRUE,212625
2022-01-24,/apartamentos-venta-evaristo-morales/1266662/,2,3,3,US$,265000,Probrokers Inmobiliaria Inprob S.R.L,Evaristo Morales, Santo Domingo Centro (D.N.), Santo Domingo,Segundo Uso,189,Residencial,8,TRUE,TRUE,FALSE,TRUE,FALSE,TRUE,TRUE,TRUE,TRUE,265000
2022-01-24,/apartamentos-venta-evaristo-morales/1263075/,2,1.5,1,US$,180000,Remax Plus,Evaristo Morales, Santo Domingo Centro (D.N.), Santo Domingo,Segundo Uso,100,Residencial,4,TRUE,FALSE,TRUE,FALSE,TRUE,FALSE,FALSE,FALSE,TRUE,180000
2022-01-24,/apartamentos-venta-evaristo-morales/1266625/,1,1.5,1,US$,130000,Ginebra Realty Group,Evaristo Morales, Santo Domingo Centro (D.N.), Santo Domingo,En Construcción,60,Residencial,NA,FALSE,TRUE,FALSE,FALSE,TRUE,TRUE,FALSE,TRUE,TRUE,130000
2022-01-24,/apartamentos-venta-evaristo-morales/1266623/,2,3,3,US$,265000,Probrokers Inmobiliaria Inprob S.R.L,Evaristo Morales, Santo Domingo Centro (D.N.), Santo Domingo,Segundo Uso,189,Residencial,8,TRUE,TRUE,FALSE,FALSE,FALSE,TRUE,TRUE,TRUE,TRUE,265000
2022-01-24,/apartamentos-venta-evaristo-morales/1265996/,2,3.5,2,US$,199000,Inmobiliaria Grupal,Evaristo Morales, Santo Domingo Centro (D.N.), Santo Domingo,Segundo Uso,212,Residencial,NA,TRUE,TRUE,FALSE,TRUE,FALSE,FALSE,TRUE,FALSE,FALSE,199000
2022-01-24,/apartamentos-venta-evaristo-morales/1264869/,2,2.5,3,US$,200000,Inmobiliaria Grupal,Evaristo Morales, Santo Domingo Centro (D.N.), Santo Domingo,Nueva,130,Residencial,4,TRUE,TRUE,TRUE,TRUE,FALSE,TRUE,TRUE,TRUE,TRUE,200000
2022-01-24,/apartamentos-venta-evaristo-morales/1261662/,2,1.5,1,US$,143000,Inmobiliaria Grupal,Evaristo Morales, Santo Domingo Centro (D.N.), Santo Domingo,En Construcción,NA,Residencial,NA,TRUE,TRUE,FALSE,TRUE,FALSE,TRUE,TRUE,TRUE,FALSE,143000
2022-01-24,/apartamentos-venta-evaristo-morales/1266212/,2,3.5,3,US$,175000,Inmobiliaria Grupal,Evaristo Morales, Santo Domingo Centro (D.N.), Santo Domingo,Segundo Uso,NA,Residencial,NA,TRUE,TRUE,FALSE,FALSE,FALSE,TRUE,TRUE,FALSE,FALSE,175000
2022-01-24,/apartamentos-venta-evaristo-morales/1254243/,3,3.5,3,US$,296000,INMOBLIAM,Evaristo Morales, Santo Domingo Centro (D.N.), Santo Domingo,Nueva,NA,Residencial,NA,TRUE,TRUE,TRUE,TRUE,TRUE,TRUE,TRUE,FALSE,TRUE,296000
2022-01-24,/apartamentos-venta-evaristo-morales/1251278/,2,2.5,3,US$,295000,INMOBLIAM,Evaristo Morales, Santo Domingo Centro (D.N.), Santo Domingo,Nueva,193,Residencial,2,TRUE,TRUE,TRUE,TRUE,TRUE,TRUE,TRUE,TRUE,TRUE,295000
2022-01-24,/apartamentos-venta-evaristo-morales/1266388/,3,4,4,US$,410000,Probrokers Inmobiliaria Inprob S.R.L,Evaristo Morales, Santo Domingo Centro (D.N.), Santo Domingo,Segundo Uso,320,Residencial,NA,TRUE,TRUE,FALSE,TRUE,FALSE,TRUE,TRUE,FALSE,TRUE,410000
2022-01-24,/apartamentos-venta-evaristo-morales/1266353/,3,4.5,4,US$,410000,Probrokers Inmobiliaria Inprob S.R.L,Evaristo Morales, Santo Domingo Centro (D.N.), Santo Domingo,Segundo Uso,320,Residencial,6,TRUE,TRUE,FALSE,FALSE,FALSE,FALSE,TRUE,FALSE,TRUE,410000
2022-01-24,/apartamentos-venta-evaristo-morales/1259094/,2,2.5,3,US$,200000,Property Inmobiliaria,Evaristo Morales, Santo Domingo Centro (D.N.), Santo Domingo,NA,151,Residencial,8,TRUE,TRUE,FALSE,FALSE,FALSE,TRUE,TRUE,FALSE,FALSE,200000
2022-01-24,/apartamentos-venta-evaristo-morales/1259235/,1,1.5,1,US$,116000,Property Inmobiliaria,Evaristo Morales, Santo Domingo Centro (D.N.), Santo Domingo,En Construcción,72,N/D,NA,FALSE,TRUE,FALSE,FALSE,FALSE,TRUE,FALSE,FALSE,TRUE,116000
2022-01-24,/apartamentos-venta-evaristo-morales/1259247/,1,1.5,1,US$,106500,Property Inmobiliaria,Evaristo Morales, Santo Domingo Centro (D.N.), Santo Domingo,En Construcción,82,N/D,NA,FALSE,TRUE,FALSE,FALSE,FALSE,FALSE,FALSE,TRUE,TRUE,106500
2022-01-24,/apartamentos-venta-evaristo-morales/1259333/,1,1.5,1,US$,110000,Property Inmobiliaria,Evaristo Morales, Santo Domingo Centro (D.N.), Santo Domingo,Segundo Uso,72,Residencial,NA,TRUE,TRUE,FALSE,FALSE,FALSE,TRUE,FALSE,FALSE,FALSE,110000
2022-01-24,/apartamentos-venta-evaristo-morales/1260330/,1,1,1,US$,96000,Property Inmobiliaria,Evaristo Morales, Santo Domingo Centro (D.N.), Santo Domingo,NA,NA,N/D,NA,FALSE,TRUE,FALSE,FALSE,FALSE,FALSE,FALSE,FALSE,FALSE,96000
2022-01-24,/apartamentos-venta-evaristo-morales/1260071/,2,2.5,2,US$,277000,Plusval Homes Realty Group,Evaristo Morales, Santo Domingo Centro (D.N.), Santo Domingo,En Construcción,185,N/D,8,TRUE,TRUE,FALSE,FALSE,FALSE,TRUE,FALSE,FALSE,TRUE,277000
2022-01-24,/apartamentos-venta-evaristo-morales/1259514/,2,3.5,3,US$,345000,Plusval Homes Realty Group,Evaristo Morales, Santo Domingo Centro (D.N.), Santo Domingo,Segundo Uso,235,Residencial,7,TRUE,FALSE,FALSE,FALSE,FALSE,FALSE,TRUE,FALSE,FALSE,345000
2022-01-24,/apartamentos-venta-evaristo-morales/1259041/,2,2.5,3,US$,219000,Plusval Homes Realty Group,Evaristo Morales, Santo Domingo Centro (D.N.), Santo Domingo,Segundo Uso,140,Residencial,8,TRUE,FALSE,FALSE,FALSE,FALSE,TRUE,TRUE,FALSE,TRUE,219000
2022-01-24,/apartamentos-venta-evaristo-morales/1259471/,2,3.5,3,US$,235000,Plusval Homes Realty Group,Evaristo Morales, Santo Domingo Centro (D.N.), Santo Domingo,Segundo Uso,245,Residencial,1,TRUE,FALSE,FALSE,FALSE,FALSE,TRUE,TRUE,FALSE,FALSE,235000
2022-01-24,/apartamentos-venta-evaristo-morales/1259359/,2,2.5,3,US$,153000,Plusval Homes Realty Group,Evaristo Morales, Santo Domingo Centro (D.N.), Santo Domingo,Nueva,108,N/D,3,TRUE,TRUE,TRUE,FALSE,FALSE,TRUE,TRUE,FALSE,TRUE,153000
2022-01-24,/apartamentos-venta-evaristo-morales/1258914/,2,3.5,3,US$,195000,Plusval Homes Realty Group,Evaristo Morales, Santo Domingo Centro (D.N.), Santo Domingo,Nueva,185,N/D,6,TRUE,FALSE,FALSE,FALSE,FALSE,TRUE,TRUE,FALSE,FALSE,195000
2022-01-24,/apartamentos-venta-evaristo-morales/1258918/,2,3.5,3,US$,250000,Plusval Homes Realty Group,Evaristo Morales, Santo Domingo Centro (D.N.), Santo Domingo,Segundo Uso,193,N/D,5,TRUE,TRUE,FALSE,FALSE,FALSE,TRUE,TRUE,FALSE,FALSE,250000
2022-01-24,/apartamentos-venta-evaristo-morales/1263917/,2,3.5,3,US$,225000,Inmobiliaria Grupal,Evaristo Morales, Santo Domingo Centro (D.N.), Santo Domingo,Remodelada,193,Residencial,3,TRUE,TRUE,FALSE,FALSE,TRUE,TRUE,TRUE,FALSE,TRUE,225000
2022-01-24,/apartamentos-venta-evaristo-morales/1265183/,2,2.5,3,US$,160000,Remax Metropolitana,Evaristo Morales, Santo Domingo Centro (D.N.), Santo Domingo,Segundo Uso,184,Residencial,NA,TRUE,TRUE,FALSE,TRUE,FALSE,FALSE,TRUE,FALSE,FALSE,160000
2022-01-24,/apartamentos-venta-evaristo-morales/1266007/,2,2.5,3,US$,175000,Ginebra Realty Group,Evaristo Morales, Santo Domingo Centro (D.N.), Santo Domingo,Segundo Uso,171,Residencial,2,FALSE,FALSE,FALSE,FALSE,FALSE,FALSE,FALSE,FALSE,FALSE,175000
2022-01-24,/apartamentos-venta-evaristo-morales/1266006/,3,3.5,3,US$,385000,Ginebra Realty Group,Evaristo Morales, Santo Domingo Centro (D.N.), Santo Domingo,Remodelada,296,Residencial,8,TRUE,TRUE,TRUE,FALSE,FALSE,TRUE,TRUE,FALSE,TRUE,385000
2022-01-24,/apartamentos-venta-evaristo-morales/1265990/,2,2.5,2,US$,243600,Seekers Inmobiliaria,Evaristo Morales, Santo Domingo Centro (D.N.), Santo Domingo,En Construcción,112,Residencial,1,TRUE,TRUE,TRUE,FALSE,FALSE,TRUE,FALSE,FALSE,TRUE,243600
2022-01-24,/apartamentos-venta-evaristo-morales/1265539/,2,2.5,2,US$,156440,HouseLink,Evaristo Morales, Santo Domingo Centro (D.N.), Santo Domingo,En Construcción,94,Residencial,4,TRUE,TRUE,FALSE,FALSE,TRUE,TRUE,TRUE,TRUE,TRUE,156440
2022-01-24,/apartamentos-venta-y-alquiler-evaristo-morales/1265758/,3,3.5,3,US$,185000,Remax Metropolitana,Evaristo Morales, Santo Domingo Centro (D.N.), Santo Domingo,Segundo Uso,172,Residencial,7,TRUE,TRUE,FALSE,TRUE,FALSE,TRUE,TRUE,FALSE,TRUE,185000
2022-01-24,/apartamentos-venta-evaristo-morales/1265542/,1,1.5,1,US$,107100,HouseLink,Evaristo Morales, Santo Domingo Centro (D.N.), Santo Domingo,En Construcción,63,Residencial,2,TRUE,TRUE,FALSE,TRUE,TRUE,TRUE,TRUE,TRUE,TRUE,107100
2022-01-24,/apartamentos-venta-evaristo-morales/1265379/,2,2.5,2,US$,176200,Megacasa RD,Evaristo Morales, Santo Domingo Centro (D.N.), Santo Domingo,En Construcción,105,Residencial,NA,TRUE,TRUE,TRUE,TRUE,TRUE,TRUE,TRUE,FALSE,TRUE,176200
2022-01-24,/apartamentos-venta-evaristo-morales/1265335/,1,1.5,1,US$,107100,Megacasa RD,Evaristo Morales, Santo Domingo Centro (D.N.), Santo Domingo,Nueva,63,Residencial,NA,TRUE,FALSE,TRUE,FALSE,TRUE,TRUE,TRUE,FALSE,TRUE,107100
2022-01-24,/apartamentos-venta-evaristo-morales/1230004/,2,3.5,3,US$,211250,Vidalpe Inmobiliaria,Evaristo Morales, Santo Domingo Centro (D.N.), Santo Domingo,En Construcción,158,Residencial,NA,TRUE,TRUE,TRUE,FALSE,TRUE,TRUE,TRUE,FALSE,TRUE,211250
2022-01-24,/apartamentos-venta-y-alquiler-evaristo-morales/1180365/,2,3.5,3,US$,225000,Vidalpe Inmobiliaria,Evaristo Morales, Santo Domingo Centro (D.N.), Santo Domingo,Segundo Uso,190,Residencial,5,TRUE,TRUE,FALSE,FALSE,FALSE,FALSE,TRUE,FALSE,FALSE,225000
2022-01-24,/apartamentos-venta-evaristo-morales/1229492/,1,1.5,1,US$,98000,Vidalpe Inmobiliaria,Evaristo Morales, Santo Domingo Centro (D.N.), Santo Domingo,En Construcción,73,Residencial,NA,TRUE,TRUE,FALSE,FALSE,FALSE,TRUE,TRUE,FALSE,FALSE,98000
2022-01-24,/apartamentos-venta-evaristo-morales/1241268/,2,2,2,US$,132000,Vidalpe Inmobiliaria,Evaristo Morales, Santo Domingo Centro (D.N.), Santo Domingo,En Construcción,89,Residencial,NA,TRUE,TRUE,FALSE,FALSE,FALSE,TRUE,FALSE,FALSE,TRUE,132000
2022-01-24,/apartamentos-venta-evaristo-morales/1241267/,1,1,1,US$,106000,Vidalpe Inmobiliaria,Evaristo Morales, Santo Domingo Centro (D.N.), Santo Domingo,En Construcción,63,Residencial,NA,TRUE,TRUE,FALSE,FALSE,FALSE,TRUE,FALSE,FALSE,TRUE,106000
2022-01-24,/apartamentos-venta-evaristo-morales/1264153/,2,2.5,3,US$,290000,Estrella Inmobiliaria ,Evaristo Morales, Santo Domingo Centro (D.N.), Santo Domingo,Nueva,170,N/D,2,TRUE,TRUE,TRUE,FALSE,TRUE,TRUE,TRUE,FALSE,TRUE,290000
2022-01-24,/apartamentos-venta-evaristo-morales/1261472/,2,3.5,3,US$,211000,Estrella Inmobiliaria ,Evaristo Morales, Santo Domingo Centro (D.N.), Santo Domingo,Segundo Uso,150,Residencial,NA,TRUE,TRUE,TRUE,FALSE,FALSE,TRUE,TRUE,FALSE,FALSE,211000
2022-01-24,/apartamentos-venta-evaristo-morales/1257671/,2,2.5,2,US$,165200,Borbón Rodríguez,Evaristo Morales, Santo Domingo Centro (D.N.), Santo Domingo,En Construcción,105,Residencial,6,TRUE,FALSE,FALSE,FALSE,TRUE,TRUE,TRUE,FALSE,FALSE,165200
2022-01-24,/apartamentos-venta-evaristo-morales/1240488/,2,3.5,3,US$,218568,Seekers Inmobiliaria,Evaristo Morales, Santo Domingo Centro (D.N.), Santo Domingo,Nueva,122,Residencial,8,TRUE,TRUE,TRUE,FALSE,TRUE,TRUE,TRUE,FALSE,TRUE,218568
2022-01-24,/apartamentos-venta-evaristo-morales/1263436/,2,2,2,RD$,155000,Tu Casa RD,Evaristo Morales, Santo Domingo Centro (D.N.), Santo Domingo,Nueva,107,Residencial,NA,TRUE,TRUE,FALSE,FALSE,FALSE,TRUE,TRUE,FALSE,FALSE,2649.5726495726494
2022-01-24,/apartamentos-venta-evaristo-morales/1263367/,3,2.5,3,US$,295000,Tu Casa RD,Evaristo Morales, Santo Domingo Centro (D.N.), Santo Domingo,Nueva,161,Residencial,2,TRUE,TRUE,FALSE,FALSE,FALSE,TRUE,TRUE,FALSE,FALSE,295000
2022-01-24,/apartamentos-venta-evaristo-morales/1243089/,2,2.5,3,US$,180000,Seekers Inmobiliaria,Evaristo Morales, Santo Domingo Centro (D.N.), Santo Domingo,Nueva,140,Residencial,10,TRUE,TRUE,FALSE,FALSE,FALSE,TRUE,TRUE,FALSE,TRUE,180000
2022-01-24,/apartamentos-venta-evaristo-morales/1263019/,2,3.5,3,US$,225000,Remax Metropolitana,Evaristo Morales, Santo Domingo Centro (D.N.), Santo Domingo,Segundo Uso,192,Residencial,3,TRUE,TRUE,FALSE,TRUE,FALSE,TRUE,TRUE,FALSE,TRUE,225000
2022-01-24,/apartamentos-venta-evaristo-morales/1262985/,NA,3.5,3,US$,215000,Ginebra Realty Group,Evaristo Morales, Santo Domingo Centro (D.N.), Santo Domingo,Nueva,NA,Residencial,8,FALSE,FALSE,FALSE,FALSE,FALSE,FALSE,FALSE,FALSE,FALSE,215000
2022-01-24,/apartamentos-venta-evaristo-morales/1261636/,2,2.5,2,US$,163000,City Homes,Evaristo Morales, Santo Domingo Centro (D.N.), Santo Domingo,NA,110,Residencial,3,FALSE,FALSE,FALSE,FALSE,FALSE,FALSE,FALSE,FALSE,FALSE,163000
2022-01-24,/apartamentos-venta-evaristo-morales/1261837/,2,2.5,3,RD$,9300000,Remax Metropolitana,Evaristo Morales, Santo Domingo Centro (D.N.), Santo Domingo,Segundo Uso,215,Residencial,2,TRUE,TRUE,FALSE,FALSE,TRUE,TRUE,TRUE,FALSE,FALSE,158974.35897435897
2022-01-24,/apartamentos-venta-evaristo-morales/1262020/,2,2,2,US$,175000,Tu Casa RD,Evaristo Morales, Santo Domingo Centro (D.N.), Santo Domingo,Nueva,NA,Residencial,NA,TRUE,TRUE,FALSE,FALSE,FALSE,TRUE,FALSE,FALSE,TRUE,175000
2022-01-24,/apartamentos-venta-evaristo-morales/1254901/,3,2.5,2,US$,175000,Tu Casa RD,Evaristo Morales, Santo Domingo Centro (D.N.), Santo Domingo,Segundo Uso,160,Residencial,NA,TRUE,TRUE,FALSE,FALSE,FALSE,TRUE,TRUE,FALSE,FALSE,175000
2022-01-24,/apartamentos-venta-evaristo-morales/1208862/,2,2.5,2,US$,218400,Tu Casa RD,Evaristo Morales, Santo Domingo Centro (D.N.), Santo Domingo,En Construcción,NA,Residencial,NA,TRUE,TRUE,FALSE,FALSE,TRUE,TRUE,TRUE,FALSE,FALSE,218400
2022-01-24,/apartamentos-venta-evaristo-morales/1255723/,2,2.5,2,US$,180000,Tu Casa RD,Evaristo Morales, Santo Domingo Centro (D.N.), Santo Domingo,Nueva,122,Residencial,NA,TRUE,TRUE,FALSE,FALSE,FALSE,TRUE,TRUE,FALSE,TRUE,180000
2022-01-24,/apartamentos-venta-evaristo-morales/1255300/,NA,3.5,3,US$,230000,Tu Casa RD,Evaristo Morales, Santo Domingo Centro (D.N.), Santo Domingo,Nueva,200,Residencial,9,TRUE,TRUE,FALSE,FALSE,TRUE,TRUE,TRUE,FALSE,TRUE,230000
2022-01-24,/apartamentos-venta-evaristo-morales/1254570/,2,2.5,3,US$,202000,Tu Casa RD,Evaristo Morales, Santo Domingo Centro (D.N.), Santo Domingo,Nueva,140,Residencial,NA,TRUE,TRUE,FALSE,FALSE,FALSE,TRUE,TRUE,TRUE,TRUE,202000
2022-01-24,/apartamentos-venta-y-alquiler-evaristo-morales/1244604/,3,3.5,3,US$,238000,Tu Casa RD,Evaristo Morales, Santo Domingo Centro (D.N.), Santo Domingo,Segundo Uso,207,Residencial,7,FALSE,FALSE,FALSE,FALSE,FALSE,FALSE,TRUE,FALSE,FALSE,238000
2022-01-24,/apartamentos-venta-evaristo-morales/1251949/,2,3.5,3,US$,175000,Tu Casa RD,Evaristo Morales, Santo Domingo Centro (D.N.), Santo Domingo,Nueva,NA,Residencial,NA,TRUE,TRUE,FALSE,FALSE,TRUE,TRUE,TRUE,FALSE,FALSE,175000
2022-01-24,/apartamentos-venta-evaristo-morales/1237706/,2,NA,3,US$,255000,Tu Casa RD,Evaristo Morales, Santo Domingo Centro (D.N.), Santo Domingo,Nueva,180,Residencial,NA,FALSE,TRUE,FALSE,FALSE,FALSE,TRUE,TRUE,TRUE,FALSE,255000
2022-01-24,/apartamentos-venta-evaristo-morales/1256457/,2,2.5,2,US$,225000,Tu Casa RD,Evaristo Morales, Santo Domingo Centro (D.N.), Santo Domingo,Nueva,NA,Residencial,11,TRUE,TRUE,TRUE,FALSE,FALSE,TRUE,TRUE,FALSE,TRUE,225000
2022-01-24,/apartamentos-venta-evaristo-morales/1256555/,2,2.5,3,US$,170000,Tu Casa RD,Evaristo Morales, Santo Domingo Centro (D.N.), Santo Domingo,Nueva,154,Residencial,8,TRUE,TRUE,FALSE,FALSE,FALSE,TRUE,FALSE,FALSE,FALSE,170000
2022-01-24,/apartamentos-venta-evaristo-morales/1255575/,2,3.5,3,US$,230000,Tu Casa RD,Evaristo Morales, Santo Domingo Centro (D.N.), Santo Domingo,Nueva,200,Residencial,NA,TRUE,TRUE,FALSE,FALSE,TRUE,TRUE,TRUE,FALSE,TRUE,230000
2022-01-24,/apartamentos-venta-evaristo-morales/1255586/,3,2.5,2,US$,175000,Tu Casa RD,Evaristo Morales, Santo Domingo Centro (D.N.), Santo Domingo,Nueva,160,Residencial,10,TRUE,TRUE,FALSE,FALSE,FALSE,TRUE,TRUE,FALSE,TRUE,175000
2022-01-24,/apartamentos-venta-evaristo-morales/1254573/,2,2.5,2,US$,160000,Tu Casa RD,Evaristo Morales, Santo Domingo Centro (D.N.), Santo Domingo,Nueva,NA,Residencial,NA,TRUE,TRUE,FALSE,FALSE,TRUE,TRUE,FALSE,TRUE,TRUE,160000
2022-01-24,/apartamentos-venta-evaristo-morales/1254596/,NA,3.5,3,US$,298000,Tu Casa RD,Evaristo Morales, Santo Domingo Centro (D.N.), Santo Domingo,Segundo Uso,NA,Residencial,9,TRUE,TRUE,FALSE,FALSE,TRUE,TRUE,TRUE,TRUE,TRUE,298000
2022-01-24,/apartamentos-venta-evaristo-morales/1250506/,2,3.5,3,US$,240000,Tu Casa RD,Evaristo Morales, Santo Domingo Centro (D.N.), Santo Domingo,Nueva,NA,Residencial,NA,FALSE,FALSE,FALSE,FALSE,FALSE,FALSE,TRUE,FALSE,FALSE,240000
2022-01-24,/apartamentos-venta-evaristo-morales/1250509/,2,NA,2,US$,160000,Tu Casa RD,Evaristo Morales, Santo Domingo Centro (D.N.), Santo Domingo,Nueva,NA,Residencial,NA,TRUE,FALSE,FALSE,FALSE,FALSE,TRUE,TRUE,TRUE,TRUE,160000
2022-01-24,/apartamentos-venta-evaristo-morales/1242004/,3,3.5,3,US$,298000,Seekers Inmobiliaria,Evaristo Morales, Santo Domingo Centro (D.N.), Santo Domingo,Nueva,170,Residencial,9,TRUE,TRUE,FALSE,FALSE,FALSE,TRUE,TRUE,FALSE,TRUE,298000
2022-01-24,/apartamentos-venta-evaristo-morales/1257206/,2,2.5,2,US$,178000,HouseLink,Evaristo Morales, Santo Domingo Centro (D.N.), Santo Domingo,Segundo Uso,120,Residencial,2,TRUE,TRUE,TRUE,TRUE,TRUE,TRUE,TRUE,FALSE,TRUE,178000
2022-01-24,/apartamentos-venta-evaristo-morales/1258845/,2,2.5,2,US$,176000,Grupo Nin Inmobiliario,Evaristo Morales, Santo Domingo Centro (D.N.), Santo Domingo,En Construcción,130,Residencial,NA,TRUE,TRUE,FALSE,FALSE,FALSE,TRUE,TRUE,FALSE,TRUE,176000
2022-01-24,/apartamentos-venta-evaristo-morales/1258839/,1,1.5,1,US$,116000,Grupo Nin Inmobiliario,Evaristo Morales, Santo Domingo Centro (D.N.), Santo Domingo,En Construcción,73,Residencial,2,TRUE,TRUE,FALSE,FALSE,FALSE,FALSE,FALSE,FALSE,TRUE,116000
2022-01-24,/apartamentos-venta-evaristo-morales/1258662/,2,3.5,3,US$,170000,KEYBROKERS INMOBILIARIA,Evaristo Morales, Santo Domingo Centro (D.N.), Santo Domingo,En Construcción,NA,Residencial,NA,TRUE,TRUE,FALSE,FALSE,FALSE,FALSE,TRUE,FALSE,FALSE,170000
2022-01-24,/apartamentos-venta-evaristo-morales/1229099/,2,2.5,3,US$,166500,New Home Constructora Inmobiliaria,Evaristo Morales, Santo Domingo Centro (D.N.), Santo Domingo,Nueva,175,Residencial,NA,TRUE,TRUE,FALSE,FALSE,FALSE,TRUE,TRUE,FALSE,TRUE,166500
2022-01-24,/apartamentos-venta-evaristo-morales/1257794/,2,3.5,3,US$,211000,Inmobiliaria Bevistam,Evaristo Morales, Santo Domingo Centro (D.N.), Santo Domingo,Nueva,150,Residencial,NA,TRUE,TRUE,TRUE,TRUE,FALSE,TRUE,TRUE,FALSE,TRUE,211000
2022-01-24,/apartamentos-venta-evaristo-morales/1257471/,2,2.5,2,US$,142000,Grupo Nin Inmobiliario,Evaristo Morales, Santo Domingo Centro (D.N.), Santo Domingo,En Construcción,130,Residencial,2,TRUE,TRUE,FALSE,FALSE,TRUE,FALSE,TRUE,FALSE,TRUE,142000
2022-01-24,/apartamentos-venta-evaristo-morales/1257391/,2,3.5,3,US$,244000,Grupo Nin Inmobiliario,Evaristo Morales, Santo Domingo Centro (D.N.), Santo Domingo,En Construcción,182,Residencial,2,TRUE,TRUE,TRUE,FALSE,TRUE,TRUE,TRUE,FALSE,TRUE,244000
2022-01-24,/apartamentos-venta-evaristo-morales/1257229/,NA,2.5,2,US$,185000,Megacasa RD,Evaristo Morales, Santo Domingo Centro (D.N.), Santo Domingo,Nueva,105,Residencial,NA,TRUE,TRUE,FALSE,FALSE,TRUE,TRUE,FALSE,FALSE,TRUE,185000
2022-01-24,/apartamentos-venta-evaristo-morales/1257227/,2,1.5,1,US$,118000,Megacasa RD,Evaristo Morales, Santo Domingo Centro (D.N.), Santo Domingo,Nueva,53,Residencial,NA,TRUE,TRUE,FALSE,FALSE,TRUE,TRUE,TRUE,FALSE,TRUE,118000
2022-01-24,/apartamentos-venta-evaristo-morales/1243117/,2,3.5,3,US$,175000,Domus Mea Caribe Inmobiliaria,Evaristo Morales, Santo Domingo Centro (D.N.), Santo Domingo,Segundo Uso,160,Residencial,NA,TRUE,TRUE,FALSE,FALSE,FALSE,TRUE,TRUE,FALSE,FALSE,175000
2022-01-24,/apartamentos-venta-evaristo-morales/1255631/,3,3.5,3,US$,296000,Grupo Nin Inmobiliario,Evaristo Morales, Santo Domingo Centro (D.N.), Santo Domingo,Nueva,170,Residencial,9,TRUE,TRUE,TRUE,TRUE,FALSE,TRUE,TRUE,FALSE,TRUE,296000
2022-01-24,/apartamentos-venta-evaristo-morales/1255220/,NA,2,3,US$,120000,Inmobiliaria Grupal,Evaristo Morales, Santo Domingo Centro (D.N.), Santo Domingo,Nueva,NA,Residencial,NA,TRUE,TRUE,FALSE,FALSE,TRUE,TRUE,TRUE,TRUE,TRUE,120000
2022-01-24,/apartamentos-venta-evaristo-morales/1243276/,2,3.5,3,US$,235000,Remax Metropolitana,Evaristo Morales, Santo Domingo Centro (D.N.), Santo Domingo,Segundo Uso,189,Residencial,3,TRUE,TRUE,TRUE,FALSE,TRUE,TRUE,FALSE,FALSE,TRUE,235000
2022-01-24,/apartamentos-venta-evaristo-morales/1253251/,2,3.5,3,US$,225000,Inmobiliaria Grupal,Evaristo Morales, Santo Domingo Centro (D.N.), Santo Domingo,Segundo Uso,240,Residencial,NA,TRUE,TRUE,FALSE,TRUE,TRUE,TRUE,FALSE,FALSE,FALSE,225000
2022-01-24,/apartamentos-venta-evaristo-morales/1253008/,2,3.5,3,US$,240000,Elite Brokers,Evaristo Morales, Santo Domingo Centro (D.N.), Santo Domingo,NA,270,Residencial,NA,FALSE,TRUE,FALSE,FALSE,FALSE,FALSE,FALSE,FALSE,FALSE,240000
2022-01-24,/apartamentos-venta-evaristo-morales/1250678/,2,1.5,1,US$,154686,Grupo Nin Inmobiliario,Evaristo Morales, Santo Domingo Centro (D.N.), Santo Domingo,Nueva,59,Residencial,5,TRUE,TRUE,TRUE,FALSE,FALSE,FALSE,TRUE,FALSE,FALSE,154686
2022-01-24,/apartamentos-venta-evaristo-morales/1248913/,1,1.5,1,US$,106000,Vidalpe Inmobiliaria,Evaristo Morales, Santo Domingo Centro (D.N.), Santo Domingo,En Construcción,60,Residencial,2,TRUE,TRUE,FALSE,TRUE,TRUE,TRUE,TRUE,FALSE,TRUE,106000
2022-01-24,/apartamentos-venta-evaristo-morales/1247382/,2,3.5,3,US$,242000,Megacasa RD,Evaristo Morales, Santo Domingo Centro (D.N.), Santo Domingo,Nueva,182,Residencial,2,TRUE,TRUE,FALSE,FALSE,FALSE,FALSE,TRUE,FALSE,FALSE,242000
2022-01-24,/apartamentos-venta-evaristo-morales/1243898/,1,1.5,1,US$,121947,Grupo Nin Inmobiliario,Evaristo Morales, Santo Domingo Centro (D.N.), Santo Domingo,En Construcción,58,Residencial,2,TRUE,TRUE,TRUE,FALSE,TRUE,FALSE,TRUE,TRUE,TRUE,121947
2022-01-24,/apartamentos-venta-evaristo-morales/1212701/,1,1.5,1,US$,126000,Elite Brokers,Evaristo Morales, Santo Domingo Centro (D.N.), Santo Domingo,Nueva,77,Residencial,6,TRUE,TRUE,FALSE,FALSE,FALSE,TRUE,TRUE,FALSE,TRUE,126000
2022-01-24,/apartamentos-venta-evaristo-morales/1241065/,2,1.5,1,US$,143000,Elite Brokers,Evaristo Morales, Santo Domingo Centro (D.N.), Santo Domingo,NA,115,Residencial,NA,TRUE,TRUE,FALSE,FALSE,FALSE,FALSE,FALSE,FALSE,FALSE,143000
2022-01-24,/apartamentos-venta-evaristo-morales/1229031/,2,3.5,3,US$,295000,Grupo Nin Inmobiliario,Evaristo Morales, Santo Domingo Centro (D.N.), Santo Domingo,En Construcción,150,Residencial,3,TRUE,TRUE,TRUE,TRUE,FALSE,FALSE,TRUE,FALSE,TRUE,295000
2022-01-24,/apartamentos-venta-evaristo-morales/1226807/,2,3,3,US$,192700,New Home Constructora Inmobiliaria,Evaristo Morales, Santo Domingo Centro (D.N.), Santo Domingo,En Construcción,157,Residencial,NA,TRUE,TRUE,FALSE,FALSE,TRUE,FALSE,TRUE,TRUE,TRUE,192700
2022-01-24,/apartamentos-venta-evaristo-morales/1226037/,2,3.5,3,US$,202290,New Home Constructora Inmobiliaria,Evaristo Morales, Santo Domingo Centro (D.N.), Santo Domingo,En Construcción,158,Residencial,NA,TRUE,TRUE,FALSE,FALSE,FALSE,TRUE,TRUE,FALSE,TRUE,202290
2022-01-24,/apartamentos-venta-evaristo-morales/1191544/,NA,1.5,1,US$,72000,Abril Group SRL,Evaristo Morales, Santo Domingo Centro (D.N.), Santo Domingo,Nueva,50,Residencial,NA,FALSE,FALSE,FALSE,FALSE,FALSE,FALSE,FALSE,FALSE,FALSE,72000
