date,id,parking,bathrooms,bedrooms,currency,price,seller,neighborhood,city,province,status,area,usage,story,planta,lift,pool,pozo,terraza,lobby,balcon,jacuzzi,gimnasio,price.usd
2022-02-10,/apartamentos-venta-boca-chica/1268452/,NA,2,2,US$,100000,Remax Plus,NA,Boca Chica, Santo Domingo,Segundo Uso,64,Residencial,1,FALSE,FALSE,TRUE,FALSE,TRUE,FALSE,TRUE,TRUE,FALSE,100000
2022-02-10,/apartamentos-venta-boca-chica/1269755/,1,1,2,US$,53500,Mr. Home Asesores Inmobiliarios,NA,Boca Chica, Santo Domingo,Nueva,NA,Residencial,NA,FALSE,FALSE,FALSE,FALSE,FALSE,FALSE,TRUE,FALSE,FALSE,53500
2022-02-10,/apartamentos-venta-boca-chica/1266577/,2,3.5,4,US$,220000,Remax Metropolitana,NA,Boca Chica, Santo Domingo,Segundo Uso,818,Residencial,NA,FALSE,TRUE,FALSE,FALSE,FALSE,FALSE,TRUE,FALSE,FALSE,220000
2022-02-10,/apartamentos-venta-boca-chica/1253059/,1,1,1,US$,72500,Algonovo Real Estate,NA,Boca Chica, Santo Domingo,En Construcción,66,Residencial,2,FALSE,FALSE,TRUE,FALSE,TRUE,FALSE,FALSE,FALSE,FALSE,72500
2022-02-10,/apartamentos-venta-boca-chica/1267996/,1,1,1,US$,48000,CityMax Santo Domingo,NA,Boca Chica, Santo Domingo,Segundo Uso,33,Residencial,1,FALSE,FALSE,TRUE,FALSE,FALSE,FALSE,TRUE,FALSE,FALSE,48000
2022-02-10,/apartamentos-venta-boca-chica/1268326/,NA,1,1,US$,48000,CityMax Santo Domingo,Boca Chica, Boca Chica, Santo Domingo,Segundo Uso,33,Residencial,1,FALSE,FALSE,TRUE,FALSE,FALSE,FALSE,FALSE,FALSE,FALSE,48000
