date,id,parking,bathrooms,bedrooms,currency,price,seller,neighborhood,city,province,status,area,usage,story,planta,lift,pool,pozo,terraza,lobby,balcon,jacuzzi,gimnasio,price.usd
2022-01-24,/apartamentos-venta-naco/1263551/,1,1.5,1,US$,158900,Inmobiliaria Inversión Segura RD ,Naco, Santo Domingo Centro (D.N.), Santo Domingo,En Construcción,61,Residencial,NA,TRUE,TRUE,TRUE,TRUE,TRUE,FALSE,TRUE,FALSE,TRUE,158900
2022-01-24,/apartamentos-venta-naco/1261768/,2,3.5,3,US$,295000,Wendy Gómez,Naco, Santo Domingo Centro (D.N.), Santo Domingo,Segundo Uso,285,Residencial,8,TRUE,TRUE,FALSE,FALSE,FALSE,TRUE,FALSE,FALSE,FALSE,295000
2022-01-24,/apartamentos-venta-naco/1260076/,1,1.5,1,US$,139000,Inmobiliaria Inversión Segura RD ,Naco, Santo Domingo Centro (D.N.), Santo Domingo,En Construcción,57,Residencial,NA,TRUE,TRUE,FALSE,TRUE,FALSE,TRUE,TRUE,FALSE,TRUE,139000
2022-01-24,/apartamentos-venta-naco/1255428/,1,1.5,1,US$,165770,Inmobiliaria Inversión Segura RD ,Naco, Santo Domingo Centro (D.N.), Santo Domingo,En Planos,73,Residencial,NA,TRUE,TRUE,TRUE,TRUE,FALSE,FALSE,TRUE,TRUE,TRUE,165770
2022-01-24,/apartamentos-venta-naco/1261402/,2,2,2,US$,180000,Inmobiliaria Inversión Segura RD ,Naco, Santo Domingo Centro (D.N.), Santo Domingo,En Construcción,92,Residencial,NA,TRUE,FALSE,FALSE,TRUE,TRUE,TRUE,TRUE,TRUE,TRUE,180000
2022-01-24,/apartamentos-venta-naco/1218870/,3,4,3,US$,350000,Marrero Luxury,Naco, Santo Domingo Centro (D.N.), Santo Domingo,Segundo Uso,429,Residencial,NA,TRUE,TRUE,TRUE,TRUE,TRUE,TRUE,TRUE,TRUE,TRUE,350000
2022-01-24,/apartamentos-venta-naco/1219289/,3,3.5,3,US$,350000,Marrero Luxury,Naco, Santo Domingo Centro (D.N.), Santo Domingo,Segundo Uso,285,Residencial,5,TRUE,TRUE,TRUE,FALSE,TRUE,TRUE,TRUE,TRUE,TRUE,350000
2022-01-24,/apartamentos-venta-y-alquiler-naco/1229658/,2,3.5,3,US$,260000,Marrero Luxury,Naco, Santo Domingo Centro (D.N.), Santo Domingo,Segundo Uso,212,Residencial,2,TRUE,TRUE,TRUE,TRUE,TRUE,TRUE,TRUE,FALSE,TRUE,260000
2022-01-24,/apartamentos-venta-naco/1221651/,2,3.5,3,US$,375000,Marrero Luxury,Naco, Santo Domingo Centro (D.N.), Santo Domingo,Segundo Uso,340,Residencial,5,TRUE,TRUE,FALSE,TRUE,FALSE,TRUE,TRUE,FALSE,FALSE,375000
2022-01-24,/apartamentos-venta-naco/1264312/,1,2,1,US$,162000,Inmobiliaria Inversión Segura RD ,Naco, Santo Domingo Centro (D.N.), Santo Domingo,Segundo Uso,56,Residencial,4,TRUE,TRUE,TRUE,TRUE,TRUE,FALSE,TRUE,FALSE,TRUE,162000
2022-01-24,/apartamentos-venta-naco/1264017/,1,1.5,1,US$,150000,Inmobiliaria Inversión Segura RD ,Naco, Santo Domingo Centro (D.N.), Santo Domingo,En Construcción,58,Residencial,NA,TRUE,TRUE,TRUE,TRUE,TRUE,FALSE,TRUE,FALSE,TRUE,150000
2022-01-24,/apartamentos-venta-naco/1265165/,1,1.5,1,US$,124800,Inmobiliaria Inversión Segura RD ,Naco, Santo Domingo Centro (D.N.), Santo Domingo,En Construcción,50,Residencial,NA,TRUE,TRUE,TRUE,TRUE,TRUE,FALSE,TRUE,TRUE,TRUE,124800
2022-01-24,/apartamentos-venta-naco/1249652/,2,2.5,3,US$,125000,Marrero Luxury,Naco, Santo Domingo Centro (D.N.), Santo Domingo,Segundo Uso,170,Residencial,4,TRUE,FALSE,FALSE,TRUE,FALSE,FALSE,FALSE,FALSE,FALSE,125000
2022-01-24,/apartamentos-venta-naco/1235686/,NA,NA,NA,US$,143990,Inmobiliaria e Inversiones Peguero & Asociados,Naco, Santo Domingo Centro (D.N.), Santo Domingo,En Construcción,NA,Residencial,NA,TRUE,TRUE,TRUE,FALSE,TRUE,TRUE,TRUE,TRUE,TRUE,143990
2022-01-24,/apartamentos-venta-naco/1217721/,2,3.5,NA,US$,180000,Inmobiliaria e Inversiones Peguero & Asociados,Naco, Santo Domingo Centro (D.N.), Santo Domingo,En Construcción,NA,Residencial,NA,TRUE,TRUE,TRUE,FALSE,TRUE,TRUE,FALSE,TRUE,FALSE,180000
2022-01-24,/apartamentos-venta-naco/1256470/,NA,1.5,1,US$,137000,Premium Real Estate,Naco, Santo Domingo Centro (D.N.), Santo Domingo,En Planos,58,Residencial,NA,TRUE,TRUE,TRUE,FALSE,FALSE,TRUE,TRUE,TRUE,TRUE,137000
2022-01-24,/apartamentos-venta-naco/1261004/,NA,1.5,1,US$,137000,Premium Real Estate,Naco, Santo Domingo Centro (D.N.), Santo Domingo,Nueva,NA,Residencial,NA,FALSE,TRUE,TRUE,FALSE,TRUE,TRUE,FALSE,TRUE,TRUE,137000
2022-01-24,/apartamentos-venta-naco/1260487/,2,1.5,1,US$,143990,Premium Real Estate,Naco, Santo Domingo Centro (D.N.), Santo Domingo,Nueva,67,Residencial,NA,FALSE,TRUE,TRUE,FALSE,TRUE,TRUE,TRUE,FALSE,TRUE,143990
2022-01-24,/apartamentos-venta-naco/1261740/,1,2,1,US$,169500,Republic Real State,Naco, Santo Domingo Centro (D.N.), Santo Domingo,En Planos,66,Residencial,NA,TRUE,TRUE,FALSE,FALSE,FALSE,TRUE,TRUE,FALSE,TRUE,169500
2022-01-24,/apartamentos-venta-naco/1261694/,1,1,1,US$,165770,Republic Real State,Naco, Santo Domingo Centro (D.N.), Santo Domingo,En Planos,73,Residencial,NA,TRUE,TRUE,TRUE,FALSE,FALSE,TRUE,TRUE,FALSE,TRUE,165770
2022-01-24,/apartamentos-venta-naco/1261693/,2,3.5,3,US$,235000,Republic Real State,Naco, Santo Domingo Centro (D.N.), Santo Domingo,Segundo Uso,235,Residencial,3,TRUE,TRUE,FALSE,FALSE,FALSE,TRUE,TRUE,FALSE,FALSE,235000
2022-01-24,/apartamentos-venta-naco/1261716/,1,1.5,1,US$,160072,Republic Real State,Naco, Santo Domingo Centro (D.N.), Santo Domingo,En Planos,61,Residencial,NA,TRUE,TRUE,FALSE,FALSE,FALSE,TRUE,TRUE,TRUE,TRUE,160072
2022-01-24,/apartamentos-venta-naco/1261737/,2,2.5,2,US$,278300,Republic Real State,Naco, Santo Domingo Centro (D.N.), Santo Domingo,Nueva,NA,Residencial,NA,TRUE,TRUE,FALSE,FALSE,FALSE,TRUE,TRUE,FALSE,TRUE,278300
2022-01-24,/apartamentos-venta-naco/1247292/,3,3.5,3,US$,465000,Flavia Cortina Unique Properties,Naco, Santo Domingo Centro (D.N.), Santo Domingo,Segundo Uso,250,Residencial,NA,TRUE,TRUE,TRUE,FALSE,TRUE,TRUE,TRUE,FALSE,TRUE,465000
2022-01-24,/apartamentos-venta-naco/1250645/,3,2.5,2,US$,315000,Flavia Cortina Unique Properties,Naco, Santo Domingo Centro (D.N.), Santo Domingo,Segundo Uso,200,Residencial,NA,TRUE,TRUE,TRUE,FALSE,TRUE,TRUE,TRUE,FALSE,TRUE,315000
2022-01-24,/apartamentos-venta-naco/1221253/,2,4,3,US$,275000,Marrero Luxury,Naco, Santo Domingo Centro (D.N.), Santo Domingo,Segundo Uso,285,Residencial,7,TRUE,TRUE,FALSE,TRUE,TRUE,TRUE,TRUE,FALSE,FALSE,275000
2022-01-24,/apartamentos-venta-y-alquiler-naco/1259540/,2,2.5,2,US$,245000,Premier Real Estate,Naco, Santo Domingo Centro (D.N.), Santo Domingo,Segundo Uso,186,Residencial,NA,TRUE,TRUE,FALSE,FALSE,FALSE,TRUE,TRUE,FALSE,TRUE,245000
2022-01-24,/apartamentos-venta-naco/1262747/,2,3.5,3,US$,425000,Premium Real Estate,Naco, Santo Domingo Centro (D.N.), Santo Domingo,Nueva,350,Residencial,9,TRUE,TRUE,FALSE,FALSE,TRUE,TRUE,TRUE,TRUE,TRUE,425000
2022-01-24,/apartamentos-venta-naco/1256541/,1,1.5,1,US$,150000,Premium Real Estate,Naco, Santo Domingo Centro (D.N.), Santo Domingo,En Construcción,58,Residencial,NA,TRUE,TRUE,FALSE,FALSE,FALSE,TRUE,TRUE,FALSE,FALSE,150000
2022-01-24,/apartamentos-venta-naco/1220998/,1,2,3,RD$,9800000,Premium Real Estate,Naco, Santo Domingo Centro (D.N.), Santo Domingo,Segundo Uso,219,Residencial,2,FALSE,TRUE,FALSE,FALSE,TRUE,TRUE,FALSE,FALSE,FALSE,167521.36752136753
2022-01-24,/apartamentos-venta-naco/1265486/,NA,NA,1,US$,144900,Premium Real Estate,Naco, Santo Domingo Centro (D.N.), Santo Domingo,En Construcción,NA,Residencial,NA,TRUE,TRUE,TRUE,FALSE,TRUE,TRUE,TRUE,FALSE,TRUE,144900
2022-01-24,/apartamentos-venta-naco/1265194/,NA,NA,NA,US$,100500,Premium Real Estate,Naco, Santo Domingo Centro (D.N.), Santo Domingo,En Construcción,NA,Residencial,NA,TRUE,TRUE,TRUE,FALSE,TRUE,TRUE,TRUE,FALSE,TRUE,100500
2022-01-24,/apartamentos-venta-naco/1238576/,1,2,3,RD$,9800000,Premium Real Estate,Naco, Santo Domingo Centro (D.N.), Santo Domingo,Segundo Uso,219,Residencial,2,TRUE,TRUE,FALSE,FALSE,FALSE,TRUE,FALSE,FALSE,FALSE,167521.36752136753
2022-01-24,/apartamentos-venta-naco/1265191/,NA,NA,NA,US$,100500,Premium Real Estate,Naco, Santo Domingo Centro (D.N.), Santo Domingo,En Construcción,NA,Residencial,NA,TRUE,TRUE,TRUE,FALSE,TRUE,TRUE,TRUE,FALSE,TRUE,100500
2022-01-24,/apartamentos-venta-naco/1265485/,NA,NA,1,US$,144900,Premium Real Estate,Naco, Santo Domingo Centro (D.N.), Santo Domingo,En Construcción,NA,Residencial,NA,TRUE,TRUE,TRUE,FALSE,TRUE,TRUE,TRUE,FALSE,TRUE,144900
2022-01-24,/apartamentos-venta-naco/1262748/,2,3.5,3,US$,425000,Premium Real Estate,Naco, Santo Domingo Centro (D.N.), Santo Domingo,Nueva,350,Residencial,9,TRUE,TRUE,FALSE,FALSE,TRUE,TRUE,TRUE,TRUE,TRUE,425000
2022-01-24,/apartamentos-venta-naco/1267393/,1,2,2,RD$,8700000,MBello Bienes Raices,Naco, Santo Domingo Centro (D.N.), Santo Domingo,Segundo Uso,160,Residencial,1,FALSE,FALSE,FALSE,FALSE,FALSE,FALSE,FALSE,FALSE,FALSE,148717.94871794872
2022-01-24,/apartamentos-venta-y-alquiler-naco/1268393/,2,2.5,2,US$,139000,ProCimax Realty,Naco, Santo Domingo Centro (D.N.), Santo Domingo,Segundo Uso,120,Residencial,8,TRUE,TRUE,FALSE,TRUE,FALSE,FALSE,FALSE,FALSE,FALSE,139000
2022-01-24,/apartamentos-venta-naco/1265038/,2,3.5,3,US$,235000,Marco Rivero,Naco, Santo Domingo Centro (D.N.), Santo Domingo,NA,189,Residencial,NA,TRUE,TRUE,FALSE,TRUE,FALSE,TRUE,TRUE,FALSE,TRUE,235000
2022-01-24,/apartamentos-venta-naco/1264343/,2,2.5,2,US$,186000,Marco Rivero,Naco, Santo Domingo Centro (D.N.), Santo Domingo,En Construcción,100,Residencial,NA,TRUE,TRUE,TRUE,TRUE,TRUE,TRUE,TRUE,FALSE,TRUE,186000
2022-01-24,/apartamentos-venta-naco/1264346/,2,3.5,3,US$,428000,Marco Rivero,Naco, Santo Domingo Centro (D.N.), Santo Domingo,En Construcción,230,Residencial,NA,TRUE,TRUE,TRUE,TRUE,TRUE,TRUE,TRUE,FALSE,TRUE,428000
2022-01-24,/apartamentos-venta-naco/1263316/,2,3.5,3,US$,240000,Marco Rivero,Naco, Santo Domingo Centro (D.N.), Santo Domingo,Segundo Uso,211,Residencial,NA,TRUE,TRUE,TRUE,TRUE,TRUE,TRUE,TRUE,FALSE,TRUE,240000
2022-01-24,/apartamentos-venta-naco/1268023/,2,3.5,3,US$,235000,Marco Rivero,Naco, Santo Domingo Centro (D.N.), Santo Domingo,Segundo Uso,189,Residencial,NA,TRUE,TRUE,FALSE,TRUE,TRUE,TRUE,TRUE,FALSE,TRUE,235000
2022-01-24,/apartamentos-venta-naco/1264342/,2,3.5,3,US$,224000,Marco Rivero,Naco, Santo Domingo Centro (D.N.), Santo Domingo,En Construcción,130,Residencial,NA,TRUE,TRUE,TRUE,TRUE,TRUE,TRUE,TRUE,FALSE,TRUE,224000
2022-01-24,/apartamentos-venta-naco/1267450/,3,3.5,3,US$,326000,Stalin Florentino,Naco, Santo Domingo Centro (D.N.), Santo Domingo,En Construcción,218,Residencial,2,TRUE,TRUE,TRUE,FALSE,TRUE,TRUE,TRUE,FALSE,TRUE,326000
2022-01-24,/apartamentos-venta-naco/1267821/,3,3.5,3,US$,428750,Premium Real Estate,Naco, Santo Domingo Centro (D.N.), Santo Domingo,En Construcción,245,Residencial,NA,FALSE,FALSE,FALSE,FALSE,FALSE,FALSE,FALSE,FALSE,FALSE,428750
2022-01-24,/apartamentos-venta-naco/1256537/,1,1.5,1,US$,130000,Premium Real Estate,Naco, Santo Domingo Centro (D.N.), Santo Domingo,En Construcción,NA,Residencial,NA,FALSE,FALSE,FALSE,FALSE,FALSE,FALSE,FALSE,FALSE,FALSE,130000
2022-01-24,/apartamentos-venta-naco/1252410/,3,3.5,3,US$,394450,Premium Real Estate,Naco, Santo Domingo Centro (D.N.), Santo Domingo,En Construcción,245,Residencial,NA,FALSE,FALSE,FALSE,FALSE,FALSE,FALSE,FALSE,FALSE,FALSE,394450
2022-01-24,/apartamentos-venta-naco/1252410/,3,3.5,3,US$,394450,Premium Real Estate,Naco, Santo Domingo Centro (D.N.), Santo Domingo,En Construcción,245,Residencial,NA,FALSE,FALSE,FALSE,FALSE,FALSE,FALSE,FALSE,FALSE,FALSE,394450
2022-01-24,/apartamentos-venta-naco/1268283/,1,1.5,1,US$,182350,Vivenzas Real Estate ,Naco, Santo Domingo Centro (D.N.), Santo Domingo,En Construcción,73,Residencial,NA,TRUE,TRUE,FALSE,FALSE,TRUE,TRUE,TRUE,TRUE,TRUE,182350
2022-01-24,/apartamentos-venta-naco/1265081/,2,3.5,3,US$,285000,Vivenzas Real Estate ,Naco, Santo Domingo Centro (D.N.), Santo Domingo,Nueva,175,Residencial,NA,TRUE,TRUE,TRUE,FALSE,TRUE,TRUE,TRUE,FALSE,TRUE,285000
2022-01-24,/apartamentos-venta-naco/1253847/,2,3.5,3,US$,245750,Vivenzas Real Estate ,Naco, Santo Domingo Centro (D.N.), Santo Domingo,En Construcción,153,Residencial,NA,TRUE,TRUE,FALSE,FALSE,TRUE,TRUE,TRUE,FALSE,TRUE,245750
2022-01-24,/apartamentos-venta-naco/1267690/,3,3.5,3,US$,931000,CityMax Santo Domingo,Naco, Santo Domingo Centro (D.N.), Santo Domingo,En Construcción,245,Residencial,11,TRUE,TRUE,FALSE,FALSE,TRUE,TRUE,TRUE,FALSE,FALSE,931000
2022-01-24,/apartamentos-venta-naco/1267685/,3,3.5,3,US$,446390,CityMax Santo Domingo,Naco, Santo Domingo Centro (D.N.), Santo Domingo,En Construcción,245,Residencial,NA,TRUE,TRUE,FALSE,FALSE,TRUE,TRUE,TRUE,FALSE,TRUE,446390
2022-01-24,/apartamentos-venta-naco/1267873/,1,1,1,RD$,68000,CityMax Santo Domingo,Naco, Santo Domingo Centro (D.N.), Santo Domingo,En Construcción,36,Residencial,NA,TRUE,TRUE,FALSE,FALSE,TRUE,TRUE,TRUE,FALSE,TRUE,1162.3931623931624
2022-01-24,/apartamentos-venta-naco/1202955/,3,3.5,3,US$,459800,Algonovo Real Estate,Naco, Santo Domingo Centro (D.N.), Santo Domingo,En Construcción,222,Residencial,NA,TRUE,TRUE,TRUE,FALSE,FALSE,TRUE,TRUE,FALSE,TRUE,459800
2022-01-24,/apartamentos-venta-naco/1260144/,3,2.5,2,US$,205000,Algonovo Real Estate,Naco, Santo Domingo Centro (D.N.), Santo Domingo,Segundo Uso,151,Residencial,NA,TRUE,TRUE,FALSE,FALSE,FALSE,TRUE,TRUE,FALSE,FALSE,205000
2022-01-24,/apartamentos-venta-naco/1265956/,3,4.5,3,US$,290000,Gomez Inmobiliaria ,Naco, Santo Domingo Centro (D.N.), Santo Domingo,Segundo Uso,225,Residencial,NA,TRUE,TRUE,FALSE,FALSE,TRUE,TRUE,TRUE,FALSE,FALSE,290000
2022-01-24,/apartamentos-venta-naco/1264333/,1,2,1,US$,125000,Marco Rivero,Naco, Santo Domingo Centro (D.N.), Santo Domingo,Nueva,70,Residencial,NA,TRUE,TRUE,TRUE,TRUE,TRUE,TRUE,TRUE,FALSE,TRUE,125000
2022-01-24,/apartamentos-venta-naco/1264030/,1,1.5,1,US$,128000,Marco Rivero,Naco, Santo Domingo Centro (D.N.), Santo Domingo,Nueva,70,Residencial,NA,TRUE,TRUE,TRUE,TRUE,TRUE,TRUE,TRUE,FALSE,FALSE,128000
2022-01-24,/apartamentos-venta-naco/1253094/,2,2,2,US$,293000,Seekers Inmobiliaria,Naco, Santo Domingo Centro (D.N.), Santo Domingo,Nueva,154,Residencial,11,FALSE,TRUE,FALSE,FALSE,TRUE,TRUE,TRUE,FALSE,TRUE,293000
2022-01-24,/apartamentos-venta-naco/1252449/,2,3.5,3,US$,297682,Seekers Inmobiliaria,Naco, Santo Domingo Centro (D.N.), Santo Domingo,En Construcción,165,Residencial,NA,FALSE,TRUE,FALSE,FALSE,TRUE,TRUE,FALSE,FALSE,FALSE,297682
2022-01-24,/apartamentos-venta-naco/1253174/,1,1.5,1,US$,123600,Seekers Inmobiliaria,Naco, Santo Domingo Centro (D.N.), Santo Domingo,En Construcción,74,Residencial,NA,TRUE,TRUE,TRUE,FALSE,TRUE,FALSE,TRUE,FALSE,TRUE,123600
2022-01-24,/apartamentos-venta-naco/1252447/,2,3.5,3,US$,273853,Seekers Inmobiliaria,Naco, Santo Domingo Centro (D.N.), Santo Domingo,En Construcción,163,Residencial,NA,FALSE,FALSE,FALSE,FALSE,TRUE,TRUE,TRUE,FALSE,TRUE,273853
2022-01-24,/apartamentos-venta-naco/1252440/,2,2.5,2,US$,230396,Seekers Inmobiliaria,Naco, Santo Domingo Centro (D.N.), Santo Domingo,En Construcción,125,Residencial,NA,FALSE,TRUE,FALSE,FALSE,TRUE,TRUE,FALSE,FALSE,TRUE,230396
2022-01-24,/apartamentos-venta-naco/1252438/,2,2.5,2,US$,197824,Seekers Inmobiliaria,Naco, Santo Domingo Centro (D.N.), Santo Domingo,En Construcción,107,Residencial,NA,FALSE,TRUE,FALSE,FALSE,TRUE,TRUE,FALSE,FALSE,TRUE,197824
2022-01-24,/apartamentos-venta-naco/1265708/,2,3.5,3,US$,265000,Inmobiliaria Grupal,Naco, Santo Domingo Centro (D.N.), Santo Domingo,Nueva,238,Residencial,4,TRUE,TRUE,TRUE,TRUE,FALSE,TRUE,TRUE,FALSE,TRUE,265000
2022-01-24,/apartamentos-venta-naco/1252460/,2,3.5,3,US$,245759,Seekers Inmobiliaria,Naco, Santo Domingo Centro (D.N.), Santo Domingo,En Construcción,153,Residencial,NA,TRUE,TRUE,FALSE,FALSE,TRUE,FALSE,FALSE,FALSE,TRUE,245759
2022-01-24,/apartamentos-venta-naco/1245414/,2,2.5,2,US$,238000,Seekers Inmobiliaria,Naco, Santo Domingo Centro (D.N.), Santo Domingo,En Construcción,137,Residencial,NA,FALSE,FALSE,TRUE,FALSE,TRUE,FALSE,FALSE,FALSE,TRUE,238000
2022-01-24,/apartamentos-venta-y-alquiler-naco/1262760/,2,3.5,3,US$,300000,Seekers Inmobiliaria,Naco, Santo Domingo Centro (D.N.), Santo Domingo,Segundo Uso,300,Residencial,1,FALSE,FALSE,FALSE,FALSE,FALSE,FALSE,FALSE,FALSE,FALSE,300000
2022-01-24,/apartamentos-venta-naco/1241245/,2,2,1,US$,153000,Seekers Inmobiliaria,Naco, Santo Domingo Centro (D.N.), Santo Domingo,En Construcción,81,Residencial,4,FALSE,FALSE,TRUE,FALSE,TRUE,TRUE,FALSE,FALSE,TRUE,153000
2022-01-24,/apartamentos-venta-naco/1241252/,2,2,2,US$,192000,Seekers Inmobiliaria,Naco, Santo Domingo Centro (D.N.), Santo Domingo,En Construcción,128,Residencial,NA,TRUE,TRUE,FALSE,FALSE,TRUE,TRUE,FALSE,TRUE,TRUE,192000
2022-01-24,/apartamentos-venta-naco/1239209/,2,3,3,US$,390600,Seekers Inmobiliaria,Naco, Santo Domingo Centro (D.N.), Santo Domingo,En Construcción,252,Residencial,NA,FALSE,TRUE,FALSE,FALSE,FALSE,FALSE,FALSE,FALSE,TRUE,390600
2022-01-24,/apartamentos-venta-naco/1239025/,1,2,1,US$,143000,Seekers Inmobiliaria,Naco, Santo Domingo Centro (D.N.), Santo Domingo,En Planos,65,Residencial,2,FALSE,TRUE,TRUE,FALSE,FALSE,TRUE,FALSE,TRUE,TRUE,143000
2022-01-24,/apartamentos-venta-naco/1239028/,1,2,1,US$,143000,Seekers Inmobiliaria,Naco, Santo Domingo Centro (D.N.), Santo Domingo,En Planos,65,Residencial,2,FALSE,TRUE,TRUE,FALSE,FALSE,TRUE,FALSE,FALSE,TRUE,143000
2022-01-24,/apartamentos-venta-naco/1253176/,1,1.5,1,US$,131600,Seekers Inmobiliaria,Naco, Santo Domingo Centro (D.N.), Santo Domingo,En Construcción,74,Residencial,NA,FALSE,TRUE,TRUE,FALSE,TRUE,FALSE,TRUE,FALSE,TRUE,131600
2022-01-24,/apartamentos-venta-naco/1239029/,1,1.5,1,US$,173000,Seekers Inmobiliaria,Naco, Santo Domingo Centro (D.N.), Santo Domingo,En Planos,66,Residencial,NA,FALSE,TRUE,TRUE,FALSE,FALSE,TRUE,FALSE,TRUE,TRUE,173000
2022-01-24,/apartamentos-venta-naco/1233037/,2,2.5,2,US$,186648,Seekers Inmobiliaria,Naco, Santo Domingo Centro (D.N.), Santo Domingo,Nueva,105,Residencial,2,FALSE,TRUE,FALSE,FALSE,FALSE,TRUE,FALSE,FALSE,TRUE,186648
2022-01-24,/apartamentos-venta-naco/1246162/,3,3,3,US$,379750,Seekers Inmobiliaria,Naco, Santo Domingo Centro (D.N.), Santo Domingo,En Construcción,245,Residencial,NA,FALSE,TRUE,FALSE,FALSE,FALSE,TRUE,FALSE,FALSE,TRUE,379750
2022-01-24,/apartamentos-venta-naco/1265746/,1,1.5,1,US$,172000,Seekers Inmobiliaria,Naco, Santo Domingo Centro (D.N.), Santo Domingo,En Construcción,67,Residencial,NA,FALSE,TRUE,TRUE,FALSE,TRUE,TRUE,TRUE,FALSE,TRUE,172000
2022-01-24,/apartamentos-venta-naco/1228417/,3,3.5,3,US$,459800,Seekers Inmobiliaria,Naco, Santo Domingo Centro (D.N.), Santo Domingo,Nueva,259,Residencial,15,FALSE,FALSE,TRUE,FALSE,FALSE,TRUE,FALSE,FALSE,TRUE,459800
2022-01-24,/apartamentos-venta-naco/1257321/,1,1.5,1,US$,160072,Seekers Inmobiliaria,Naco, Santo Domingo Centro (D.N.), Santo Domingo,En Construcción,73,Residencial,8,FALSE,TRUE,TRUE,FALSE,TRUE,TRUE,FALSE,FALSE,TRUE,160072
2022-01-24,/apartamentos-venta-naco/1260432/,2,3.5,3,US$,384777,Seekers Inmobiliaria,Naco, Santo Domingo Centro (D.N.), Santo Domingo,Nueva,235,Residencial,NA,TRUE,TRUE,FALSE,FALSE,FALSE,TRUE,TRUE,FALSE,TRUE,384777
2022-01-24,/apartamentos-venta-naco/1240453/,2,3,3,US$,448400,Seekers Inmobiliaria,Naco, Santo Domingo Centro (D.N.), Santo Domingo,En Construcción,240,Residencial,3,FALSE,TRUE,FALSE,FALSE,FALSE,TRUE,FALSE,FALSE,TRUE,448400
2022-01-24,/apartamentos-venta-naco/1264961/,1,1,1,US$,186520,Seekers Inmobiliaria,Naco, Santo Domingo Centro (D.N.), Santo Domingo,En Construcción,42,Residencial,NA,FALSE,TRUE,FALSE,FALSE,FALSE,FALSE,FALSE,TRUE,FALSE,186520
2022-01-24,/apartamentos-venta-naco/1264037/,2,3.5,3,US$,379750,Mudate,Naco, Santo Domingo Centro (D.N.), Santo Domingo,Nueva,245,Residencial,NA,FALSE,FALSE,FALSE,FALSE,FALSE,FALSE,FALSE,FALSE,FALSE,379750
2022-01-24,/apartamentos-venta-naco/1264036/,2,3.5,3,US$,415000,Mudate,Naco, Santo Domingo Centro (D.N.), Santo Domingo,Nueva,245,Residencial,NA,FALSE,FALSE,FALSE,FALSE,FALSE,FALSE,FALSE,FALSE,FALSE,415000
2022-01-24,/apartamentos-venta-naco/1256372/,3,3.5,3,US$,420000,Mudate,Naco, Santo Domingo Centro (D.N.), Santo Domingo,Nueva,210,Residencial,NA,FALSE,FALSE,FALSE,FALSE,FALSE,FALSE,FALSE,FALSE,FALSE,420000
2022-01-24,/apartamentos-venta-naco/1258447/,2,2.5,2,US$,170000,Mudate,Naco, Santo Domingo Centro (D.N.), Santo Domingo,Nueva,112,Residencial,NA,FALSE,FALSE,FALSE,FALSE,FALSE,FALSE,FALSE,FALSE,FALSE,170000
2022-01-24,/apartamentos-venta-naco/1233032/,1,1,1,US$,140200,Mudate,Naco, Santo Domingo Centro (D.N.), Santo Domingo,Nueva,65,Residencial,NA,FALSE,FALSE,FALSE,FALSE,FALSE,FALSE,FALSE,FALSE,FALSE,140200
2022-01-24,/apartamentos-venta-naco/1196994/,2,3.5,3,US$,395000,Mudate,Naco, Santo Domingo Centro (D.N.), Santo Domingo,Nueva,240,Residencial,NA,FALSE,FALSE,FALSE,FALSE,FALSE,TRUE,FALSE,FALSE,TRUE,395000
2022-01-24,/apartamentos-venta-naco/1258506/,2,2.5,3,US$,255000,Mudate,Naco, Santo Domingo Centro (D.N.), Santo Domingo,Nueva,179,Residencial,NA,FALSE,FALSE,FALSE,FALSE,FALSE,FALSE,FALSE,FALSE,FALSE,255000
2022-01-24,/apartamentos-venta-naco/1258448/,1,1.5,1,US$,140200,Mudate,Naco, Santo Domingo Centro (D.N.), Santo Domingo,Nueva,65,Residencial,NA,FALSE,FALSE,FALSE,FALSE,FALSE,FALSE,FALSE,FALSE,FALSE,140200
2022-01-24,/apartamentos-venta-naco/1258450/,2,2.5,2,US$,166000,Mudate,Naco, Santo Domingo Centro (D.N.), Santo Domingo,Nueva,105,Residencial,NA,FALSE,FALSE,FALSE,FALSE,FALSE,FALSE,FALSE,FALSE,FALSE,166000
2022-01-24,/apartamentos-venta-naco/1258453/,2,2.5,3,US$,213000,Mudate,Naco, Santo Domingo Centro (D.N.), Santo Domingo,Nueva,NA,Residencial,NA,FALSE,FALSE,FALSE,FALSE,FALSE,FALSE,FALSE,FALSE,FALSE,213000
2022-01-24,/apartamentos-venta-naco/1258454/,1,2,1,US$,186640,Mudate,Naco, Santo Domingo Centro (D.N.), Santo Domingo,Nueva,72,Residencial,NA,FALSE,FALSE,FALSE,FALSE,FALSE,FALSE,FALSE,FALSE,FALSE,186640
2022-01-24,/apartamentos-venta-naco/1264223/,2,2.5,2,US$,193750,Mudate,Naco, Santo Domingo Centro (D.N.), Santo Domingo,Nueva,112,Residencial,NA,FALSE,FALSE,FALSE,FALSE,FALSE,FALSE,FALSE,FALSE,FALSE,193750
2022-01-24,/apartamentos-venta-naco/1264224/,1,1.5,1,US$,140200,Mudate,Naco, Santo Domingo Centro (D.N.), Santo Domingo,Nueva,65,Residencial,NA,FALSE,FALSE,FALSE,FALSE,FALSE,FALSE,FALSE,FALSE,FALSE,140200
2022-01-24,/apartamentos-venta-naco/1258487/,2,3,3,US$,375000,Mudate,Naco, Santo Domingo Centro (D.N.), Santo Domingo,Nueva,285,Residencial,NA,FALSE,FALSE,FALSE,FALSE,FALSE,FALSE,FALSE,FALSE,FALSE,375000
2022-01-24,/apartamentos-venta-naco/1247317/,2,2.5,2,US$,272000,Mudate,Naco, Santo Domingo Centro (D.N.), Santo Domingo,Nueva,193,Residencial,NA,FALSE,FALSE,FALSE,FALSE,FALSE,FALSE,FALSE,FALSE,FALSE,272000
2022-01-24,/apartamentos-venta-naco/1258479/,1,1.5,1,US$,134000,Mudate,Naco, Santo Domingo Centro (D.N.), Santo Domingo,Nueva,75,Residencial,NA,FALSE,FALSE,FALSE,FALSE,FALSE,FALSE,FALSE,FALSE,FALSE,134000
2022-01-24,/apartamentos-venta-naco/1258508/,2,3.5,3,US$,279000,Mudate,Naco, Santo Domingo Centro (D.N.), Santo Domingo,Nueva,211,Residencial,NA,FALSE,FALSE,FALSE,FALSE,FALSE,FALSE,FALSE,FALSE,FALSE,279000
2022-01-24,/apartamentos-venta-naco/1258516/,2,2.5,2,US$,184000,Mudate,Naco, Santo Domingo Centro (D.N.), Santo Domingo,Nueva,132,Residencial,NA,FALSE,FALSE,FALSE,FALSE,FALSE,FALSE,FALSE,FALSE,FALSE,184000
2022-01-24,/apartamentos-venta-naco/1201135/,2,2.5,2,US$,175000,Mudate,Naco, Santo Domingo Centro (D.N.), Santo Domingo,Nueva,101,Residencial,NA,TRUE,TRUE,TRUE,FALSE,TRUE,FALSE,FALSE,FALSE,TRUE,175000
2022-01-24,/apartamentos-venta-naco/1194953/,2,2.5,2,US$,260000,Mudate,Naco, Santo Domingo Centro (D.N.), Santo Domingo,Nueva,170,Residencial,NA,TRUE,TRUE,TRUE,TRUE,TRUE,TRUE,FALSE,FALSE,TRUE,260000
2022-01-24,/apartamentos-venta-naco/1258518/,2,3.5,3,US$,226000,Mudate,Naco, Santo Domingo Centro (D.N.), Santo Domingo,Nueva,162,Residencial,NA,FALSE,FALSE,FALSE,FALSE,FALSE,FALSE,FALSE,FALSE,FALSE,226000
2022-01-24,/apartamentos-venta-naco/1194952/,2,1.5,1,US$,160072,Mudate,Naco, Santo Domingo Centro (D.N.), Santo Domingo,Nueva,103,Residencial,NA,TRUE,TRUE,TRUE,TRUE,TRUE,TRUE,FALSE,FALSE,TRUE,160072
2022-01-24,/apartamentos-venta-naco/1258446/,2,3.5,3,US$,421200,Mudate,Naco, Santo Domingo Centro (D.N.), Santo Domingo,Nueva,240,Residencial,NA,FALSE,FALSE,FALSE,FALSE,FALSE,FALSE,FALSE,FALSE,FALSE,421200
2022-01-24,/apartamentos-venta-naco/1233033/,2,2,2,US$,175000,Mudate,Naco, Santo Domingo Centro (D.N.), Santo Domingo,Nueva,112,Residencial,NA,FALSE,FALSE,FALSE,FALSE,FALSE,FALSE,FALSE,FALSE,FALSE,175000
2022-01-24,/apartamentos-venta-naco/1258441/,1,1.5,1,US$,130000,Mudate,Naco, Santo Domingo Centro (D.N.), Santo Domingo,Nueva,58,Residencial,NA,FALSE,FALSE,TRUE,FALSE,TRUE,FALSE,FALSE,TRUE,TRUE,130000
2022-01-24,/apartamentos-venta-naco/1258442/,2,2.5,2,US$,200000,Mudate,Naco, Santo Domingo Centro (D.N.), Santo Domingo,Nueva,96,Residencial,NA,FALSE,FALSE,TRUE,FALSE,TRUE,FALSE,FALSE,TRUE,TRUE,200000
2022-01-24,/apartamentos-venta-naco/1247248/,3,3.5,3,US$,297000,Mudate,Naco, Santo Domingo Centro (D.N.), Santo Domingo,Nueva,207,Residencial,NA,TRUE,TRUE,TRUE,TRUE,TRUE,TRUE,FALSE,FALSE,TRUE,297000
2022-01-24,/apartamentos-venta-naco/1208749/,3,3.5,3,US$,432000,Mudate,Naco, Santo Domingo Centro (D.N.), Santo Domingo,Nueva,265,Residencial,NA,TRUE,TRUE,TRUE,TRUE,TRUE,TRUE,TRUE,FALSE,TRUE,432000
2022-01-24,/apartamentos-venta-naco/1254671/,3,3.5,3,US$,490000,Mudate,Naco, Santo Domingo Centro (D.N.), Santo Domingo,Nueva,310,Residencial,NA,FALSE,FALSE,FALSE,FALSE,FALSE,FALSE,FALSE,FALSE,FALSE,490000
2022-01-24,/apartamentos-venta-naco/1251196/,2,3.5,3,US$,450000,Mudate,Naco, Santo Domingo Centro (D.N.), Santo Domingo,Nueva,240,Residencial,NA,FALSE,FALSE,FALSE,FALSE,FALSE,FALSE,FALSE,FALSE,FALSE,450000
2022-01-24,/apartamentos-venta-naco/1256069/,1,1.5,1,US$,122500,Mudate,Naco, Santo Domingo Centro (D.N.), Santo Domingo,Nueva,57,Residencial,NA,FALSE,FALSE,FALSE,FALSE,FALSE,FALSE,FALSE,FALSE,FALSE,122500
2022-01-24,/apartamentos-venta-naco/1196534/,NA,NA,NA,US$,278000,Mudate,Naco, Santo Domingo Centro (D.N.), Santo Domingo,Nueva,136,Residencial,NA,FALSE,FALSE,FALSE,FALSE,FALSE,FALSE,FALSE,FALSE,FALSE,278000
2022-01-24,/apartamentos-venta-naco/1250027/,2,2.5,2,US$,189000,Mudate,Naco, Santo Domingo Centro (D.N.), Santo Domingo,Nueva,122,Residencial,NA,FALSE,FALSE,FALSE,FALSE,FALSE,FALSE,FALSE,FALSE,FALSE,189000
2022-01-24,/apartamentos-venta-naco/1258378/,2,3.5,3,US$,421200,Mudate,Naco, Santo Domingo Centro (D.N.), Santo Domingo,Nueva,240,Residencial,NA,FALSE,FALSE,FALSE,FALSE,FALSE,FALSE,FALSE,FALSE,FALSE,421200
2022-01-24,/apartamentos-venta-naco/1256068/,2,2,2,US$,170800,Mudate,Naco, Santo Domingo Centro (D.N.), Santo Domingo,Nueva,89,Residencial,NA,FALSE,FALSE,FALSE,FALSE,FALSE,FALSE,FALSE,FALSE,FALSE,170800
2022-01-24,/apartamentos-venta-naco/1258510/,2,3.5,3,US$,395000,Mudate,Naco, Santo Domingo Centro (D.N.), Santo Domingo,Nueva,240,Residencial,NA,FALSE,FALSE,FALSE,FALSE,FALSE,TRUE,FALSE,FALSE,TRUE,395000
2022-01-24,/apartamentos-venta-naco/1258514/,2,2,1,US$,133000,Mudate,Naco, Santo Domingo Centro (D.N.), Santo Domingo,Nueva,81,Residencial,NA,FALSE,FALSE,FALSE,FALSE,FALSE,FALSE,FALSE,FALSE,FALSE,133000
2022-01-24,/apartamentos-venta-y-alquiler-naco/1266995/,2,2,2,US$,125000,Plusval Puente Azul,Naco, Santo Domingo Centro (D.N.), Santo Domingo,Segundo Uso,100,Residencial,7,TRUE,TRUE,FALSE,FALSE,FALSE,TRUE,FALSE,FALSE,FALSE,125000
2022-01-24,/apartamentos-venta-naco/1267737/,2,2.5,2,US$,216000,Maravilla Properties,Naco, Santo Domingo Centro (D.N.), Santo Domingo,Nueva,134,Residencial,2,TRUE,TRUE,FALSE,FALSE,FALSE,TRUE,TRUE,FALSE,TRUE,216000
2022-01-24,/apartamentos-venta-naco/1257991/,2,2.5,2,US$,290000,Inmobiliaria Grupal,Naco, Santo Domingo Centro (D.N.), Santo Domingo,Nueva,179,Residencial,7,FALSE,TRUE,FALSE,FALSE,FALSE,FALSE,TRUE,FALSE,TRUE,290000
2022-01-24,/apartamentos-venta-naco/1266786/,2,2,2,US$,195000,MCR Asesoría Inmobiliaria,Naco, Santo Domingo Centro (D.N.), Santo Domingo,En Construcción,90,Residencial,NA,TRUE,TRUE,FALSE,FALSE,TRUE,TRUE,TRUE,FALSE,TRUE,195000
2022-01-24,/apartamentos-venta-naco/1266785/,1,2,1,US$,138000,MCR Asesoría Inmobiliaria,Naco, Santo Domingo Centro (D.N.), Santo Domingo,En Construcción,60,Residencial,NA,TRUE,TRUE,FALSE,FALSE,TRUE,TRUE,TRUE,FALSE,TRUE,138000
2022-01-24,/apartamentos-venta-naco/1187582/,2,3.5,3,US$,282000,MCR Asesoría Inmobiliaria,Naco, Santo Domingo Centro (D.N.), Santo Domingo,En Construcción,202,Residencial,NA,TRUE,TRUE,TRUE,FALSE,TRUE,TRUE,TRUE,TRUE,TRUE,282000
2022-01-24,/apartamentos-venta-naco/1265639/,2,3,3,US$,265000,Inmobiliaria Grupal,Naco, Santo Domingo Centro (D.N.), Santo Domingo,Nueva,238,Residencial,4,TRUE,TRUE,TRUE,FALSE,FALSE,TRUE,TRUE,FALSE,TRUE,265000
2022-01-24,/apartamentos-venta-naco/1266521/,2,3.5,3,US$,300000,Seekers Inmobiliaria,Naco, Santo Domingo Centro (D.N.), Santo Domingo,Nueva,300,Residencial,1,TRUE,FALSE,FALSE,FALSE,FALSE,FALSE,TRUE,FALSE,FALSE,300000
2022-01-24,/apartamentos-venta-naco/1264308/,2,2.5,3,US$,258720,Ciudad Inmobiliaria ,Naco, Santo Domingo Centro (D.N.), Santo Domingo,En Construcción,116,Residencial,NA,TRUE,TRUE,TRUE,FALSE,FALSE,TRUE,TRUE,FALSE,TRUE,258720
2022-01-24,/apartamentos-venta-naco/1264306/,2,2.5,2,US$,212522,Ciudad Inmobiliaria ,Naco, Santo Domingo Centro (D.N.), Santo Domingo,En Construcción,93,Residencial,NA,TRUE,TRUE,TRUE,FALSE,FALSE,TRUE,TRUE,FALSE,TRUE,212522
2022-01-24,/apartamentos-venta-naco/1264305/,1,1.5,1,US$,158885,Ciudad Inmobiliaria ,Naco, Santo Domingo Centro (D.N.), Santo Domingo,En Construcción,61,Residencial,NA,TRUE,TRUE,TRUE,TRUE,TRUE,TRUE,TRUE,FALSE,TRUE,158885
2022-01-24,/apartamentos-venta-naco/1264304/,3,3.5,3,US$,310000,Ciudad Inmobiliaria ,Naco, Santo Domingo Centro (D.N.), Santo Domingo,En Construcción,191,Residencial,5,TRUE,TRUE,TRUE,FALSE,TRUE,TRUE,TRUE,FALSE,TRUE,310000
2022-01-24,/apartamentos-venta-naco/1262481/,1,1,1,US$,150000,Ciudad Inmobiliaria ,Naco, Santo Domingo Centro (D.N.), Santo Domingo,En Planos,37,Comercial,NA,TRUE,TRUE,TRUE,TRUE,TRUE,TRUE,TRUE,TRUE,TRUE,150000
2022-01-24,/apartamentos-venta-naco/1261065/,1,1.5,1,US$,85000,Ciudad Inmobiliaria ,Naco, Santo Domingo Centro (D.N.), Santo Domingo,En Construcción,57,Residencial,NA,TRUE,TRUE,FALSE,FALSE,FALSE,TRUE,TRUE,FALSE,TRUE,85000
2022-01-24,/apartamentos-venta-naco/1216128/,1,2.5,2,US$,146950,Ciudad Inmobiliaria ,Naco, Santo Domingo Centro (D.N.), Santo Domingo,En Planos,79,Residencial,NA,TRUE,TRUE,FALSE,TRUE,TRUE,TRUE,TRUE,TRUE,TRUE,146950
2022-01-24,/apartamentos-venta-naco/1235948/,1,1.5,1,US$,115000,Ciudad Inmobiliaria ,Naco, Santo Domingo Centro (D.N.), Santo Domingo,En Construcción,68,Residencial,NA,TRUE,TRUE,TRUE,FALSE,TRUE,FALSE,TRUE,FALSE,TRUE,115000
2022-01-24,/apartamentos-venta-naco/1243099/,2,3.5,3,US$,400085,Ciudad Inmobiliaria ,Naco, Santo Domingo Centro (D.N.), Santo Domingo,En Planos,240,Residencial,NA,TRUE,TRUE,FALSE,FALSE,TRUE,TRUE,TRUE,FALSE,TRUE,400085
2022-01-24,/apartamentos-venta-naco/1252592/,2,2,2,US$,165000,Tu Casa RD,Naco, Santo Domingo Centro (D.N.), Santo Domingo,En Planos,93,Residencial,15,TRUE,TRUE,TRUE,FALSE,FALSE,TRUE,TRUE,TRUE,TRUE,165000
2022-01-24,/apartamentos-venta-naco/1257898/,NA,3,3,US$,268000,Tu Casa RD,Naco, Santo Domingo Centro (D.N.), Santo Domingo,Segundo Uso,260,Residencial,NA,FALSE,FALSE,FALSE,FALSE,FALSE,FALSE,TRUE,FALSE,FALSE,268000
2022-01-24,/apartamentos-venta-naco/1252591/,1,1.5,1,US$,125400,Tu Casa RD,Naco, Santo Domingo Centro (D.N.), Santo Domingo,En Planos,61,Residencial,15,TRUE,TRUE,TRUE,FALSE,TRUE,TRUE,TRUE,FALSE,TRUE,125400
2022-01-24,/apartamentos-venta-naco/1267959/,2,4,5,US$,425000,Premium Real Estate,Naco, Santo Domingo Centro (D.N.), Santo Domingo,Nueva,370,Residencial,9,TRUE,TRUE,FALSE,FALSE,FALSE,TRUE,TRUE,TRUE,TRUE,425000
2022-01-24,/apartamentos-venta-naco/1266565/,1,1.5,1,US$,144900,Premium Real Estate,Naco, Santo Domingo Centro (D.N.), Santo Domingo,En Construcción,NA,Mixto,NA,TRUE,TRUE,TRUE,FALSE,FALSE,TRUE,TRUE,FALSE,TRUE,144900
2022-01-24,/apartamentos-venta-naco/1255969/,2,2,2,US$,129000,Top International Realty,Naco, Santo Domingo Centro (D.N.), Santo Domingo,En Construcción,86,Residencial,3,TRUE,TRUE,FALSE,TRUE,TRUE,TRUE,TRUE,TRUE,TRUE,129000
2022-01-24,/apartamentos-venta-naco/1219810/,2,2.5,2,US$,259000,Top International Realty,Naco, Santo Domingo Centro (D.N.), Santo Domingo,Nueva,167,Residencial,8,TRUE,TRUE,TRUE,TRUE,TRUE,TRUE,TRUE,TRUE,TRUE,259000
2022-01-24,/apartamentos-venta-naco/1218076/,2,3.5,3,US$,389000,Top International Realty,Naco, Santo Domingo Centro (D.N.), Santo Domingo,Segundo Uso,261,Residencial,12,TRUE,TRUE,FALSE,TRUE,TRUE,TRUE,TRUE,FALSE,TRUE,389000
2022-01-24,/apartamentos-venta-naco/1254041/,1,1.5,1,US$,143000,Top International Realty,Naco, Santo Domingo Centro (D.N.), Santo Domingo,Nueva,73,Residencial,4,TRUE,TRUE,TRUE,FALSE,FALSE,TRUE,TRUE,FALSE,TRUE,143000
2022-01-24,/apartamentos-venta-naco/1198769/,1,1.5,1,US$,89000,Top International Realty,Naco, Santo Domingo Centro (D.N.), Santo Domingo,En Construcción,NA,Residencial,5,TRUE,TRUE,TRUE,TRUE,TRUE,TRUE,TRUE,TRUE,TRUE,89000
2022-01-24,/apartamentos-venta-naco/1221191/,1,1.5,1,US$,175000,Top International Realty,Naco, Santo Domingo Centro (D.N.), Santo Domingo,En Construcción,67,Residencial,6,TRUE,TRUE,TRUE,TRUE,TRUE,TRUE,TRUE,TRUE,TRUE,175000
2022-01-24,/apartamentos-venta-naco/1252529/,2,3.5,3,US$,260000,Top International Realty,Naco, Santo Domingo Centro (D.N.), Santo Domingo,Segundo Uso,193,Residencial,3,TRUE,TRUE,FALSE,TRUE,FALSE,TRUE,FALSE,FALSE,FALSE,260000
2022-01-24,/apartamentos-venta-naco/1230203/,2,2.5,2,US$,225000,Top International Realty,Naco, Santo Domingo Centro (D.N.), Santo Domingo,Nueva,126,Residencial,5,TRUE,TRUE,TRUE,TRUE,FALSE,TRUE,TRUE,TRUE,TRUE,225000
2022-01-24,/apartamentos-venta-naco/1254039/,2,2.5,3,US$,242000,Top International Realty,Naco, Santo Domingo Centro (D.N.), Santo Domingo,Nueva,140,Residencial,4,TRUE,TRUE,TRUE,FALSE,FALSE,TRUE,TRUE,FALSE,TRUE,242000
2022-01-24,/apartamentos-venta-naco/1254040/,2,2.5,2,US$,191000,Top International Realty,Naco, Santo Domingo Centro (D.N.), Santo Domingo,Nueva,121,Residencial,4,TRUE,TRUE,TRUE,TRUE,FALSE,TRUE,TRUE,FALSE,TRUE,191000
2022-01-24,/apartamentos-venta-naco/1255181/,3,3.5,3,US$,459800,Top International Realty,Naco, Santo Domingo Centro (D.N.), Santo Domingo,Nueva,256,Residencial,15,TRUE,TRUE,TRUE,TRUE,FALSE,TRUE,TRUE,FALSE,TRUE,459800
2022-01-24,/apartamentos-venta-naco/1255182/,2,2.5,2,US$,278300,Top International Realty,Naco, Santo Domingo Centro (D.N.), Santo Domingo,Nueva,159,Residencial,15,TRUE,TRUE,TRUE,TRUE,FALSE,TRUE,TRUE,FALSE,TRUE,278300
2022-01-24,/apartamentos-venta-naco/1236992/,2,2.5,2,US$,165000,Top International Realty,Naco, Santo Domingo Centro (D.N.), Santo Domingo,Segundo Uso,120,Residencial,2,TRUE,TRUE,FALSE,FALSE,FALSE,TRUE,TRUE,FALSE,TRUE,165000
2022-01-24,/apartamentos-venta-naco/1240676/,1,1.5,1,US$,168000,Top International Realty,Naco, Santo Domingo Centro (D.N.), Santo Domingo,En Construcción,67,Residencial,5,TRUE,TRUE,TRUE,TRUE,FALSE,TRUE,TRUE,TRUE,TRUE,168000
2022-01-24,/apartamentos-venta-naco/1266210/,2,3,2,US$,218846,CityMax Santo Domingo,Naco, Santo Domingo Centro (D.N.), Santo Domingo,En Construcción,130,Residencial,NA,TRUE,TRUE,TRUE,TRUE,TRUE,TRUE,TRUE,TRUE,TRUE,218846
2022-01-24,/apartamentos-venta-naco/1266213/,2,3.5,3,US$,463000,CityMax Santo Domingo,Naco, Santo Domingo Centro (D.N.), Santo Domingo,En Construcción,240,Residencial,10,FALSE,FALSE,FALSE,FALSE,FALSE,FALSE,FALSE,FALSE,FALSE,463000
2022-01-24,/apartamentos-venta-naco/1266183/,NA,3.5,3,US$,265000,Inmobiliaria Grupal,Naco, Santo Domingo Centro (D.N.), Santo Domingo,Nueva,238,Residencial,4,FALSE,FALSE,FALSE,FALSE,FALSE,FALSE,FALSE,FALSE,FALSE,265000
2022-01-24,/apartamentos-venta-naco/1253814/,2,3.5,1,US$,175000,Inmobiliaria Grupal,Naco, Santo Domingo Centro (D.N.), Santo Domingo,En Construcción,101,Residencial,NA,TRUE,FALSE,TRUE,FALSE,TRUE,TRUE,TRUE,FALSE,TRUE,175000
2022-01-24,/apartamentos-venta-naco/1266703/,2,2.5,2,US$,235000,Kw Gold,Naco, Santo Domingo Centro (D.N.), Santo Domingo,Nueva,134,Residencial,4,TRUE,TRUE,FALSE,FALSE,FALSE,FALSE,TRUE,FALSE,TRUE,235000
2022-01-24,/apartamentos-venta-naco/1265030/,2,3.5,3,US$,225000,Kw Gold,Naco, Santo Domingo Centro (D.N.), Santo Domingo,Segundo Uso,186,Residencial,8,TRUE,TRUE,FALSE,FALSE,FALSE,FALSE,TRUE,FALSE,FALSE,225000
2022-01-24,/apartamentos-venta-naco/1255608/,1,1.5,1,US$,156000,CityMax Santo Domingo,Naco, Santo Domingo Centro (D.N.), Santo Domingo,En Construcción,73,Residencial,NA,TRUE,TRUE,TRUE,FALSE,TRUE,TRUE,TRUE,FALSE,TRUE,156000
2022-01-24,/apartamentos-venta-naco/1262088/,1,1,1,US$,120000,CityMax Santo Domingo,Naco, Santo Domingo Centro (D.N.), Santo Domingo,En Construcción,60,Residencial,NA,TRUE,TRUE,TRUE,FALSE,TRUE,TRUE,TRUE,FALSE,TRUE,120000
2022-01-24,/apartamentos-venta-naco/1239124/,1,1.5,1,US$,139500,Seekers Inmobiliaria,Naco, Santo Domingo Centro (D.N.), Santo Domingo,En Planos,60,Residencial,2,TRUE,TRUE,TRUE,TRUE,FALSE,TRUE,TRUE,FALSE,TRUE,139500
2022-01-24,/apartamentos-venta-naco/1239158/,1,2,2,US$,175775,Seekers Inmobiliaria,Naco, Santo Domingo Centro (D.N.), Santo Domingo,En Planos,89,Residencial,2,TRUE,TRUE,TRUE,TRUE,FALSE,TRUE,TRUE,FALSE,FALSE,175775
2022-01-24,/apartamentos-venta-naco/1249247/,2,2.5,3,US$,275000,Anyelina Sánchez,Naco, Santo Domingo Centro (D.N.), Santo Domingo,Segundo Uso,NA,Residencial,NA,FALSE,FALSE,FALSE,FALSE,FALSE,FALSE,FALSE,FALSE,FALSE,275000
2022-01-24,/apartamentos-venta-naco/1249243/,2,3.5,3,US$,238500,Anyelina Sánchez,Naco, Santo Domingo Centro (D.N.), Santo Domingo,Segundo Uso,185,Residencial,NA,FALSE,FALSE,FALSE,FALSE,FALSE,FALSE,FALSE,FALSE,FALSE,238500
2022-01-24,/apartamentos-venta-naco/1249244/,2,3.5,3,US$,265000,Anyelina Sánchez,Naco, Santo Domingo Centro (D.N.), Santo Domingo,Nueva,238,Residencial,NA,FALSE,FALSE,FALSE,FALSE,FALSE,FALSE,FALSE,FALSE,FALSE,265000
2022-01-24,/apartamentos-venta-naco/1249245/,2,3.5,3,US$,320000,Anyelina Sánchez,Naco, Santo Domingo Centro (D.N.), Santo Domingo,Nueva,257,Residencial,NA,FALSE,FALSE,FALSE,FALSE,FALSE,FALSE,FALSE,FALSE,FALSE,320000
2022-01-24,/apartamentos-venta-naco/1249246/,2,3.5,3,US$,395000,Anyelina Sánchez,Naco, Santo Domingo Centro (D.N.), Santo Domingo,Segundo Uso,NA,Residencial,NA,FALSE,FALSE,FALSE,FALSE,FALSE,FALSE,FALSE,FALSE,FALSE,395000
2022-01-24,/apartamentos-venta-naco/1253717/,2,3.5,3,US$,245750,Seekers Inmobiliaria,Naco, Santo Domingo Centro (D.N.), Santo Domingo,En Construcción,153,Residencial,2,TRUE,TRUE,FALSE,FALSE,TRUE,TRUE,TRUE,FALSE,TRUE,245750
2022-01-24,/apartamentos-venta-naco/1257485/,1,1.5,1,US$,147400,Seekers Inmobiliaria,Naco, Santo Domingo Centro (D.N.), Santo Domingo,En Construcción,73,Residencial,NA,TRUE,TRUE,TRUE,TRUE,TRUE,TRUE,TRUE,FALSE,TRUE,147400
2022-01-24,/apartamentos-venta-naco/1253715/,2,2.5,2,US$,197824,Seekers Inmobiliaria,Naco, Santo Domingo Centro (D.N.), Santo Domingo,En Construcción,107,Residencial,4,TRUE,TRUE,FALSE,FALSE,TRUE,TRUE,TRUE,FALSE,TRUE,197824
2022-01-24,/apartamentos-venta-naco/1265512/,1,1,1,US$,186520,Seekers Inmobiliaria,Naco, Santo Domingo Centro (D.N.), Santo Domingo,En Construcción,42,Residencial,NA,TRUE,FALSE,TRUE,FALSE,FALSE,TRUE,FALSE,TRUE,FALSE,186520
2022-01-24,/apartamentos-venta-naco/1246734/,1,1,1,US$,74000,Premium Real Estate,Naco, Santo Domingo Centro (D.N.), Santo Domingo,En Construcción,36,Residencial,12,TRUE,TRUE,TRUE,FALSE,TRUE,TRUE,FALSE,FALSE,TRUE,74000
2022-01-24,/apartamentos-venta-naco/1256483/,2,2.5,2,US$,145000,Premium Real Estate,Naco, Santo Domingo Centro (D.N.), Santo Domingo,En Planos,58,Residencial,NA,FALSE,TRUE,TRUE,FALSE,TRUE,TRUE,FALSE,TRUE,TRUE,145000
2022-01-24,/apartamentos-venta-naco/1254053/,3,3,3,US$,394450,CityMax Santo Domingo,Naco, Santo Domingo Centro (D.N.), Santo Domingo,En Construcción,245,Residencial,3,FALSE,TRUE,TRUE,TRUE,TRUE,TRUE,TRUE,TRUE,TRUE,394450
2022-01-24,/apartamentos-venta-naco/1262352/,1,1.5,1,US$,120000,CityMax Santo Domingo,Naco, Santo Domingo Centro (D.N.), Santo Domingo,En Construcción,60,Residencial,10,TRUE,TRUE,TRUE,FALSE,TRUE,FALSE,TRUE,FALSE,TRUE,120000
2022-01-24,/apartamentos-venta-naco/1267958/,1,1.5,1,US$,195140,CityMax Santo Domingo,Naco, Santo Domingo Centro (D.N.), Santo Domingo,Nueva,77,Residencial,16,TRUE,TRUE,TRUE,FALSE,FALSE,FALSE,TRUE,TRUE,TRUE,195140
2022-01-24,/apartamentos-venta-naco/1267961/,1,1.5,1,US$,165000,CityMax Santo Domingo,Naco, Santo Domingo Centro (D.N.), Santo Domingo,En Construcción,73,Residencial,2,TRUE,TRUE,TRUE,FALSE,FALSE,TRUE,TRUE,FALSE,TRUE,165000
2022-01-24,/apartamentos-venta-naco/1261384/,2,3.5,3,US$,254000,CityMax Santo Domingo,Naco, Santo Domingo Centro (D.N.), Santo Domingo,En Construcción,165,Residencial,5,TRUE,TRUE,FALSE,FALSE,FALSE,FALSE,TRUE,TRUE,FALSE,254000
2022-01-24,/apartamentos-venta-naco/1267893/,2,4,5,US$,425000,Premium Real Estate,Naco, Santo Domingo Centro (D.N.), Santo Domingo,Nueva,370,Residencial,NA,FALSE,FALSE,FALSE,FALSE,FALSE,FALSE,FALSE,FALSE,FALSE,425000
2022-01-24,/apartamentos-venta-naco/1253806/,2,3.5,3,US$,275404,CityMax Santo Domingo,Naco, Santo Domingo Centro (D.N.), Santo Domingo,En Construcción,137,Residencial,12,TRUE,TRUE,FALSE,FALSE,TRUE,TRUE,TRUE,FALSE,TRUE,275404
2022-01-24,/apartamentos-venta-naco/1268219/,NA,3,1,US$,150000,Premium Real Estate,Naco, Santo Domingo Centro (D.N.), Santo Domingo,En Construcción,NA,Residencial,NA,FALSE,FALSE,FALSE,FALSE,FALSE,FALSE,FALSE,FALSE,FALSE,150000
2022-01-24,/apartamentos-venta-naco/1267568/,2,2.5,2,US$,195000,Lucila Brito,Naco, Santo Domingo Centro (D.N.), Santo Domingo,Segundo Uso,139,Residencial,5,TRUE,TRUE,TRUE,TRUE,FALSE,TRUE,TRUE,FALSE,TRUE,195000
2022-01-24,/apartamentos-venta-naco/1245836/,1,2,3,US$,170000,Premium Real Estate,Naco, Santo Domingo Centro (D.N.), Santo Domingo,Segundo Uso,219,Residencial,NA,FALSE,FALSE,FALSE,FALSE,FALSE,FALSE,FALSE,FALSE,FALSE,170000
2022-01-24,/apartamentos-venta-naco/1250823/,2,2,2,US$,159000,Inmobiliaria Grupal,Naco, Santo Domingo Centro (D.N.), Santo Domingo,Nueva,NA,Residencial,5,TRUE,TRUE,FALSE,TRUE,TRUE,TRUE,TRUE,FALSE,TRUE,159000
2022-01-24,/apartamentos-venta-naco/1250893/,2,5,3,US$,400000,Inmobiliaria Grupal,Naco, Santo Domingo Centro (D.N.), Santo Domingo,En Construcción,245,Residencial,2,TRUE,TRUE,FALSE,TRUE,TRUE,TRUE,TRUE,FALSE,TRUE,400000
2022-01-24,/apartamentos-venta-naco/1252690/,1,NA,3,US$,214000,Inmobiliaria Grupal,Naco, Santo Domingo Centro (D.N.), Santo Domingo,Nueva,66,Residencial,NA,TRUE,TRUE,FALSE,FALSE,FALSE,TRUE,FALSE,FALSE,TRUE,214000
2022-01-24,/apartamentos-venta-naco/1268210/,2,2.5,2,US$,174500,Domus Mea Caribe Inmobiliaria,Naco, Santo Domingo Centro (D.N.), Santo Domingo,Segundo Uso,130,Residencial,6,TRUE,TRUE,FALSE,FALSE,FALSE,TRUE,TRUE,FALSE,FALSE,174500
2022-01-24,/apartamentos-venta-naco/1262567/,2,2.5,2,US$,212250,Capital Home,Naco, Santo Domingo Centro (D.N.), Santo Domingo,En Construcción,93,Residencial,NA,TRUE,TRUE,TRUE,FALSE,TRUE,TRUE,TRUE,FALSE,TRUE,212250
2022-01-24,/apartamentos-venta-naco/1262191/,NA,NA,NA,US$,150700,Capital Home,Naco, Santo Domingo Centro (D.N.), Santo Domingo,En Construcción,NA,Residencial,NA,FALSE,FALSE,FALSE,FALSE,FALSE,FALSE,FALSE,FALSE,FALSE,150700
2022-01-24,/apartamentos-venta-naco/1262566/,1,1.5,1,US$,151250,Capital Home,Naco, Santo Domingo Centro (D.N.), Santo Domingo,En Construcción,98,Residencial,NA,FALSE,TRUE,FALSE,FALSE,FALSE,TRUE,TRUE,FALSE,FALSE,151250
2022-01-24,/apartamentos-venta-naco/1262568/,2,2.5,2,US$,278500,Capital Home,Naco, Santo Domingo Centro (D.N.), Santo Domingo,Nueva,134,Residencial,NA,TRUE,TRUE,TRUE,FALSE,TRUE,TRUE,TRUE,FALSE,TRUE,278500
2022-01-24,/apartamentos-venta-naco/1252718/,2,2.5,3,US$,254100,Vidalpe Inmobiliaria,Naco, Santo Domingo Centro (D.N.), Santo Domingo,En Construcción,NA,Residencial,NA,TRUE,TRUE,TRUE,FALSE,TRUE,TRUE,FALSE,FALSE,TRUE,254100
2022-01-24,/apartamentos-venta-naco/1252717/,2,2.5,2,US$,205590,Vidalpe Inmobiliaria,Naco, Santo Domingo Centro (D.N.), Santo Domingo,En Construcción,NA,Residencial,NA,TRUE,TRUE,TRUE,FALSE,TRUE,TRUE,FALSE,FALSE,TRUE,205590
2022-01-24,/apartamentos-venta-naco/1252716/,1,1.5,1,US$,160072,Vidalpe Inmobiliaria,Naco, Santo Domingo Centro (D.N.), Santo Domingo,En Construcción,73,Residencial,NA,TRUE,TRUE,TRUE,FALSE,TRUE,TRUE,FALSE,FALSE,TRUE,160072
2022-01-24,/apartamentos-venta-naco/1247246/,1,1.5,1,US$,119480,Vidalpe Inmobiliaria,Naco, Santo Domingo Centro (D.N.), Santo Domingo,En Construcción,83,Residencial,NA,TRUE,TRUE,TRUE,FALSE,FALSE,TRUE,TRUE,TRUE,TRUE,119480
2022-01-24,/apartamentos-venta-naco/1265780/,1,1,1,US$,165770,Habitame Inmobiliaria,Naco, Santo Domingo Centro (D.N.), Santo Domingo,En Construcción,60,Residencial,NA,FALSE,FALSE,FALSE,FALSE,TRUE,TRUE,FALSE,FALSE,TRUE,165770
2022-01-24,/apartamentos-venta-naco/1251249/,2,3.5,3,US$,432000,Algonovo Real Estate,Naco, Santo Domingo Centro (D.N.), Santo Domingo,Nueva,265,Residencial,3,TRUE,TRUE,FALSE,TRUE,TRUE,TRUE,TRUE,FALSE,TRUE,432000
2022-01-24,/apartamentos-venta-naco/1204300/,2,NA,2,US$,246500,Algonovo Real Estate,Naco, Santo Domingo Centro (D.N.), Santo Domingo,Nueva,170,Residencial,NA,TRUE,TRUE,TRUE,TRUE,TRUE,TRUE,TRUE,TRUE,TRUE,246500
2022-01-24,/apartamentos-venta-naco/1260162/,3,2.5,2,US$,205000,Algonovo Real Estate,Naco, Santo Domingo Centro (D.N.), Santo Domingo,Segundo Uso,151,Residencial,NA,TRUE,TRUE,FALSE,FALSE,FALSE,TRUE,TRUE,FALSE,FALSE,205000
2022-01-24,/apartamentos-venta-naco/1252784/,1,1.5,1,US$,171000,Algonovo Real Estate,Naco, Santo Domingo Centro (D.N.), Santo Domingo,Nueva,78,Residencial,6,TRUE,TRUE,TRUE,TRUE,FALSE,TRUE,FALSE,FALSE,TRUE,171000
2022-01-24,/apartamentos-venta-naco/1261073/,2,2.5,3,US$,223210,Algonovo Real Estate,Naco, Santo Domingo Centro (D.N.), Santo Domingo,En Construcción,155,Residencial,3,TRUE,TRUE,FALSE,TRUE,TRUE,TRUE,TRUE,FALSE,TRUE,223210
2022-01-24,/apartamentos-venta-naco/1251124/,2,2.5,2,US$,186648,Algonovo Real Estate,Naco, Santo Domingo Centro (D.N.), Santo Domingo,En Construcción,105,Residencial,3,TRUE,TRUE,FALSE,TRUE,TRUE,FALSE,TRUE,TRUE,TRUE,186648
2022-01-24,/apartamentos-venta-naco/1267492/,2,3.5,3,US$,430000,Domus Mea Caribe Inmobiliaria,Naco, Santo Domingo Centro (D.N.), Santo Domingo,En Construcción,245,Residencial,NA,TRUE,TRUE,FALSE,FALSE,TRUE,TRUE,TRUE,FALSE,TRUE,430000
2022-01-24,/apartamentos-venta-naco/1266985/,2,2.5,2,US$,260000,Domus Mea Caribe Inmobiliaria,Naco, Santo Domingo Centro (D.N.), Santo Domingo,En Construcción,134,Residencial,NA,TRUE,TRUE,TRUE,FALSE,TRUE,TRUE,TRUE,FALSE,TRUE,260000
2022-01-24,/apartamentos-venta-naco/1243547/,3,4.5,4,US$,465000,Domus Mea Caribe Inmobiliaria,Naco, Santo Domingo Centro (D.N.), Santo Domingo,Nueva,395,Residencial,8,TRUE,TRUE,FALSE,FALSE,FALSE,FALSE,FALSE,TRUE,FALSE,465000
2022-01-24,/apartamentos-venta-naco/1265518/,2,2.5,2,US$,216000,Domus Mea Caribe Inmobiliaria,Naco, Santo Domingo Centro (D.N.), Santo Domingo,En Construcción,144,Residencial,3,TRUE,TRUE,FALSE,FALSE,TRUE,TRUE,TRUE,FALSE,TRUE,216000
2022-01-24,/apartamentos-venta-naco/1211931/,2,2.5,2,US$,238000,Domus Mea Caribe Inmobiliaria,Naco, Santo Domingo Centro (D.N.), Santo Domingo,En Construcción,137,Residencial,NA,TRUE,TRUE,FALSE,FALSE,FALSE,TRUE,TRUE,FALSE,FALSE,238000
2022-01-24,/apartamentos-venta-naco/1247935/,2,2.5,2,US$,275000,Domus Mea Caribe Inmobiliaria,Naco, Santo Domingo Centro (D.N.), Santo Domingo,Nueva,151,Residencial,13,TRUE,TRUE,TRUE,FALSE,FALSE,TRUE,FALSE,FALSE,FALSE,275000
2022-01-24,/apartamentos-venta-naco/1231997/,1,1.5,1,US$,125000,Inmobiliaria Grupal,Naco, Santo Domingo Centro (D.N.), Santo Domingo,Nueva,63,Mixto,2,TRUE,TRUE,TRUE,TRUE,TRUE,TRUE,TRUE,TRUE,TRUE,125000
2022-01-24,/apartamentos-venta-naco/1265275/,2,2.5,2,US$,160000,Top Side Brokers Realty Group,Naco, Santo Domingo Centro (D.N.), Santo Domingo,Segundo Uso,149,Residencial,NA,TRUE,TRUE,TRUE,FALSE,TRUE,TRUE,TRUE,FALSE,FALSE,160000
2022-01-24,/apartamentos-venta-naco/1266619/,2,2.5,3,US$,170000,Dreamhome Real Estate,Naco, Santo Domingo Centro (D.N.), Santo Domingo,Remodelada,190,Residencial,4,TRUE,TRUE,FALSE,FALSE,FALSE,FALSE,TRUE,TRUE,FALSE,170000
2022-01-24,/apartamentos-venta-naco/1216696/,2,3.5,3,US$,270000,Dreamhome Real Estate,Naco, Santo Domingo Centro (D.N.), Santo Domingo,Segundo Uso,145,Residencial,8,TRUE,TRUE,FALSE,FALSE,TRUE,TRUE,TRUE,TRUE,TRUE,270000
2022-01-24,/apartamentos-venta-naco/1258283/,3,3.5,3,US$,419000,Dreamhome Real Estate,Naco, Santo Domingo Centro (D.N.), Santo Domingo,En Construcción,252,Residencial,NA,TRUE,TRUE,FALSE,FALSE,FALSE,TRUE,TRUE,FALSE,TRUE,419000
2022-01-24,/apartamentos-venta-naco/1260391/,4,4.5,4,US$,495000,Dreamhome Real Estate,Naco, Santo Domingo Centro (D.N.), Santo Domingo,Segundo Uso,375,Residencial,7,TRUE,TRUE,TRUE,TRUE,TRUE,TRUE,FALSE,TRUE,FALSE,495000
2022-01-24,/apartamentos-venta-naco/1265193/,2,3.5,3,US$,448440,Dreamhome Real Estate,Naco, Santo Domingo Centro (D.N.), Santo Domingo,Nueva,265,Residencial,NA,TRUE,TRUE,FALSE,FALSE,FALSE,TRUE,TRUE,FALSE,TRUE,448440
2022-01-24,/apartamentos-venta-naco/1201624/,2,3.5,3,US$,223210,Dreamhome Real Estate,Naco, Santo Domingo Centro (D.N.), Santo Domingo,En Construcción,130,Residencial,NA,TRUE,TRUE,FALSE,FALSE,FALSE,FALSE,FALSE,FALSE,FALSE,223210
2022-01-24,/apartamentos-venta-naco/1263239/,3,3.5,3,US$,465800,Dreamhome Real Estate,Naco, Santo Domingo Centro (D.N.), Santo Domingo,En Construcción,338,Residencial,2,TRUE,TRUE,FALSE,FALSE,TRUE,TRUE,TRUE,FALSE,TRUE,465800
2022-01-24,/apartamentos-venta-naco/1267706/,1,1.5,1,US$,150000,FELIX CRUZ BROKERS SRL,Naco, Santo Domingo Centro (D.N.), Santo Domingo,Nueva,NA,Residencial,NA,FALSE,FALSE,FALSE,FALSE,FALSE,TRUE,FALSE,TRUE,TRUE,150000
2022-01-24,/apartamentos-venta-naco/1257899/,1,1.5,1,US$,160072,Seekers Inmobiliaria,Naco, Santo Domingo Centro (D.N.), Santo Domingo,En Construcción,73,Residencial,NA,TRUE,TRUE,TRUE,TRUE,FALSE,TRUE,FALSE,FALSE,TRUE,160072
2022-01-24,/apartamentos-venta-naco/1239529/,1,2,1,US$,130000,Seekers Inmobiliaria,Naco, Santo Domingo Centro (D.N.), Santo Domingo,En Construcción,55,Residencial,NA,TRUE,TRUE,TRUE,TRUE,TRUE,TRUE,TRUE,TRUE,TRUE,130000
2022-01-24,/apartamentos-venta-naco/1257975/,1,1,1,US$,147400,Seekers Inmobiliaria,Naco, Santo Domingo Centro (D.N.), Santo Domingo,En Construcción,73,Residencial,NA,FALSE,TRUE,TRUE,TRUE,TRUE,TRUE,FALSE,FALSE,TRUE,147400
2022-01-24,/apartamentos-venta-naco/1267620/,1,1.5,1,US$,138000,DARAD Real Estate RD,Naco, Santo Domingo Centro (D.N.), Santo Domingo,En Construcción,NA,Residencial,NA,TRUE,TRUE,TRUE,TRUE,TRUE,TRUE,TRUE,FALSE,TRUE,138000
2022-01-24,/apartamentos-venta-naco/1221281/,2,3.5,3,US$,225000,Time Homes Inmobiliaria,Naco, Santo Domingo Centro (D.N.), Santo Domingo,Segundo Uso,212,Residencial,6,TRUE,TRUE,FALSE,TRUE,TRUE,TRUE,TRUE,FALSE,FALSE,225000
2022-01-24,/apartamentos-venta-naco/1259194/,3,3,3,RD$,9700000,Time Homes Inmobiliaria,Naco, Santo Domingo Centro (D.N.), Santo Domingo,Segundo Uso,205,Residencial,10,TRUE,TRUE,FALSE,TRUE,FALSE,TRUE,FALSE,FALSE,FALSE,165811.9658119658
2022-01-24,/apartamentos-venta-naco/1266243/,NA,NA,NA,US$,290000,Inmobiliaria Grupal,Naco, Santo Domingo Centro (D.N.), Santo Domingo,Nueva,NA,Residencial,NA,FALSE,FALSE,FALSE,FALSE,FALSE,FALSE,FALSE,FALSE,FALSE,290000
2022-01-24,/apartamentos-venta-naco/1259939/,3,3.5,2,US$,325000,BAEZ MUESES INMOBILIARIA,Naco, Santo Domingo Centro (D.N.), Santo Domingo,Segundo Uso,220,Residencial,14,TRUE,TRUE,FALSE,TRUE,TRUE,TRUE,TRUE,FALSE,TRUE,325000
2022-01-24,/apartamentos-venta-naco/1249417/,2,3.5,3,US$,390600,Seekers Inmobiliaria,Naco, Santo Domingo Centro (D.N.), Santo Domingo,En Construcción,252,Residencial,3,TRUE,TRUE,FALSE,TRUE,FALSE,TRUE,TRUE,FALSE,TRUE,390600
2022-01-24,/apartamentos-venta-naco/1240914/,2,2.5,2,US$,192000,Seekers Inmobiliaria,Naco, Santo Domingo Centro (D.N.), Santo Domingo,En Construcción,128,Residencial,NA,TRUE,TRUE,FALSE,TRUE,FALSE,TRUE,TRUE,TRUE,TRUE,192000
2022-01-24,/apartamentos-venta-naco/1267583/,1,1,1,US$,186520,Seekers Inmobiliaria,Naco, Santo Domingo Centro (D.N.), Santo Domingo,En Construcción,42,Residencial,NA,TRUE,TRUE,TRUE,TRUE,FALSE,TRUE,FALSE,TRUE,TRUE,186520
2022-01-24,/apartamentos-venta-naco/1255442/,2,3.5,3,US$,375000,Mario Alberto Aquino,Naco, Santo Domingo Centro (D.N.), Santo Domingo,Segundo Uso,308,Residencial,10,TRUE,TRUE,FALSE,FALSE,FALSE,TRUE,TRUE,FALSE,TRUE,375000
2022-01-24,/apartamentos-venta-y-alquiler-naco/1268142/,2,4.5,4,US$,222000,Best Team Inmobiliaria ,Naco, Santo Domingo Centro (D.N.), Santo Domingo,Segundo Uso,280,Residencial,NA,TRUE,TRUE,FALSE,FALSE,FALSE,TRUE,FALSE,FALSE,FALSE,222000
2022-01-24,/apartamentos-venta-naco/1268132/,1,1.5,1,US$,142200,Paez Luxury Real Estate ,Naco, Santo Domingo Centro (D.N.), Santo Domingo,En Construcción,60,Residencial,NA,TRUE,FALSE,TRUE,FALSE,FALSE,FALSE,TRUE,FALSE,TRUE,142200
2022-01-24,/apartamentos-venta-naco/1268130/,3,3.5,3,US$,452000,Paez Luxury Real Estate ,Naco, Santo Domingo Centro (D.N.), Santo Domingo,Segundo Uso,404,Residencial,NA,TRUE,TRUE,FALSE,FALSE,FALSE,TRUE,TRUE,TRUE,FALSE,452000
2022-01-24,/apartamentos-venta-naco/1223937/,3,3.5,3,US$,273000,Mr. Home Asesores Inmobiliarios,Naco, Santo Domingo Centro (D.N.), Santo Domingo,Nueva,199,Residencial,NA,FALSE,TRUE,TRUE,FALSE,TRUE,TRUE,FALSE,FALSE,TRUE,273000
2022-01-24,/apartamentos-venta-naco/1249660/,NA,3.5,3,US$,372750,Mr. Home Asesores Inmobiliarios,Naco, Santo Domingo Centro (D.N.), Santo Domingo,En Construcción,136,Residencial,NA,FALSE,TRUE,FALSE,FALSE,FALSE,TRUE,FALSE,FALSE,TRUE,372750
2022-01-24,/apartamentos-venta-naco/1255989/,2,3.5,3,US$,250000,Inmobiliaria Baruch,Naco, Santo Domingo Centro (D.N.), Santo Domingo,NA,220,Residencial,6,TRUE,TRUE,TRUE,TRUE,FALSE,TRUE,TRUE,FALSE,TRUE,250000
2022-01-24,/apartamentos-venta-naco/1266329/,3,4.5,4,US$,345000,Inmobiliaria Baruch,Naco, Santo Domingo Centro (D.N.), Santo Domingo,Segundo Uso,345,Residencial,9,TRUE,TRUE,FALSE,TRUE,FALSE,TRUE,TRUE,FALSE,FALSE,345000
2022-01-24,/apartamentos-venta-naco/1246770/,2,2.5,2,US$,222200,Bonillamultiservice,Naco, Santo Domingo Centro (D.N.), Santo Domingo,Nueva,131,Residencial,NA,FALSE,FALSE,FALSE,FALSE,FALSE,FALSE,TRUE,FALSE,FALSE,222200
2022-01-24,/apartamentos-venta-naco/1246771/,2,2.5,2,US$,209000,Bonillamultiservice,Naco, Santo Domingo Centro (D.N.), Santo Domingo,Nueva,111,Residencial,NA,FALSE,FALSE,FALSE,FALSE,FALSE,TRUE,TRUE,FALSE,FALSE,209000
2022-01-24,/apartamentos-venta-naco/1246766/,2,2.5,2,US$,204600,Bonillamultiservice,Naco, Santo Domingo Centro (D.N.), Santo Domingo,Nueva,134,Residencial,NA,FALSE,FALSE,FALSE,FALSE,TRUE,FALSE,TRUE,FALSE,FALSE,204600
2022-01-24,/apartamentos-venta-naco/1259438/,1,1,1,US$,256450,Bonillamultiservice,Naco, Santo Domingo Centro (D.N.), Santo Domingo,En Construcción,132,Residencial,NA,FALSE,TRUE,FALSE,FALSE,FALSE,FALSE,TRUE,FALSE,FALSE,256450
2022-01-24,/apartamentos-venta-naco/1243980/,1,1.5,1,US$,128000,Bonillamultiservice,Naco, Santo Domingo Centro (D.N.), Santo Domingo,Nueva,63,Residencial,NA,FALSE,FALSE,TRUE,FALSE,FALSE,TRUE,FALSE,FALSE,FALSE,128000
2022-01-24,/apartamentos-venta-naco/1253053/,1,3.5,3,US$,280000,Algonovo Real Estate,Naco, Santo Domingo Centro (D.N.), Santo Domingo,Nueva,175,Residencial,NA,FALSE,TRUE,FALSE,FALSE,TRUE,FALSE,TRUE,FALSE,TRUE,280000
2022-01-24,/apartamentos-venta-naco/1253796/,2,1.5,1,US$,143990,Algonovo Real Estate,Naco, Santo Domingo Centro (D.N.), Santo Domingo,En Construcción,103,Residencial,NA,TRUE,TRUE,TRUE,FALSE,FALSE,TRUE,FALSE,FALSE,TRUE,143990
2022-01-24,/apartamentos-venta-naco/1253795/,2,2.5,2,US$,209000,Algonovo Real Estate,Naco, Santo Domingo Centro (D.N.), Santo Domingo,Nueva,191,Residencial,NA,TRUE,TRUE,TRUE,FALSE,FALSE,TRUE,TRUE,FALSE,TRUE,209000
2022-01-24,/apartamentos-venta-naco/1267221/,2,2.5,3,US$,185000,Mr. Home Asesores Inmobiliarios,Naco, Santo Domingo Centro (D.N.), Santo Domingo,NA,148,Residencial,NA,TRUE,TRUE,FALSE,FALSE,TRUE,FALSE,FALSE,TRUE,FALSE,185000
2022-01-24,/apartamentos-venta-naco/1253722/,2,2.5,2,US$,197824,Seekers Inmobiliaria,Naco, Santo Domingo Centro (D.N.), Santo Domingo,En Construcción,107,Residencial,4,FALSE,TRUE,FALSE,FALSE,FALSE,FALSE,TRUE,FALSE,FALSE,197824
2022-01-24,/apartamentos-venta-naco/1253792/,2,3.5,3,US$,245750,Seekers Inmobiliaria,Naco, Santo Domingo Centro (D.N.), Santo Domingo,En Construcción,153,Residencial,2,TRUE,TRUE,FALSE,FALSE,TRUE,FALSE,TRUE,FALSE,FALSE,245750
2022-01-24,/apartamentos-venta-naco/1252764/,1,2.5,2,US$,175775,Seekers Inmobiliaria,Naco, Santo Domingo Centro (D.N.), Santo Domingo,En Planos,89,Residencial,2,TRUE,TRUE,TRUE,FALSE,FALSE,TRUE,TRUE,FALSE,TRUE,175775
2022-01-24,/apartamentos-venta-naco/1252763/,1,1.5,1,US$,114581,Seekers Inmobiliaria,Naco, Santo Domingo Centro (D.N.), Santo Domingo,En Planos,55,Residencial,2,TRUE,TRUE,TRUE,FALSE,FALSE,TRUE,TRUE,FALSE,TRUE,114581
2022-01-24,/apartamentos-venta-naco/1246382/,3,3.5,3,US$,400085,Seekers Inmobiliaria,Naco, Santo Domingo Centro (D.N.), Santo Domingo,En Construcción,245,Residencial,NA,TRUE,TRUE,FALSE,TRUE,FALSE,TRUE,TRUE,FALSE,TRUE,400085
2022-01-24,/apartamentos-venta-naco/1243813/,2,2.5,2,US$,179000,Seekers Inmobiliaria,Naco, Santo Domingo Centro (D.N.), Santo Domingo,En Construcción,128,Residencial,NA,TRUE,TRUE,FALSE,FALSE,FALSE,TRUE,TRUE,TRUE,TRUE,179000
2022-01-24,/apartamentos-venta-naco/1258897/,1,1.5,1,US$,147400,Seekers Inmobiliaria,Naco, Santo Domingo Centro (D.N.), Santo Domingo,En Construcción,73,Residencial,NA,TRUE,TRUE,TRUE,TRUE,FALSE,TRUE,FALSE,FALSE,TRUE,147400
2022-01-24,/apartamentos-venta-naco/1255378/,2,2,2,US$,197824,Seekers Inmobiliaria,Naco, Santo Domingo Centro (D.N.), Santo Domingo,En Construcción,107,Residencial,NA,TRUE,TRUE,FALSE,FALSE,TRUE,TRUE,TRUE,FALSE,TRUE,197824
2022-01-24,/apartamentos-venta-naco/1255382/,2,3,3,US$,379750,Seekers Inmobiliaria,Naco, Santo Domingo Centro (D.N.), Santo Domingo,En Construcción,245,Residencial,NA,TRUE,TRUE,FALSE,FALSE,FALSE,FALSE,TRUE,FALSE,TRUE,379750
2022-01-24,/apartamentos-venta-naco/1233666/,2,3.5,3,US$,254000,Mr. Home Asesores Inmobiliarios,Naco, Santo Domingo Centro (D.N.), Santo Domingo,NA,NA,Residencial,NA,TRUE,TRUE,FALSE,FALSE,FALSE,FALSE,FALSE,FALSE,FALSE,254000
2022-01-24,/apartamentos-venta-naco/1234791/,2,2.5,3,US$,450000,Mr. Home Asesores Inmobiliarios,Naco, Santo Domingo Centro (D.N.), Santo Domingo,NA,330,Residencial,NA,FALSE,FALSE,FALSE,FALSE,FALSE,TRUE,FALSE,FALSE,TRUE,450000
2022-01-24,/apartamentos-venta-naco/1234789/,4,4,4,RD$,10500000,Mr. Home Asesores Inmobiliarios,Naco, Santo Domingo Centro (D.N.), Santo Domingo,NA,300,Residencial,NA,FALSE,FALSE,FALSE,FALSE,FALSE,FALSE,FALSE,FALSE,FALSE,179487.1794871795
2022-01-24,/apartamentos-venta-naco/1226869/,1,1.5,1,US$,115000,Mr. Home Asesores Inmobiliarios,Naco, Santo Domingo Centro (D.N.), Santo Domingo,En Construcción,73,Residencial,NA,FALSE,TRUE,TRUE,FALSE,TRUE,TRUE,TRUE,FALSE,FALSE,115000
2022-01-24,/apartamentos-venta-naco/1226855/,3,3.5,3,US$,279360,Mr. Home Asesores Inmobiliarios,Naco, Santo Domingo Centro (D.N.), Santo Domingo,En Construcción,192,Residencial,NA,TRUE,TRUE,TRUE,FALSE,FALSE,TRUE,TRUE,FALSE,FALSE,279360
2022-01-24,/apartamentos-venta-naco/1253737/,2,3.5,3,US$,350000,CityMax Santo Domingo,Naco, Santo Domingo Centro (D.N.), Santo Domingo,Segundo Uso,280,Residencial,3,FALSE,FALSE,FALSE,FALSE,FALSE,FALSE,FALSE,FALSE,FALSE,350000
2022-01-24,/apartamentos-venta-naco/1267971/,2,3.5,3,US$,180000,Paez Luxury Real Estate ,Naco, Santo Domingo Centro (D.N.), Santo Domingo,Segundo Uso,211,Residencial,NA,TRUE,TRUE,FALSE,FALSE,FALSE,FALSE,FALSE,FALSE,FALSE,180000
2022-01-24,/apartamentos-venta-naco/1260069/,2,2.5,2,US$,256450,Plusval Homes Realty Group,Naco, Santo Domingo Centro (D.N.), Santo Domingo,En Construcción,132,N/D,6,TRUE,TRUE,TRUE,FALSE,FALSE,TRUE,TRUE,FALSE,TRUE,256450
2022-01-24,/apartamentos-venta-naco/1265572/,2,2.5,3,US$,415750,Habitame Inmobiliaria,Naco, Santo Domingo Centro (D.N.), Santo Domingo,En Construcción,245,Residencial,13,TRUE,FALSE,FALSE,FALSE,FALSE,TRUE,FALSE,FALSE,TRUE,415750
2022-01-24,/apartamentos-venta-naco/1265560/,3,3.5,3,US$,281000,Habitame Inmobiliaria,Naco, Santo Domingo Centro (D.N.), Santo Domingo,Segundo Uso,213,Residencial,NA,TRUE,TRUE,FALSE,FALSE,FALSE,TRUE,TRUE,FALSE,TRUE,281000
2022-01-24,/apartamentos-venta-naco/1266306/,3,3.5,3,US$,380000,Ginebra Realty Group,Naco, Santo Domingo Centro (D.N.), Santo Domingo,Segundo Uso,342,Residencial,7,TRUE,TRUE,FALSE,FALSE,FALSE,TRUE,FALSE,FALSE,FALSE,380000
2022-01-24,/apartamentos-venta-y-alquiler-naco/1266308/,2,3.5,3,US$,300000,Ginebra Realty Group,Naco, Santo Domingo Centro (D.N.), Santo Domingo,Segundo Uso,NA,Residencial,6,TRUE,TRUE,FALSE,FALSE,FALSE,TRUE,TRUE,FALSE,FALSE,300000
2022-01-24,/apartamentos-venta-naco/1243237/,2,2.5,2,US$,142200,Ginebra Realty Group,Naco, Santo Domingo Centro (D.N.), Santo Domingo,En Construcción,85,Residencial,NA,FALSE,TRUE,FALSE,FALSE,FALSE,FALSE,TRUE,FALSE,TRUE,142200
2022-01-24,/apartamentos-venta-naco/1262018/,1,1.5,1,US$,150700,Ginebra Realty Group,Naco, Santo Domingo Centro (D.N.), Santo Domingo,Nueva,73,Residencial,2,TRUE,TRUE,FALSE,FALSE,FALSE,TRUE,TRUE,TRUE,TRUE,150700
2022-01-24,/apartamentos-venta-naco/1257947/,NA,2.5,3,US$,268000,Ginebra Realty Group,Naco, Santo Domingo Centro (D.N.), Santo Domingo,Nueva,150,Residencial,NA,TRUE,TRUE,TRUE,FALSE,FALSE,TRUE,TRUE,FALSE,TRUE,268000
2022-01-24,/apartamentos-venta-naco/1264666/,2,3.5,3,US$,448440,Habitame Inmobiliaria,Naco, Santo Domingo Centro (D.N.), Santo Domingo,En Construcción,240,Residencial,NA,TRUE,TRUE,TRUE,FALSE,FALSE,TRUE,TRUE,FALSE,TRUE,448440
2022-01-24,/apartamentos-venta-naco/1264667/,2,2.5,2,US$,186648,Habitame Inmobiliaria,Naco, Santo Domingo Centro (D.N.), Santo Domingo,En Construcción,105,Residencial,NA,TRUE,TRUE,FALSE,FALSE,FALSE,TRUE,TRUE,FALSE,TRUE,186648
2022-01-24,/apartamentos-venta-naco/1264656/,1,1.5,1,US$,160072,Habitame Inmobiliaria,Naco, Santo Domingo Centro (D.N.), Santo Domingo,En Planos,61,Residencial,2,TRUE,TRUE,TRUE,FALSE,FALSE,TRUE,TRUE,FALSE,FALSE,160072
2022-01-24,/apartamentos-venta-naco/1264655/,2,2.5,3,US$,254100,Habitame Inmobiliaria,Naco, Santo Domingo Centro (D.N.), Santo Domingo,En Planos,140,Residencial,2,TRUE,TRUE,TRUE,FALSE,TRUE,TRUE,TRUE,FALSE,TRUE,254100
2022-01-24,/apartamentos-venta-naco/1264648/,3,3.5,3,US$,459800,Habitame Inmobiliaria,Naco, Santo Domingo Centro (D.N.), Santo Domingo,Nueva,222,Residencial,NA,TRUE,TRUE,TRUE,FALSE,TRUE,TRUE,TRUE,FALSE,FALSE,459800
2022-01-24,/apartamentos-venta-naco/1264652/,3,3.5,3,US$,326000,Habitame Inmobiliaria,Naco, Santo Domingo Centro (D.N.), Santo Domingo,En Construcción,218,Residencial,2,TRUE,FALSE,TRUE,FALSE,FALSE,TRUE,TRUE,FALSE,FALSE,326000
2022-01-24,/apartamentos-venta-naco/1264653/,2,2.5,2,US$,205590,Habitame Inmobiliaria,Naco, Santo Domingo Centro (D.N.), Santo Domingo,En Planos,121,Residencial,NA,TRUE,TRUE,TRUE,FALSE,FALSE,TRUE,TRUE,FALSE,TRUE,205590
2022-01-24,/apartamentos-venta-naco/1261822/,3,3.5,3,US$,326000,BELFER INNOVARTHOMERD,Naco, Santo Domingo Centro (D.N.), Santo Domingo,En Construcción,218,Residencial,2,FALSE,TRUE,FALSE,FALSE,FALSE,TRUE,TRUE,FALSE,TRUE,326000
2022-01-24,/apartamentos-venta-naco/1252916/,1,2,1,US$,185000,Tropical Living,Naco, Santo Domingo Centro (D.N.), Santo Domingo,Nueva,90,Residencial,NA,TRUE,TRUE,TRUE,FALSE,TRUE,FALSE,TRUE,FALSE,TRUE,185000
2022-01-24,/apartamentos-venta-y-alquiler-naco/1262827/,2,2.5,2,US$,240000,Tropical Living,Naco, Santo Domingo Centro (D.N.), Santo Domingo,Segundo Uso,232,Residencial,NA,TRUE,TRUE,FALSE,FALSE,TRUE,FALSE,TRUE,FALSE,TRUE,240000
2022-01-24,/apartamentos-venta-naco/1266632/,NA,NA,1,US$,240000,Time Homes Inmobiliaria,Naco, Santo Domingo Centro (D.N.), Santo Domingo,Segundo Uso,224,Residencial,NA,TRUE,TRUE,FALSE,FALSE,FALSE,TRUE,TRUE,FALSE,FALSE,240000
2022-01-24,/apartamentos-venta-naco/1230088/,1,2,1,US$,168000,Home Master SRL,Naco, Santo Domingo Centro (D.N.), Santo Domingo,Nueva,55,Residencial,5,TRUE,TRUE,TRUE,FALSE,TRUE,TRUE,TRUE,FALSE,TRUE,168000
2022-01-24,/apartamentos-venta-naco/1267644/,2,2.5,2,US$,268000,PAULMAR REAL ESTATE,Naco, Santo Domingo Centro (D.N.), Santo Domingo,Nueva,158,Residencial,NA,TRUE,TRUE,FALSE,FALSE,FALSE,TRUE,TRUE,FALSE,TRUE,268000
2022-01-24,/apartamentos-venta-naco/1229778/,3,3.5,3,US$,440000,Paez Luxury Real Estate ,Naco, Santo Domingo Centro (D.N.), Santo Domingo,Segundo Uso,275,Residencial,NA,TRUE,TRUE,FALSE,FALSE,FALSE,TRUE,TRUE,FALSE,TRUE,440000
2022-01-24,/apartamentos-venta-naco/1267632/,1,1.5,1,US$,123000,PAULMAR REAL ESTATE,Naco, Santo Domingo Centro (D.N.), Santo Domingo,En Construcción,60,Residencial,NA,TRUE,TRUE,TRUE,FALSE,FALSE,FALSE,FALSE,FALSE,TRUE,123000
2022-01-24,/apartamentos-venta-naco/1267631/,2,4.5,4,US$,370000,Remax Metropolitana,Naco, Santo Domingo Centro (D.N.), Santo Domingo,Segundo Uso,315,Residencial,5,TRUE,TRUE,FALSE,FALSE,FALSE,TRUE,FALSE,FALSE,FALSE,370000
2022-01-24,/apartamentos-venta-y-alquiler-naco/1262000/,3,3.5,3,US$,295000,Best Team Inmobiliaria ,Naco, Santo Domingo Centro (D.N.), Santo Domingo,Segundo Uso,200,Residencial,14,TRUE,TRUE,FALSE,FALSE,FALSE,TRUE,TRUE,TRUE,TRUE,295000
2022-01-24,/apartamentos-venta-y-alquiler-naco/1261551/,2,3.5,3,US$,300000,Best Team Inmobiliaria ,Naco, Santo Domingo Centro (D.N.), Santo Domingo,Segundo Uso,300,Residencial,1,TRUE,TRUE,FALSE,FALSE,FALSE,FALSE,TRUE,FALSE,FALSE,300000
2022-01-24,/apartamentos-venta-naco/1261236/,NA,1.5,1,US$,169500,Jazmin Ortiz / Magnolia Ortiz,Naco, Santo Domingo Centro (D.N.), Santo Domingo,Nueva,69,Residencial,16,TRUE,TRUE,FALSE,FALSE,TRUE,TRUE,FALSE,FALSE,TRUE,169500
2022-01-24,/apartamentos-venta-naco/1267577/,3,3.5,3,US$,350000,PAULMAR REAL ESTATE,Naco, Santo Domingo Centro (D.N.), Santo Domingo,Segundo Uso,233,Residencial,NA,TRUE,TRUE,FALSE,FALSE,FALSE,TRUE,TRUE,FALSE,TRUE,350000
2022-01-24,/apartamentos-venta-naco/1203925/,2,2.5,3,US$,268000,Inmobiliaria Hazim Rodriguez,Naco, Santo Domingo Centro (D.N.), Santo Domingo,En Construcción,178,Residencial,3,TRUE,TRUE,FALSE,TRUE,TRUE,TRUE,TRUE,FALSE,TRUE,268000
2022-01-24,/apartamentos-venta-naco/1237747/,2,2.5,2,US$,218000,Remax Blu,Naco, Santo Domingo Centro (D.N.), Santo Domingo,Nueva,131,Residencial,11,TRUE,TRUE,TRUE,TRUE,TRUE,TRUE,TRUE,TRUE,TRUE,218000
2022-01-24,/apartamentos-venta-naco/1264099/,3,3.5,3,US$,450000,Paez Luxury Real Estate ,Naco, Santo Domingo Centro (D.N.), Santo Domingo,Segundo Uso,305,Residencial,NA,FALSE,TRUE,FALSE,FALSE,FALSE,FALSE,TRUE,FALSE,TRUE,450000
2022-01-24,/apartamentos-venta-naco/1264100/,4,3.5,3,US$,575000,Paez Luxury Real Estate ,Naco, Santo Domingo Centro (D.N.), Santo Domingo,Segundo Uso,355,Residencial,NA,FALSE,FALSE,TRUE,FALSE,FALSE,FALSE,TRUE,FALSE,TRUE,575000
2022-01-24,/apartamentos-venta-naco/1267328/,2,2.5,3,US$,255000,Probrokers Inmobiliaria Inprob S.R.L,Naco, Santo Domingo Centro (D.N.), Santo Domingo,Segundo Uso,200,Residencial,6,TRUE,TRUE,FALSE,FALSE,FALSE,FALSE,TRUE,FALSE,FALSE,255000
2022-01-24,/apartamentos-venta-naco/1202134/,3,3.5,3,US$,459800,Inmobiliaria Hazim Rodriguez,Naco, Santo Domingo Centro (D.N.), Santo Domingo,Nueva,222,Residencial,15,TRUE,TRUE,TRUE,FALSE,TRUE,TRUE,TRUE,FALSE,TRUE,459800
2022-01-24,/apartamentos-venta-naco/1266330/,3,4.5,4,US$,345000,Inmobiliaria Baruch,Naco, Santo Domingo Centro (D.N.), Santo Domingo,Segundo Uso,345,Residencial,9,TRUE,TRUE,FALSE,TRUE,FALSE,TRUE,TRUE,FALSE,FALSE,345000
2022-01-24,/apartamentos-venta-naco/1267226/,2,2.5,2,US$,195000,Remax Metropolitana,Naco, Santo Domingo Centro (D.N.), Santo Domingo,Segundo Uso,163,Residencial,6,TRUE,TRUE,TRUE,FALSE,FALSE,FALSE,TRUE,FALSE,TRUE,195000
2022-01-24,/apartamentos-venta-naco/1243085/,2,2,2,US$,196000,Seekers Inmobiliaria,Naco, Santo Domingo Centro (D.N.), Santo Domingo,En Construcción,130,Residencial,3,TRUE,TRUE,TRUE,TRUE,FALSE,TRUE,TRUE,FALSE,TRUE,196000
2022-01-24,/apartamentos-venta-naco/1243068/,1,1.5,1,US$,138500,Seekers Inmobiliaria,Naco, Santo Domingo Centro (D.N.), Santo Domingo,En Construcción,57,Residencial,2,TRUE,TRUE,TRUE,FALSE,FALSE,TRUE,TRUE,FALSE,TRUE,138500
2022-01-24,/apartamentos-venta-naco/1267194/,1,1,1,US$,100500,Plusval Puente Azul,Naco, Santo Domingo Centro (D.N.), Santo Domingo,En Construcción,67,Residencial,NA,TRUE,TRUE,TRUE,FALSE,FALSE,FALSE,TRUE,FALSE,TRUE,100500
2022-01-24,/apartamentos-venta-naco/1231969/,2,3.5,3,US$,179000,Paez Luxury Real Estate ,Naco, Santo Domingo Centro (D.N.), Santo Domingo,Nueva,175,Residencial,NA,TRUE,TRUE,FALSE,FALSE,FALSE,FALSE,TRUE,TRUE,TRUE,179000
2022-01-24,/apartamentos-venta-naco/1266474/,2,3.5,3,US$,325000,Paez Luxury Real Estate ,Naco, Santo Domingo Centro (D.N.), Santo Domingo,Segundo Uso,300,Residencial,NA,TRUE,TRUE,FALSE,FALSE,FALSE,FALSE,TRUE,FALSE,FALSE,325000
2022-01-24,/apartamentos-venta-naco/1243248/,1,1.5,1,US$,145000,Paez Luxury Real Estate ,Naco, Santo Domingo Centro (D.N.), Santo Domingo,En Construcción,NA,Residencial,NA,FALSE,FALSE,FALSE,FALSE,FALSE,FALSE,FALSE,FALSE,FALSE,145000
2022-01-24,/apartamentos-venta-naco/1238913/,3,3.5,3,US$,425000,Paez Luxury Real Estate ,Naco, Santo Domingo Centro (D.N.), Santo Domingo,Segundo Uso,343,Residencial,NA,TRUE,TRUE,FALSE,FALSE,FALSE,TRUE,TRUE,FALSE,FALSE,425000
2022-01-24,/apartamentos-venta-naco/1257028/,NA,NA,NA,US$,144000,Paez Luxury Real Estate ,Naco, Santo Domingo Centro (D.N.), Santo Domingo,En Construcción,NA,N/D,NA,FALSE,TRUE,TRUE,FALSE,FALSE,TRUE,FALSE,TRUE,TRUE,144000
2022-01-24,/apartamentos-venta-naco/1257026/,NA,NA,NA,US$,147000,Paez Luxury Real Estate ,Naco, Santo Domingo Centro (D.N.), Santo Domingo,En Construcción,NA,N/D,NA,FALSE,FALSE,FALSE,FALSE,FALSE,FALSE,FALSE,FALSE,FALSE,147000
2022-01-24,/apartamentos-venta-naco/1246823/,1,2.5,2,US$,146000,Paez Luxury Real Estate ,Naco, Santo Domingo Centro (D.N.), Santo Domingo,Segundo Uso,98,Residencial,8,FALSE,FALSE,TRUE,FALSE,FALSE,FALSE,FALSE,FALSE,FALSE,146000
2022-01-24,/apartamentos-venta-naco/1248681/,3,3.5,3,US$,450000,Paez Luxury Real Estate ,Naco, Santo Domingo Centro (D.N.), Santo Domingo,Nueva,305,Residencial,NA,FALSE,FALSE,FALSE,FALSE,FALSE,FALSE,FALSE,FALSE,FALSE,450000
2022-01-24,/apartamentos-venta-naco/1267111/,1,1,1,US$,186250,Seekers Inmobiliaria,Naco, Santo Domingo Centro (D.N.), Santo Domingo,Nueva,52,Residencial,NA,TRUE,TRUE,TRUE,FALSE,TRUE,TRUE,TRUE,FALSE,TRUE,186250
2022-01-24,/apartamentos-venta-naco/1262898/,NA,NA,1,US$,109000,Premium Real Estate,Naco, Santo Domingo Centro (D.N.), Santo Domingo,En Planos,NA,Residencial,NA,FALSE,FALSE,TRUE,FALSE,FALSE,FALSE,FALSE,FALSE,FALSE,109000
2022-01-24,/apartamentos-venta-naco/1253724/,2,2.5,3,US$,223210,CityMax Santo Domingo,Naco, Santo Domingo Centro (D.N.), Santo Domingo,En Construcción,130,Residencial,3,TRUE,TRUE,FALSE,FALSE,FALSE,TRUE,TRUE,FALSE,FALSE,223210
2022-01-24,/apartamentos-venta-naco/1253280/,1,2,1,US$,143000,CityMax Santo Domingo,Naco, Santo Domingo Centro (D.N.), Santo Domingo,En Planos,65,Residencial,2,FALSE,FALSE,FALSE,FALSE,FALSE,FALSE,FALSE,FALSE,FALSE,143000
2022-01-24,/apartamentos-venta-naco/1253117/,3,3.5,3,US$,428750,CityMax Santo Domingo,Naco, Santo Domingo Centro (D.N.), Santo Domingo,En Construcción,245,Residencial,3,TRUE,TRUE,TRUE,FALSE,TRUE,TRUE,TRUE,FALSE,TRUE,428750
2022-01-24,/apartamentos-venta-naco/1265423/,2,3.5,3,US$,457454,Seekers Inmobiliaria,Naco, Santo Domingo Centro (D.N.), Santo Domingo,En Construcción,265,Residencial,5,TRUE,TRUE,TRUE,FALSE,FALSE,TRUE,TRUE,FALSE,TRUE,457454
2022-01-24,/apartamentos-venta-naco/1265424/,2,2.5,2,US$,198880,Seekers Inmobiliaria,Naco, Santo Domingo Centro (D.N.), Santo Domingo,En Construcción,105,Residencial,2,TRUE,TRUE,TRUE,FALSE,FALSE,TRUE,FALSE,FALSE,TRUE,198880
2022-01-24,/apartamentos-venta-naco/1265420/,2,3.5,3,US$,505313,Seekers Inmobiliaria,Naco, Santo Domingo Centro (D.N.), Santo Domingo,En Construcción,265,Residencial,15,TRUE,TRUE,TRUE,FALSE,FALSE,TRUE,TRUE,FALSE,TRUE,505313
2022-01-24,/apartamentos-venta-naco/1252009/,4,3.5,3,US$,950000,Property Inmobiliaria,Naco, Santo Domingo Centro (D.N.), Santo Domingo,Segundo Uso,290,Residencial,10,TRUE,TRUE,TRUE,TRUE,TRUE,TRUE,TRUE,FALSE,TRUE,950000
2022-01-24,/apartamentos-venta-naco/1256758/,2,2.5,3,US$,210000,Property Inmobiliaria,Naco, Santo Domingo Centro (D.N.), Santo Domingo,Segundo Uso,160,Residencial,5,TRUE,TRUE,FALSE,FALSE,FALSE,FALSE,TRUE,FALSE,FALSE,210000
2022-01-24,/apartamentos-venta-naco/1264859/,2,2.5,2,US$,169000,Property Inmobiliaria,Naco, Santo Domingo Centro (D.N.), Santo Domingo,Segundo Uso,127,Residencial,NA,FALSE,TRUE,FALSE,FALSE,FALSE,TRUE,TRUE,FALSE,FALSE,169000
2022-01-24,/apartamentos-venta-naco/1266867/,2,1.5,1,US$,172000,Seekers Inmobiliaria,Naco, Santo Domingo Centro (D.N.), Santo Domingo,En Construcción,67,Residencial,2,FALSE,TRUE,TRUE,FALSE,TRUE,TRUE,TRUE,FALSE,TRUE,172000
2022-01-24,/apartamentos-venta-naco/1225809/,2,3.5,3,US$,225000,Ginebra Realty Group,Naco, Santo Domingo Centro (D.N.), Santo Domingo,Segundo Uso,190,Residencial,2,FALSE,TRUE,FALSE,FALSE,FALSE,TRUE,TRUE,FALSE,FALSE,225000
2022-01-24,/apartamentos-venta-naco/1224861/,2,4.5,3,US$,360000,Ginebra Realty Group,Naco, Santo Domingo Centro (D.N.), Santo Domingo,Nueva,308,Residencial,10,FALSE,TRUE,FALSE,FALSE,FALSE,TRUE,TRUE,FALSE,TRUE,360000
2022-01-24,/apartamentos-venta-naco/1243065/,1,2,1,US$,138000,Seekers Inmobiliaria,Naco, Santo Domingo Centro (D.N.), Santo Domingo,En Construcción,60,Residencial,3,TRUE,TRUE,FALSE,FALSE,FALSE,TRUE,TRUE,FALSE,TRUE,138000
2022-01-24,/apartamentos-venta-naco/1266320/,1,1,1,US$,123024,Seekers Inmobiliaria,Naco, Santo Domingo Centro (D.N.), Santo Domingo,En Construcción,60,Residencial,4,TRUE,TRUE,FALSE,FALSE,FALSE,TRUE,TRUE,FALSE,TRUE,123024
2022-01-24,/apartamentos-venta-naco/1232369/,2,2.5,3,US$,249000,Centro Juridico Dra. Angela Rojas,Naco, Santo Domingo Centro (D.N.), Santo Domingo,En Construcción,NA,Residencial,NA,TRUE,TRUE,TRUE,FALSE,TRUE,TRUE,TRUE,FALSE,TRUE,249000
2022-01-24,/apartamentos-venta-naco/1256569/,3,2.5,2,US$,190000,Remax Plus,Naco, Santo Domingo Centro (D.N.), Santo Domingo,Segundo Uso,151,Residencial,NA,FALSE,FALSE,FALSE,FALSE,FALSE,FALSE,FALSE,FALSE,FALSE,190000
2022-01-24,/apartamentos-venta-naco/1266527/,1,1.5,1,US$,179000,Elite Brokers,Naco, Santo Domingo Centro (D.N.), Santo Domingo,NA,87,N/D,NA,TRUE,TRUE,FALSE,FALSE,TRUE,FALSE,FALSE,FALSE,FALSE,179000
2022-01-24,/apartamentos-venta-naco/1266429/,2,3.5,3,US$,556600,Seekers Inmobiliaria,Naco, Santo Domingo Centro (D.N.), Santo Domingo,Nueva,234,Residencial,NA,TRUE,TRUE,TRUE,FALSE,TRUE,TRUE,TRUE,FALSE,TRUE,556600
2022-01-24,/apartamentos-venta-naco/1258699/,4,3.5,3,US$,950000,Property Inmobiliaria,Naco, Santo Domingo Centro (D.N.), Santo Domingo,NA,335,Residencial,NA,TRUE,TRUE,FALSE,FALSE,TRUE,FALSE,FALSE,FALSE,FALSE,950000
2022-01-24,/apartamentos-venta-y-alquiler-naco/1259140/,1,1.5,1,US$,155000,Property Inmobiliaria,Naco, Santo Domingo Centro (D.N.), Santo Domingo,Segundo Uso,69,Residencial,NA,FALSE,TRUE,FALSE,FALSE,FALSE,TRUE,TRUE,FALSE,FALSE,155000
2022-01-24,/apartamentos-venta-naco/1259143/,2,2.5,3,US$,210000,Property Inmobiliaria,Naco, Santo Domingo Centro (D.N.), Santo Domingo,Segundo Uso,160,Residencial,5,FALSE,TRUE,FALSE,FALSE,FALSE,TRUE,TRUE,FALSE,FALSE,210000
2022-01-24,/apartamentos-venta-naco/1259148/,2,3.5,3,US$,295000,Property Inmobiliaria,Naco, Santo Domingo Centro (D.N.), Santo Domingo,Segundo Uso,233,Residencial,11,TRUE,TRUE,FALSE,FALSE,FALSE,TRUE,TRUE,FALSE,TRUE,295000
2022-01-24,/apartamentos-venta-naco/1261925/,2,3.5,3,US$,290000,Property Inmobiliaria,Naco, Santo Domingo Centro (D.N.), Santo Domingo,NA,337,Residencial,NA,FALSE,FALSE,FALSE,FALSE,FALSE,FALSE,FALSE,FALSE,FALSE,290000
2022-01-24,/apartamentos-venta-naco/1266314/,2,2.5,3,US$,179500,Probrokers Inmobiliaria Inprob S.R.L,Naco, Santo Domingo Centro (D.N.), Santo Domingo,Segundo Uso,167,Residencial,NA,TRUE,TRUE,FALSE,FALSE,FALSE,TRUE,TRUE,FALSE,FALSE,179500
2022-01-24,/apartamentos-venta-naco/1266262/,2,3.5,3,US$,300000,Seekers Inmobiliaria,Naco, Santo Domingo Centro (D.N.), Santo Domingo,Nueva,300,Residencial,1,TRUE,FALSE,FALSE,FALSE,FALSE,TRUE,FALSE,FALSE,FALSE,300000
2022-01-24,/apartamentos-venta-naco/1266239/,2,2.5,3,US$,276045,HouseLink,Naco, Santo Domingo Centro (D.N.), Santo Domingo,En Construcción,117,Residencial,15,FALSE,TRUE,TRUE,FALSE,TRUE,TRUE,TRUE,FALSE,TRUE,276045
2022-01-24,/apartamentos-venta-naco/1266221/,1,1,1,US$,186520,Seekers Inmobiliaria,Naco, Santo Domingo Centro (D.N.), Santo Domingo,En Construcción,52,Residencial,22,FALSE,TRUE,FALSE,TRUE,FALSE,TRUE,FALSE,TRUE,FALSE,186520
2022-01-24,/apartamentos-venta-naco/1260068/,1,1,1,US$,126489,Plusval Homes Realty Group,Naco, Santo Domingo Centro (D.N.), Santo Domingo,En Construcción,59,N/D,3,TRUE,TRUE,TRUE,FALSE,TRUE,TRUE,TRUE,FALSE,FALSE,126489
2022-01-24,/apartamentos-venta-naco/1259567/,3,3.5,3,US$,285000,Plusval Homes Realty Group,Naco, Santo Domingo Centro (D.N.), Santo Domingo,Segundo Uso,300,Residencial,6,TRUE,TRUE,FALSE,FALSE,FALSE,TRUE,TRUE,FALSE,FALSE,285000
2022-01-24,/apartamentos-venta-naco/1258964/,3,3.5,3,US$,432000,Plusval Homes Realty Group,Naco, Santo Domingo Centro (D.N.), Santo Domingo,Nueva,240,Residencial,3,TRUE,TRUE,FALSE,FALSE,FALSE,TRUE,TRUE,FALSE,TRUE,432000
2022-01-24,/apartamentos-venta-naco/1258962/,1,2,2,US$,154000,Plusval Homes Realty Group,Naco, Santo Domingo Centro (D.N.), Santo Domingo,Nueva,76,Residencial,6,TRUE,TRUE,TRUE,FALSE,TRUE,TRUE,TRUE,FALSE,TRUE,154000
2022-01-24,/apartamentos-venta-naco/1258955/,3,3.5,3,RD$,11000000,Plusval Homes Realty Group,Naco, Santo Domingo Centro (D.N.), Santo Domingo,Segundo Uso,300,Residencial,5,TRUE,TRUE,FALSE,TRUE,FALSE,TRUE,TRUE,FALSE,FALSE,188034.18803418803
2022-01-24,/apartamentos-venta-naco/1258944/,2,2.5,2,US$,186648,Plusval Homes Realty Group,Naco, Santo Domingo Centro (D.N.), Santo Domingo,Nueva,105,Residencial,3,FALSE,TRUE,FALSE,TRUE,TRUE,TRUE,FALSE,FALSE,TRUE,186648
2022-01-24,/apartamentos-venta-naco/1258909/,3,3.5,3,US$,248000,Plusval Homes Realty Group,Naco, Santo Domingo Centro (D.N.), Santo Domingo,Segundo Uso,220,Residencial,NA,FALSE,FALSE,FALSE,FALSE,FALSE,FALSE,TRUE,FALSE,FALSE,248000
2022-01-24,/apartamentos-venta-naco/1259020/,2,2,2,US$,155000,Plusval Homes Realty Group,Naco, Santo Domingo Centro (D.N.), Santo Domingo,Nueva,81,N/D,NA,TRUE,FALSE,TRUE,FALSE,TRUE,TRUE,FALSE,FALSE,TRUE,155000
2022-01-24,/apartamentos-venta-naco/1258953/,2,3.5,3,US$,370000,Plusval Homes Realty Group,Naco, Santo Domingo Centro (D.N.), Santo Domingo,Segundo Uso,269,Residencial,7,TRUE,TRUE,FALSE,FALSE,FALSE,FALSE,FALSE,FALSE,FALSE,370000
2022-01-24,/apartamentos-venta-naco/1259043/,2,3.5,3,US$,215000,Plusval Homes Realty Group,Naco, Santo Domingo Centro (D.N.), Santo Domingo,Segundo Uso,195,Residencial,9,TRUE,TRUE,TRUE,TRUE,TRUE,TRUE,TRUE,FALSE,TRUE,215000
2022-01-24,/apartamentos-venta-naco/1259123/,4,4.5,4,US$,600000,Plusval Homes Realty Group,Naco, Santo Domingo Centro (D.N.), Santo Domingo,Segundo Uso,355,Residencial,8,TRUE,TRUE,TRUE,TRUE,TRUE,TRUE,TRUE,FALSE,TRUE,600000
2022-01-24,/apartamentos-venta-naco/1259120/,2,2.5,2,US$,285000,Plusval Homes Realty Group,Naco, Santo Domingo Centro (D.N.), Santo Domingo,Nueva,NA,N/D,12,FALSE,TRUE,FALSE,FALSE,TRUE,TRUE,TRUE,FALSE,TRUE,285000
2022-01-24,/apartamentos-venta-naco/1259118/,2,3.5,3,US$,290400,Plusval Homes Realty Group,Naco, Santo Domingo Centro (D.N.), Santo Domingo,Nueva,162,N/D,3,TRUE,FALSE,TRUE,FALSE,TRUE,TRUE,TRUE,FALSE,TRUE,290400
2022-01-24,/apartamentos-venta-naco/1259116/,2,1.5,1,US$,136500,Plusval Homes Realty Group,Naco, Santo Domingo Centro (D.N.), Santo Domingo,Nueva,81,N/D,NA,TRUE,TRUE,TRUE,FALSE,TRUE,TRUE,TRUE,FALSE,TRUE,136500
2022-01-24,/apartamentos-venta-naco/1259070/,2,2.5,2,US$,237600,Plusval Homes Realty Group,Naco, Santo Domingo Centro (D.N.), Santo Domingo,Nueva,134,N/D,3,TRUE,TRUE,TRUE,FALSE,TRUE,TRUE,TRUE,FALSE,TRUE,237600
2022-01-24,/apartamentos-venta-naco/1258125/,2,3.5,3,US$,389469,Seekers Inmobiliaria,Naco, Santo Domingo Centro (D.N.), Santo Domingo,Nueva,235,Residencial,5,TRUE,TRUE,FALSE,FALSE,FALSE,TRUE,TRUE,FALSE,TRUE,389469
2022-01-24,/apartamentos-venta-naco/1265428/,1,1.5,1,US$,170770,Seekers Inmobiliaria,Naco, Santo Domingo Centro (D.N.), Santo Domingo,En Construcción,73,Residencial,7,TRUE,TRUE,FALSE,FALSE,TRUE,TRUE,TRUE,FALSE,TRUE,170770
2022-01-24,/apartamentos-venta-y-alquiler-naco/1266008/,3,3.5,3,US$,370000,Elite Brokers,Naco, Santo Domingo Centro (D.N.), Santo Domingo,NA,270,Residencial,NA,TRUE,TRUE,FALSE,FALSE,FALSE,FALSE,TRUE,FALSE,FALSE,370000
2022-01-24,/apartamentos-venta-naco/1265848/,2,2.5,2,US$,145000,Inmobiliaria Bevistam,Naco, Santo Domingo Centro (D.N.), Santo Domingo,Segundo Uso,143,Residencial,4,TRUE,TRUE,FALSE,FALSE,FALSE,TRUE,TRUE,FALSE,FALSE,145000
2022-01-24,/apartamentos-venta-naco/1265799/,2,2.5,2,US$,175000,Inmobiliaria Bevistam,Naco, Santo Domingo Centro (D.N.), Santo Domingo,Segundo Uso,145,Residencial,9,TRUE,TRUE,FALSE,FALSE,TRUE,TRUE,TRUE,FALSE,FALSE,175000
2022-01-24,/apartamentos-venta-naco/1255070/,NA,NA,NA,US$,220000,Remax Metropolitana,Naco, Santo Domingo Centro (D.N.), Santo Domingo,Segundo Uso,NA,Residencial,NA,TRUE,TRUE,FALSE,TRUE,TRUE,TRUE,TRUE,FALSE,FALSE,220000
2022-01-24,/apartamentos-venta-y-alquiler-naco/1265280/,1,4.5,3,US$,220000,Top Side Brokers Realty Group,Naco, Santo Domingo Centro (D.N.), Santo Domingo,Segundo Uso,285,Residencial,2,TRUE,TRUE,FALSE,FALSE,FALSE,FALSE,FALSE,FALSE,FALSE,220000
2022-01-24,/apartamentos-venta-naco/1265416/,3,3.5,3,US$,316250,Seekers Inmobiliaria,Naco, Santo Domingo Centro (D.N.), Santo Domingo,En Construcción,165,Residencial,9,TRUE,TRUE,TRUE,FALSE,FALSE,TRUE,TRUE,FALSE,FALSE,316250
2022-01-24,/apartamentos-venta-naco/1265268/,2,2.5,2,US$,242000,HouseLink,Naco, Santo Domingo Centro (D.N.), Santo Domingo,Segundo Uso,NA,Residencial,8,TRUE,TRUE,FALSE,TRUE,FALSE,TRUE,TRUE,FALSE,FALSE,242000
2022-01-24,/apartamentos-venta-naco/1229669/,2,2,2,US$,278300,Vidalpe Inmobiliaria,Naco, Santo Domingo Centro (D.N.), Santo Domingo,En Construcción,191,Residencial,NA,FALSE,TRUE,TRUE,FALSE,FALSE,TRUE,TRUE,FALSE,TRUE,278300
2022-01-24,/apartamentos-venta-naco/1230566/,1,1.5,1,US$,156000,Vidalpe Inmobiliaria,Naco, Santo Domingo Centro (D.N.), Santo Domingo,En Construcción,63,Residencial,NA,TRUE,TRUE,TRUE,FALSE,TRUE,TRUE,TRUE,TRUE,TRUE,156000
2022-01-24,/apartamentos-venta-naco/1265103/,2,2.5,2,US$,175000,Elite Brokers,Naco, Santo Domingo Centro (D.N.), Santo Domingo,NA,219,Residencial,NA,TRUE,TRUE,FALSE,FALSE,FALSE,FALSE,TRUE,FALSE,FALSE,175000
2022-01-24,/apartamentos-venta-naco/1256048/,3,3.5,3,US$,459800,Top inmobiliario Srl,Naco, Santo Domingo Centro (D.N.), Santo Domingo,Nueva,259,Residencial,15,TRUE,TRUE,TRUE,FALSE,TRUE,TRUE,TRUE,TRUE,TRUE,459800
2022-01-24,/apartamentos-venta-naco/1256047/,2,2.5,2,US$,278300,Top inmobiliario Srl,Naco, Santo Domingo Centro (D.N.), Santo Domingo,Nueva,159,Residencial,15,TRUE,TRUE,TRUE,FALSE,TRUE,TRUE,TRUE,TRUE,TRUE,278300
2022-01-24,/apartamentos-venta-y-alquiler-naco/1264711/,4,4.5,4,US$,465000,HouseLink,Naco, Santo Domingo Centro (D.N.), Santo Domingo,Segundo Uso,395,Residencial,8,TRUE,TRUE,FALSE,TRUE,FALSE,TRUE,FALSE,FALSE,TRUE,465000
2022-01-24,/apartamentos-venta-naco/1264193/,2,3.5,3,US$,360000,Ginebra Realty Group,Naco, Santo Domingo Centro (D.N.), Santo Domingo,Remodelada,308,Residencial,10,TRUE,TRUE,TRUE,FALSE,FALSE,FALSE,TRUE,FALSE,TRUE,360000
2022-01-24,/apartamentos-venta-naco/1264192/,2,3.5,3,US$,515000,Ginebra Realty Group,Naco, Santo Domingo Centro (D.N.), Santo Domingo,Nueva,275,Residencial,3,FALSE,TRUE,TRUE,FALSE,FALSE,FALSE,TRUE,FALSE,TRUE,515000
2022-01-24,/apartamentos-venta-naco/1263837/,2,3.5,3,US$,185000,Tu Casa RD,Naco, Santo Domingo Centro (D.N.), Santo Domingo,Nueva,175,Residencial,NA,TRUE,TRUE,FALSE,FALSE,FALSE,TRUE,TRUE,FALSE,FALSE,185000
2022-01-24,/apartamentos-venta-naco/1263366/,3,3.5,3,US$,375000,Tu Casa RD,Naco, Santo Domingo Centro (D.N.), Santo Domingo,Nueva,300,Residencial,NA,TRUE,TRUE,FALSE,FALSE,FALSE,TRUE,TRUE,FALSE,TRUE,375000
2022-01-24,/apartamentos-venta-naco/1240869/,3,3.5,3,US$,268000,Seekers Inmobiliaria,Naco, Santo Domingo Centro (D.N.), Santo Domingo,Nueva,175,Residencial,3,TRUE,TRUE,FALSE,FALSE,FALSE,TRUE,TRUE,FALSE,TRUE,268000
2022-01-24,/apartamentos-venta-naco/1262675/,2,3.5,3,US$,403500,Elite Brokers,Naco, Santo Domingo Centro (D.N.), Santo Domingo,NA,315,N/D,NA,TRUE,TRUE,FALSE,FALSE,FALSE,TRUE,TRUE,FALSE,TRUE,403500
2022-01-24,/apartamentos-venta-naco/1243301/,3,3.5,3,US$,480000,Top Side Brokers Realty Group,Naco, Santo Domingo Centro (D.N.), Santo Domingo,Segundo Uso,252,Residencial,NA,TRUE,TRUE,TRUE,FALSE,TRUE,TRUE,TRUE,FALSE,TRUE,480000
2022-01-24,/apartamentos-venta-naco/1261868/,2,3,3,US$,293000,Plusval Venta Directa,Naco, Santo Domingo Centro (D.N.), Santo Domingo,Segundo Uso,275,Residencial,8,TRUE,TRUE,FALSE,FALSE,FALSE,TRUE,TRUE,TRUE,FALSE,293000
2022-01-24,/apartamentos-venta-naco/1261850/,3,2.5,2,US$,310000,Elite Brokers,Naco, Santo Domingo Centro (D.N.), Santo Domingo,NA,185,Residencial,NA,TRUE,FALSE,TRUE,FALSE,FALSE,FALSE,TRUE,FALSE,FALSE,310000
2022-01-24,/apartamentos-venta-y-alquiler-naco/1261848/,2,3.5,3,US$,300000,Elite Brokers,Naco, Santo Domingo Centro (D.N.), Santo Domingo,NA,325,Residencial,NA,TRUE,FALSE,FALSE,FALSE,FALSE,FALSE,FALSE,FALSE,FALSE,300000
2022-01-24,/apartamentos-venta-naco/1261831/,2,3.5,2,US$,287000,Elite Brokers,Naco, Santo Domingo Centro (D.N.), Santo Domingo,Nueva,193,Residencial,NA,TRUE,TRUE,FALSE,FALSE,TRUE,TRUE,TRUE,FALSE,TRUE,287000
2022-01-24,/apartamentos-venta-y-alquiler-naco/1261749/,2,3.5,3,US$,300000,Time Homes Inmobiliaria,Naco, Santo Domingo Centro (D.N.), Santo Domingo,Segundo Uso,300,Residencial,1,FALSE,FALSE,FALSE,TRUE,FALSE,FALSE,TRUE,FALSE,FALSE,300000
2022-01-24,/apartamentos-venta-naco/1261225/,3,4.5,4,US$,465000,Estrella Inmobiliaria ,Naco, Santo Domingo Centro (D.N.), Santo Domingo,Segundo Uso,405,Residencial,NA,TRUE,TRUE,FALSE,FALSE,TRUE,TRUE,TRUE,FALSE,TRUE,465000
2022-01-24,/apartamentos-venta-naco/1254134/,3,3.5,3,US$,380000,Top Side Brokers Realty Group,Naco, Santo Domingo Centro (D.N.), Santo Domingo,Segundo Uso,320,Residencial,4,TRUE,TRUE,FALSE,FALSE,TRUE,TRUE,TRUE,FALSE,FALSE,380000
2022-01-24,/apartamentos-venta-naco/1260155/,NA,3.5,3,US$,525000,Tu Casa RD,Naco, Santo Domingo Centro (D.N.), Santo Domingo,Nueva,310,Residencial,NA,TRUE,TRUE,FALSE,FALSE,FALSE,TRUE,FALSE,FALSE,FALSE,525000
2022-01-24,/apartamentos-venta-naco/1208018/,2,1.5,1,US$,146300,New Home Constructora Inmobiliaria,Naco, Santo Domingo Centro (D.N.), Santo Domingo,En Construcción,NA,Residencial,NA,TRUE,TRUE,TRUE,FALSE,FALSE,TRUE,FALSE,FALSE,TRUE,146300
2022-01-24,/apartamentos-venta-naco/1259616/,2,3.5,3,US$,295000,Tu Casa RD,Naco, Santo Domingo Centro (D.N.), Santo Domingo,Nueva,236,Residencial,11,TRUE,TRUE,FALSE,FALSE,FALSE,TRUE,TRUE,FALSE,FALSE,295000
2022-01-24,/apartamentos-venta-naco/1259541/,2,3.5,3,US$,179000,Tu Casa RD,Naco, Santo Domingo Centro (D.N.), Santo Domingo,Nueva,181,Residencial,NA,TRUE,TRUE,FALSE,FALSE,FALSE,TRUE,TRUE,FALSE,FALSE,179000
2022-01-24,/apartamentos-venta-naco/1255046/,2,3.5,3,US$,450000,Tu Casa RD,Naco, Santo Domingo Centro (D.N.), Santo Domingo,Nueva,280,Residencial,NA,TRUE,TRUE,FALSE,FALSE,FALSE,TRUE,TRUE,FALSE,FALSE,450000
2022-01-24,/apartamentos-venta-naco/1256454/,2,3.5,3,US$,305000,Tu Casa RD,Naco, Santo Domingo Centro (D.N.), Santo Domingo,Nueva,275,Residencial,NA,TRUE,TRUE,FALSE,FALSE,FALSE,TRUE,TRUE,FALSE,FALSE,305000
2022-01-24,/apartamentos-venta-naco/1256453/,2,3.5,3,US$,285000,Tu Casa RD,Naco, Santo Domingo Centro (D.N.), Santo Domingo,Nueva,271,Residencial,NA,TRUE,TRUE,FALSE,FALSE,FALSE,TRUE,TRUE,FALSE,FALSE,285000
2022-01-24,/apartamentos-venta-naco/1256421/,2,1.5,1,US$,130000,Tu Casa RD,Naco, Santo Domingo Centro (D.N.), Santo Domingo,Nueva,NA,Residencial,20,TRUE,TRUE,TRUE,TRUE,TRUE,TRUE,TRUE,TRUE,TRUE,130000
2022-01-24,/apartamentos-venta-naco/1256420/,3,2.5,2,US$,200000,Tu Casa RD,Naco, Santo Domingo Centro (D.N.), Santo Domingo,Nueva,NA,Residencial,20,TRUE,TRUE,TRUE,TRUE,TRUE,TRUE,TRUE,TRUE,TRUE,200000
2022-01-24,/apartamentos-venta-naco/1255570/,2,3.5,3,US$,230000,Tu Casa RD,Naco, Santo Domingo Centro (D.N.), Santo Domingo,Nueva,186,Residencial,NA,TRUE,TRUE,FALSE,FALSE,FALSE,FALSE,TRUE,FALSE,FALSE,230000
2022-01-24,/apartamentos-venta-naco/1255306/,2,3.5,3,US$,235000,Tu Casa RD,Naco, Santo Domingo Centro (D.N.), Santo Domingo,Nueva,215,Residencial,3,TRUE,FALSE,FALSE,FALSE,FALSE,FALSE,TRUE,FALSE,FALSE,235000
2022-01-24,/apartamentos-venta-naco/1254687/,3,3.5,3,US$,285000,Tu Casa RD,Naco, Santo Domingo Centro (D.N.), Santo Domingo,Segundo Uso,203,Residencial,12,TRUE,TRUE,FALSE,FALSE,TRUE,TRUE,TRUE,TRUE,TRUE,285000
2022-01-24,/apartamentos-venta-naco/1237607/,2,3.5,3,US$,335000,Tu Casa RD,Naco, Santo Domingo Centro (D.N.), Santo Domingo,Segundo Uso,236,Residencial,11,FALSE,FALSE,FALSE,FALSE,FALSE,TRUE,FALSE,FALSE,FALSE,335000
2022-01-24,/apartamentos-venta-naco/1251295/,1,2.5,2,US$,220000,Tu Casa RD,Naco, Santo Domingo Centro (D.N.), Santo Domingo,Nueva,157,Residencial,NA,FALSE,FALSE,FALSE,FALSE,TRUE,FALSE,FALSE,TRUE,TRUE,220000
2022-01-24,/apartamentos-venta-y-alquiler-naco/1242015/,2,3.5,3,US$,245000,Tu Casa RD,Naco, Santo Domingo Centro (D.N.), Santo Domingo,Segundo Uso,215,Residencial,NA,FALSE,FALSE,FALSE,FALSE,FALSE,FALSE,TRUE,FALSE,FALSE,245000
2022-01-24,/apartamentos-venta-naco/1243660/,2,2.5,3,US$,295000,Tu Casa RD,Naco, Santo Domingo Centro (D.N.), Santo Domingo,Nueva,NA,Residencial,NA,FALSE,TRUE,FALSE,FALSE,FALSE,TRUE,FALSE,FALSE,FALSE,295000
2022-01-24,/apartamentos-venta-naco/1250874/,NA,3.5,3,US$,295000,Tu Casa RD,Naco, Santo Domingo Centro (D.N.), Santo Domingo,Nueva,360,Residencial,2,FALSE,TRUE,FALSE,FALSE,TRUE,FALSE,TRUE,FALSE,FALSE,295000
2022-01-24,/apartamentos-venta-naco/1254827/,3,2.5,3,US$,220000,Tu Casa RD,Naco, Santo Domingo Centro (D.N.), Santo Domingo,Segundo Uso,190,Residencial,NA,TRUE,TRUE,FALSE,FALSE,TRUE,TRUE,TRUE,FALSE,TRUE,220000
2022-01-24,/apartamentos-venta-naco/1198457/,2,3.5,3,US$,254400,Tu Casa RD,Naco, Santo Domingo Centro (D.N.), Santo Domingo,En Construcción,192,Residencial,NA,TRUE,TRUE,TRUE,FALSE,TRUE,TRUE,TRUE,FALSE,TRUE,254400
2022-01-24,/apartamentos-venta-naco/1198353/,25,2.5,2,US$,164000,Tu Casa RD,Naco, Santo Domingo Centro (D.N.), Santo Domingo,En Construcción,NA,Residencial,NA,TRUE,TRUE,TRUE,FALSE,TRUE,TRUE,TRUE,FALSE,TRUE,164000
2022-01-24,/apartamentos-venta-naco/1256828/,3,5.5,5,US$,600000,Tu Casa RD,Naco, Santo Domingo Centro (D.N.), Santo Domingo,Nueva,600,Residencial,NA,TRUE,TRUE,FALSE,FALSE,TRUE,TRUE,TRUE,FALSE,TRUE,600000
2022-01-24,/apartamentos-venta-naco/1256831/,2,3.5,3,US$,230000,Tu Casa RD,Naco, Santo Domingo Centro (D.N.), Santo Domingo,Nueva,210,Residencial,NA,TRUE,TRUE,FALSE,FALSE,FALSE,FALSE,FALSE,FALSE,FALSE,230000
2022-01-24,/apartamentos-venta-naco/1256039/,2,3.5,3,US$,370000,Tu Casa RD,Naco, Santo Domingo Centro (D.N.), Santo Domingo,Nueva,308,Residencial,NA,TRUE,TRUE,FALSE,FALSE,FALSE,TRUE,TRUE,FALSE,TRUE,370000
2022-01-24,/apartamentos-venta-naco/1255588/,1,2,1,US$,180000,Tu Casa RD,Naco, Santo Domingo Centro (D.N.), Santo Domingo,Nueva,88,Residencial,9,TRUE,TRUE,TRUE,FALSE,TRUE,TRUE,TRUE,FALSE,TRUE,180000
2022-01-24,/apartamentos-venta-naco/1255127/,5,3.5,3,US$,395000,Tu Casa RD,Naco, Santo Domingo Centro (D.N.), Santo Domingo,Nueva,315,Residencial,10,TRUE,TRUE,TRUE,FALSE,FALSE,TRUE,TRUE,TRUE,TRUE,395000
2022-01-24,/apartamentos-venta-naco/1254583/,3,3.5,3,US$,305000,Tu Casa RD,Naco, Santo Domingo Centro (D.N.), Santo Domingo,Segundo Uso,310,Residencial,NA,TRUE,TRUE,FALSE,FALSE,FALSE,TRUE,TRUE,FALSE,FALSE,305000
2022-01-24,/apartamentos-venta-naco/1254662/,2,3.5,3,US$,370000,Tu Casa RD,Naco, Santo Domingo Centro (D.N.), Santo Domingo,Segundo Uso,308,Residencial,NA,TRUE,TRUE,FALSE,FALSE,TRUE,TRUE,TRUE,FALSE,TRUE,370000
2022-01-24,/apartamentos-venta-naco/1245288/,2,3,3,US$,220000,Tu Casa RD,Naco, Santo Domingo Centro (D.N.), Santo Domingo,Segundo Uso,165,Residencial,NA,FALSE,FALSE,TRUE,FALSE,FALSE,TRUE,TRUE,FALSE,TRUE,220000
2022-01-24,/apartamentos-venta-naco/1241174/,2,2,2,US$,199500,Tu Casa RD,Naco, Santo Domingo Centro (D.N.), Santo Domingo,Segundo Uso,132,Residencial,NA,FALSE,TRUE,TRUE,FALSE,TRUE,FALSE,TRUE,TRUE,TRUE,199500
2022-01-24,/apartamentos-venta-naco/1238781/,2,2.5,2,US$,189000,Tu Casa RD,Naco, Santo Domingo Centro (D.N.), Santo Domingo,En Construcción,NA,Residencial,NA,FALSE,TRUE,FALSE,FALSE,TRUE,TRUE,FALSE,FALSE,TRUE,189000
2022-01-24,/apartamentos-venta-naco/1238826/,NA,NA,2,US$,187000,Tu Casa RD,Naco, Santo Domingo Centro (D.N.), Santo Domingo,En Construcción,NA,Residencial,NA,FALSE,FALSE,TRUE,FALSE,TRUE,TRUE,FALSE,FALSE,TRUE,187000
2022-01-24,/apartamentos-venta-naco/1210941/,3,3.5,3,US$,431550,Tu Casa RD,Naco, Santo Domingo Centro (D.N.), Santo Domingo,En Construcción,NA,Residencial,NA,TRUE,TRUE,TRUE,FALSE,TRUE,FALSE,TRUE,FALSE,TRUE,431550
2022-01-24,/apartamentos-venta-naco/1246603/,4,4.5,4,US$,425000,Tu Casa RD,Naco, Santo Domingo Centro (D.N.), Santo Domingo,Segundo Uso,554,Residencial,NA,TRUE,TRUE,TRUE,FALSE,TRUE,TRUE,FALSE,TRUE,TRUE,425000
2022-01-24,/apartamentos-venta-naco/1246636/,2,3.5,3,US$,229000,Tu Casa RD,Naco, Santo Domingo Centro (D.N.), Santo Domingo,Segundo Uso,179,Residencial,NA,FALSE,FALSE,FALSE,FALSE,TRUE,FALSE,TRUE,FALSE,TRUE,229000
2022-01-24,/apartamentos-venta-naco/1251524/,5,3.5,3,US$,395000,City Homes,Naco, Santo Domingo Centro (D.N.), Santo Domingo,Segundo Uso,315,Residencial,10,TRUE,FALSE,FALSE,FALSE,FALSE,FALSE,FALSE,TRUE,TRUE,395000
2022-01-24,/apartamentos-venta-naco/1233355/,3,3.5,3,US$,280000,Grupo Nin Inmobiliario,Naco, Santo Domingo Centro (D.N.), Santo Domingo,Nueva,212,Residencial,3,TRUE,TRUE,FALSE,FALSE,TRUE,FALSE,TRUE,FALSE,TRUE,280000
2022-01-24,/apartamentos-venta-naco/1242180/,3,2.5,2,US$,189720,Seekers Inmobiliaria,Naco, Santo Domingo Centro (D.N.), Santo Domingo,Nueva,122,Residencial,NA,TRUE,TRUE,FALSE,FALSE,FALSE,TRUE,TRUE,FALSE,TRUE,189720
2022-01-24,/apartamentos-venta-naco/1202223/,1,2.5,2,US$,134500,HouseLink,Naco, Santo Domingo Centro (D.N.), Santo Domingo,En Construcción,83,Residencial,4,TRUE,FALSE,FALSE,TRUE,FALSE,TRUE,TRUE,TRUE,TRUE,134500
2022-01-24,/apartamentos-venta-naco/1257231/,NA,3.5,3,US$,278300,Megacasa RD,Naco, Santo Domingo Centro (D.N.), Santo Domingo,Nueva,195,Residencial,NA,TRUE,TRUE,TRUE,FALSE,FALSE,TRUE,TRUE,FALSE,FALSE,278300
2022-01-24,/apartamentos-venta-naco/1257128/,2,2.5,2,US$,180000,Elite Brokers,Naco, Santo Domingo Centro (D.N.), Santo Domingo,NA,NA,N/D,NA,TRUE,FALSE,FALSE,FALSE,FALSE,FALSE,TRUE,FALSE,TRUE,180000
2022-01-24,/apartamentos-venta-naco/1219541/,2,3.5,3,US$,225000,Premium Real Estate,Naco, Santo Domingo Centro (D.N.), Santo Domingo,Segundo Uso,165,Residencial,NA,TRUE,TRUE,TRUE,FALSE,FALSE,TRUE,TRUE,FALSE,FALSE,225000
2022-01-24,/apartamentos-venta-y-alquiler-naco/1212017/,2,3.5,3,US$,200000,Domus Mea Caribe Inmobiliaria,Naco, Santo Domingo Centro (D.N.), Santo Domingo,Segundo Uso,190,Residencial,2,TRUE,TRUE,FALSE,TRUE,FALSE,TRUE,TRUE,FALSE,FALSE,200000
2022-01-24,/apartamentos-venta-naco/1256222/,2,2.5,2,US$,200000,New Home Constructora Inmobiliaria,Naco, Santo Domingo Centro (D.N.), Santo Domingo,Segundo Uso,170,Residencial,8,FALSE,TRUE,FALSE,FALSE,FALSE,FALSE,TRUE,FALSE,FALSE,200000
2022-01-24,/apartamentos-venta-naco/1250078/,2,3.5,3,US$,213362,DARAD Real Estate RD,Naco, Santo Domingo Centro (D.N.), Santo Domingo,En Construcción,NA,Residencial,NA,TRUE,TRUE,TRUE,TRUE,TRUE,TRUE,TRUE,FALSE,TRUE,213362
2022-01-24,/apartamentos-venta-naco/1250076/,1,NA,1,US$,117000,DARAD Real Estate RD,Naco, Santo Domingo Centro (D.N.), Santo Domingo,En Construcción,60,Residencial,NA,TRUE,TRUE,TRUE,TRUE,TRUE,TRUE,FALSE,FALSE,TRUE,117000
2022-01-24,/apartamentos-venta-naco/1243084/,2,3.5,3,US$,260000,Seekers Inmobiliaria,Naco, Santo Domingo Centro (D.N.), Santo Domingo,En Construcción,162,Residencial,5,TRUE,TRUE,TRUE,TRUE,FALSE,TRUE,TRUE,FALSE,TRUE,260000
2022-01-24,/apartamentos-venta-naco/1232847/,4,4.5,4,US$,400000,Carmelia Suero,Naco, Santo Domingo Centro (D.N.), Santo Domingo,Nueva,357,Residencial,3,TRUE,TRUE,FALSE,TRUE,TRUE,TRUE,TRUE,FALSE,FALSE,400000
2022-01-24,/apartamentos-venta-naco/1253596/,2,3.5,3,US$,305000,Plusval Venta Directa,Naco, Santo Domingo Centro (D.N.), Santo Domingo,Nueva,275,Residencial,8,TRUE,TRUE,FALSE,FALSE,FALSE,TRUE,TRUE,FALSE,FALSE,305000
2022-01-24,/apartamentos-venta-naco/1235632/,2,2.5,2,US$,223000,Centro Juridico Dra. Angela Rojas,Naco, Santo Domingo Centro (D.N.), Santo Domingo,Nueva,132,Residencial,NA,TRUE,TRUE,TRUE,TRUE,TRUE,TRUE,TRUE,FALSE,TRUE,223000
2022-01-24,/apartamentos-venta-naco/1235630/,1,1.5,1,US$,129000,Centro Juridico Dra. Angela Rojas,Naco, Santo Domingo Centro (D.N.), Santo Domingo,Nueva,77,Residencial,NA,FALSE,TRUE,TRUE,FALSE,TRUE,TRUE,TRUE,FALSE,TRUE,129000
2022-01-24,/apartamentos-venta-naco/1245532/,2,1.5,1,US$,128000,Centro Juridico Dra. Angela Rojas,Naco, Santo Domingo Centro (D.N.), Santo Domingo,Nueva,62,Residencial,1,TRUE,TRUE,TRUE,TRUE,TRUE,TRUE,TRUE,TRUE,TRUE,128000
2022-01-24,/apartamentos-venta-naco/1233856/,2,3.5,3,US$,240000,Staff Inmobiliario,Naco, Santo Domingo Centro (D.N.), Santo Domingo,Segundo Uso,310,Residencial,5,TRUE,TRUE,FALSE,FALSE,FALSE,TRUE,TRUE,FALSE,FALSE,240000
2022-01-24,/apartamentos-venta-naco/1239578/,2,3.5,3,US$,295000,Staff Inmobiliario,Naco, Santo Domingo Centro (D.N.), Santo Domingo,Remodelada,260,Residencial,2,TRUE,TRUE,FALSE,FALSE,TRUE,FALSE,TRUE,FALSE,FALSE,295000
2022-01-24,/apartamentos-venta-naco/1250707/,2,2.5,2,US$,186000,Vidalpe Inmobiliaria,Naco, Santo Domingo Centro (D.N.), Santo Domingo,En Construcción,162,Residencial,2,TRUE,TRUE,TRUE,TRUE,TRUE,TRUE,TRUE,FALSE,TRUE,186000
2022-01-24,/apartamentos-venta-naco/1249790/,9,3.5,3,US$,220000,Kensami Bienes Raices ,Naco, Santo Domingo Centro (D.N.), Santo Domingo,Segundo Uso,233,Residencial,7,TRUE,TRUE,FALSE,FALSE,FALSE,TRUE,TRUE,FALSE,FALSE,220000
2022-01-24,/apartamentos-venta-naco/1232835/,2,3.5,3,US$,275000,Kensami Bienes Raices ,Naco, Santo Domingo Centro (D.N.), Santo Domingo,Segundo Uso,251,Residencial,4,TRUE,TRUE,FALSE,FALSE,FALSE,TRUE,TRUE,FALSE,TRUE,275000
2022-01-24,/apartamentos-venta-naco/1243395/,3,2.5,2,US$,255000,Grupo Nin Inmobiliario,Naco, Santo Domingo Centro (D.N.), Santo Domingo,Segundo Uso,150,Residencial,11,TRUE,TRUE,FALSE,FALSE,TRUE,TRUE,TRUE,FALSE,TRUE,255000
2022-01-24,/apartamentos-venta-naco/1242969/,2,2.5,2,US$,182000,HouseLink,Naco, Santo Domingo Centro (D.N.), Santo Domingo,Nueva,130,Residencial,3,TRUE,TRUE,TRUE,FALSE,FALSE,TRUE,FALSE,FALSE,TRUE,182000
2022-01-24,/apartamentos-venta-naco/1233291/,4,3.5,3,US$,425000,Elite Brokers,Naco, Santo Domingo Centro (D.N.), Santo Domingo,NA,335,Residencial,NA,TRUE,TRUE,FALSE,FALSE,FALSE,TRUE,FALSE,FALSE,TRUE,425000
2022-01-24,/apartamentos-venta-y-alquiler-naco/1239968/,1,1.5,1,US$,120000,Elite Brokers,Naco, Santo Domingo Centro (D.N.), Santo Domingo,NA,98,Residencial,5,TRUE,TRUE,FALSE,FALSE,FALSE,FALSE,TRUE,FALSE,FALSE,120000
2022-01-24,/apartamentos-venta-naco/1239669/,1,1,1,US$,165770,Inmobiliaria Vita Home,Naco, Santo Domingo Centro (D.N.), Santo Domingo,En Construcción,63,Residencial,NA,TRUE,FALSE,TRUE,FALSE,TRUE,FALSE,FALSE,TRUE,TRUE,165770
2022-01-24,/apartamentos-venta-naco/1234980/,1,NA,1,US$,125000,Inverfisa,Naco, Santo Domingo Centro (D.N.), Santo Domingo,En Planos,60,Residencial,NA,FALSE,TRUE,FALSE,FALSE,FALSE,TRUE,TRUE,FALSE,TRUE,125000
2022-01-24,/apartamentos-venta-naco/1224837/,1,1,1,US$,87980,Abril Group SRL,Naco, Santo Domingo Centro (D.N.), Santo Domingo,Nueva,53,Residencial,8,TRUE,TRUE,TRUE,FALSE,FALSE,TRUE,FALSE,FALSE,TRUE,87980
2022-01-24,/apartamentos-venta-naco/1208002/,2,2.5,2,US$,278300,New Home Constructora Inmobiliaria,Naco, Santo Domingo Centro (D.N.), Santo Domingo,Nueva,159,N/D,NA,FALSE,TRUE,TRUE,FALSE,FALSE,FALSE,TRUE,TRUE,TRUE,278300
