date,id,parking,bathrooms,bedrooms,currency,price,seller,neighborhood,city,province,status,area,usage,story,planta,lift,pool,pozo,terraza,lobby,balcon,jacuzzi,gimnasio,price.usd
2022-02-10,/apartamentos-venta-ciudad/1257052/,1,2.5,4,US$,59000,Icas,Ciudad, Las Colinas Del Oeste Santo Domingo Oeste, Santo Domingo,Nueva,85,N/D,3,FALSE,FALSE,FALSE,TRUE,FALSE,FALSE,TRUE,FALSE,FALSE,59000
2022-02-10,/apartamentos-venta-ciudad/1259510/,1,2.5,3,US$,101000,Mudate,Ciudad, Las Colinas Del Oeste Santo Domingo Oeste, Santo Domingo,Nueva,96,Residencial,NA,FALSE,FALSE,FALSE,FALSE,FALSE,FALSE,TRUE,FALSE,TRUE,101000
2022-02-10,/apartamentos-venta-ciudad/1262555/,1,2,3,US$,89000,Mudate,Ciudad, Las Colinas Del Oeste Santo Domingo Oeste, Santo Domingo,Nueva,160,Residencial,NA,FALSE,FALSE,FALSE,FALSE,FALSE,FALSE,FALSE,FALSE,FALSE,89000
2022-02-10,/apartamentos-venta-ciudad/1269779/,2,2.5,3,RD$,10000000,CityMax Santo Domingo,Ciudad, Las Colinas Del Oeste Santo Domingo Oeste, Santo Domingo,Remodelada,139,Residencial,2,FALSE,FALSE,FALSE,TRUE,TRUE,FALSE,FALSE,FALSE,TRUE,170940.17094017094
2022-02-10,/apartamentos-venta-ciudad/1268390/,1,NA,3,RD$,3700000,Remax Independencia,Ciudad, Las Colinas Del Oeste Santo Domingo Oeste, Santo Domingo,Segundo Uso,106,Residencial,4,FALSE,FALSE,FALSE,FALSE,FALSE,FALSE,FALSE,FALSE,FALSE,63247.86324786325
