date,id,parking,bathrooms,bedrooms,currency,price,seller,neighborhood,city,province,status,area,usage,story,planta,lift,pool,pozo,terraza,lobby,balcon,jacuzzi,gimnasio,price.usd
2022-02-10,/apartamentos-venta-vista-hermosa/1213312/,1,2,2,RD$,3800000,Inverfisa,Vista Hermosa, Santo Domingo Este, Santo Domingo,En Planos,72,Residencial,NA,FALSE,FALSE,FALSE,FALSE,FALSE,FALSE,TRUE,FALSE,FALSE,64957.26495726496
2022-02-10,/apartamentos-venta-vista-hermosa/1269304/,2,2.5,3,RD$,6600000,Premium Real Estate,Vista Hermosa, Santo Domingo Este, Santo Domingo,Nueva,145,Residencial,2,FALSE,FALSE,FALSE,FALSE,FALSE,FALSE,TRUE,FALSE,FALSE,112820.51282051283
2022-02-10,/apartamentos-venta-vista-hermosa/1269236/,2,2,3,RD$,5600000,Premium Real Estate,Vista Hermosa, Santo Domingo Este, Santo Domingo,Nueva,120,Residencial,4,FALSE,FALSE,FALSE,FALSE,FALSE,FALSE,TRUE,FALSE,FALSE,95726.49572649572
2022-02-10,/apartamentos-venta-vista-hermosa/1251405/,2,2,3,RD$,5700000,Mr. Home Asesores Inmobiliarios,Vista Hermosa, Santo Domingo Este, Santo Domingo,NA,118,Residencial,NA,FALSE,FALSE,FALSE,TRUE,TRUE,FALSE,TRUE,FALSE,FALSE,97435.89743589744
2022-02-10,/apartamentos-venta-vista-hermosa/1262477/,2,2.5,3,US$,115000,Ciudad Inmobiliaria ,Vista Hermosa, Santo Domingo Este, Santo Domingo,En Construcción,135,Residencial,NA,FALSE,FALSE,FALSE,FALSE,FALSE,FALSE,TRUE,FALSE,FALSE,115000
2022-02-10,/apartamentos-venta-vista-hermosa/1268879/,2,2.5,3,US$,122000,DOBLE ALTURA REAL ESTATE SRL,Vista Hermosa, Santo Domingo Este, Santo Domingo,Segundo Uso,130,Residencial,2,TRUE,FALSE,FALSE,FALSE,FALSE,FALSE,TRUE,FALSE,FALSE,122000
2022-02-10,/apartamentos-venta-vista-hermosa/1269237/,2,2,3,RD$,5600000,Premium Real Estate,Vista Hermosa, Santo Domingo Este, Santo Domingo,Nueva,120,Residencial,4,FALSE,FALSE,FALSE,TRUE,FALSE,FALSE,TRUE,FALSE,FALSE,95726.49572649572
2022-02-10,/apartamentos-venta-vista-hermosa/1256692/,1,2,2,RD$,5745000,Inverfisa,Vista Hermosa, Santo Domingo Este, Santo Domingo,En Planos,110,Residencial,NA,FALSE,TRUE,FALSE,FALSE,FALSE,FALSE,TRUE,FALSE,FALSE,98205.1282051282
