date,id,parking,bathrooms,bedrooms,currency,price,seller,neighborhood,city,province,status,area,usage,story,planta,lift,pool,pozo,terraza,lobby,balcon,jacuzzi,gimnasio,price.usd
2022-02-10,/apartamentos-venta-los-cacicazgos/1269667/,2,2,2,RD$,327275,Seekers Inmobiliaria,Los Cacicazgos, Santo Domingo Centro (D.N.), Santo Domingo,En Construcción,168,Residencial,NA,TRUE,TRUE,TRUE,FALSE,TRUE,TRUE,TRUE,TRUE,TRUE,5594.444444444444
2022-02-10,/apartamentos-venta-los-cacicazgos/1269675/,2,3.5,3,US$,630000,Seekers Inmobiliaria,Los Cacicazgos, Santo Domingo Centro (D.N.), Santo Domingo,En Construcción,300,Residencial,NA,FALSE,TRUE,FALSE,FALSE,TRUE,TRUE,FALSE,TRUE,TRUE,630000
2022-02-10,/apartamentos-venta-los-cacicazgos/1269664/,1,1.5,1,US$,195000,Premium Real Estate,Los Cacicazgos, Santo Domingo Centro (D.N.), Santo Domingo,Nueva,NA,Residencial,NA,FALSE,TRUE,FALSE,FALSE,FALSE,FALSE,TRUE,FALSE,FALSE,195000
2022-02-10,/apartamentos-venta-los-cacicazgos/1264899/,2,3.5,3,US$,325000,Marco Rivero,Los Cacicazgos, Santo Domingo Centro (D.N.), Santo Domingo,Nueva,NA,Residencial,NA,TRUE,TRUE,FALSE,TRUE,TRUE,TRUE,TRUE,FALSE,TRUE,325000
2022-02-10,/apartamentos-venta-los-cacicazgos/1267427/,2,2.5,2,US$,240000,Marco Rivero,Los Cacicazgos, Santo Domingo Centro (D.N.), Santo Domingo,Segundo Uso,135,Residencial,NA,TRUE,TRUE,TRUE,TRUE,TRUE,TRUE,TRUE,FALSE,FALSE,240000
2022-02-10,/apartamentos-venta-los-cacicazgos/1268578/,1,2,1,US$,138000,Vivenzas Real Estate ,Los Cacicazgos, Santo Domingo Centro (D.N.), Santo Domingo,En Planos,60,Residencial,NA,TRUE,TRUE,TRUE,FALSE,TRUE,TRUE,TRUE,TRUE,TRUE,138000
2022-02-10,/apartamentos-venta-los-cacicazgos/1266116/,3,3.5,3,US$,510000,Vivenzas Real Estate ,Los Cacicazgos, Santo Domingo Centro (D.N.), Santo Domingo,Segundo Uso,340,Residencial,NA,TRUE,TRUE,FALSE,FALSE,TRUE,TRUE,TRUE,FALSE,TRUE,510000
2022-02-10,/apartamentos-venta-los-cacicazgos/1268500/,2,2.5,2,US$,318275,Vivenzas Real Estate ,Los Cacicazgos, Santo Domingo Centro (D.N.), Santo Domingo,En Construcción,170,Residencial,NA,TRUE,TRUE,TRUE,FALSE,TRUE,TRUE,TRUE,TRUE,TRUE,318275
2022-02-10,/apartamentos-venta-los-cacicazgos/1264628/,3,3.5,3,US$,878500,Vivenzas Real Estate ,Los Cacicazgos, Santo Domingo Centro (D.N.), Santo Domingo,En Construcción,317,Residencial,NA,TRUE,TRUE,TRUE,FALSE,TRUE,TRUE,TRUE,FALSE,TRUE,878500
2022-02-10,/apartamentos-venta-los-cacicazgos/1268520/,3,3.5,3,US$,570000,Vivenzas Real Estate ,Los Cacicazgos, Santo Domingo Centro (D.N.), Santo Domingo,Nueva,320,Residencial,NA,TRUE,TRUE,TRUE,FALSE,TRUE,TRUE,TRUE,TRUE,TRUE,570000
2022-02-10,/apartamentos-venta-los-cacicazgos/1247385/,2,3.5,3,US$,461000,Vivenzas Real Estate ,Los Cacicazgos, Santo Domingo Centro (D.N.), Santo Domingo,En Planos,253,Residencial,NA,TRUE,TRUE,TRUE,FALSE,TRUE,TRUE,TRUE,TRUE,TRUE,461000
2022-02-10,/apartamentos-venta-los-cacicazgos/1268501/,3,3.5,3,US$,389500,Vivenzas Real Estate ,Los Cacicazgos, Santo Domingo Centro (D.N.), Santo Domingo,En Construcción,200,Residencial,NA,TRUE,TRUE,TRUE,FALSE,TRUE,TRUE,TRUE,TRUE,TRUE,389500
2022-02-10,/apartamentos-venta-los-cacicazgos/1257758/,3,3.5,3,US$,545000,Vivenzas Real Estate ,Los Cacicazgos, Santo Domingo Centro (D.N.), Santo Domingo,En Construcción,300,Residencial,NA,TRUE,TRUE,TRUE,FALSE,FALSE,TRUE,TRUE,TRUE,TRUE,545000
2022-02-10,/apartamentos-venta-los-cacicazgos/1247331/,4,4.5,4,US$,1300000,Premium Real Estate,Los Cacicazgos, Santo Domingo Centro (D.N.), Santo Domingo,Segundo Uso,853,Residencial,15,TRUE,TRUE,FALSE,FALSE,TRUE,FALSE,TRUE,TRUE,TRUE,1300000
2022-02-10,/apartamentos-venta-los-cacicazgos/1220423/,4,4.5,4,US$,835000,Premium Real Estate,Los Cacicazgos, Santo Domingo Centro (D.N.), Santo Domingo,En Construcción,484,Residencial,NA,TRUE,TRUE,TRUE,FALSE,TRUE,TRUE,TRUE,FALSE,TRUE,835000
2022-02-10,/apartamentos-venta-los-cacicazgos/1268937/,3,3.5,3,US$,315000,Premium Real Estate,Los Cacicazgos, Santo Domingo Centro (D.N.), Santo Domingo,Segundo Uso,300,Residencial,NA,TRUE,TRUE,FALSE,FALSE,FALSE,TRUE,TRUE,FALSE,FALSE,315000
2022-02-10,/apartamentos-venta-los-cacicazgos/1258757/,3,4.5,4,US$,650000,Premium Real Estate,Los Cacicazgos, Santo Domingo Centro (D.N.), Santo Domingo,Segundo Uso,396,Residencial,6,TRUE,TRUE,FALSE,FALSE,TRUE,TRUE,TRUE,FALSE,TRUE,650000
2022-02-10,/apartamentos-venta-los-cacicazgos/1221599/,3,3.5,3,US$,475000,Premium Real Estate,Los Cacicazgos, Santo Domingo Centro (D.N.), Santo Domingo,En Construcción,260,Residencial,NA,FALSE,TRUE,TRUE,FALSE,TRUE,FALSE,FALSE,FALSE,TRUE,475000
2022-02-10,/apartamentos-venta-los-cacicazgos/1219917/,3,NA,3,US$,376000,Premium Real Estate,Los Cacicazgos, Santo Domingo Centro (D.N.), Santo Domingo,En Construcción,220,Residencial,NA,FALSE,FALSE,FALSE,FALSE,FALSE,FALSE,FALSE,FALSE,FALSE,376000
2022-02-10,/apartamentos-venta-los-cacicazgos/1248318/,3,3.5,3,US$,550000,Premium Real Estate,Los Cacicazgos, Santo Domingo Centro (D.N.), Santo Domingo,Segundo Uso,285,Residencial,9,TRUE,TRUE,FALSE,FALSE,TRUE,TRUE,TRUE,FALSE,TRUE,550000
2022-02-10,/apartamentos-venta-los-cacicazgos/1248713/,2,3.5,3,US$,295000,Premium Real Estate,Los Cacicazgos, Santo Domingo Centro (D.N.), Santo Domingo,Segundo Uso,250,Residencial,3,TRUE,TRUE,FALSE,FALSE,FALSE,TRUE,TRUE,FALSE,FALSE,295000
2022-02-10,/apartamentos-venta-los-cacicazgos/1268659/,1,1.5,1,US$,195000,Premium Real Estate,Los Cacicazgos, Santo Domingo Centro (D.N.), Santo Domingo,Segundo Uso,85,Residencial,11,TRUE,TRUE,TRUE,FALSE,TRUE,TRUE,TRUE,FALSE,TRUE,195000
2022-02-10,/apartamentos-venta-los-cacicazgos/1269628/,NA,NA,NA,US$,465000,Premier Real Estate,Los Cacicazgos, Santo Domingo Centro (D.N.), Santo Domingo,En Construcción,NA,Residencial,NA,FALSE,FALSE,FALSE,FALSE,FALSE,FALSE,FALSE,FALSE,FALSE,465000
2022-02-10,/apartamentos-venta-los-cacicazgos/1268658/,1,2,1,US$,195000,Premium Real Estate,Los Cacicazgos, Santo Domingo Centro (D.N.), Santo Domingo,Segundo Uso,85,Residencial,11,TRUE,TRUE,TRUE,FALSE,TRUE,TRUE,TRUE,TRUE,FALSE,195000
2022-02-10,/apartamentos-venta-los-cacicazgos/1268940/,3,3.5,3,US$,315000,Premium Real Estate,Los Cacicazgos, Santo Domingo Centro (D.N.), Santo Domingo,Segundo Uso,300,Residencial,NA,TRUE,TRUE,FALSE,FALSE,FALSE,TRUE,TRUE,FALSE,FALSE,315000
2022-02-10,/apartamentos-venta-los-cacicazgos/1262379/,3,3.5,3,US$,550000,Premium Real Estate,Los Cacicazgos, Santo Domingo Centro (D.N.), Santo Domingo,Nueva,285,Residencial,9,TRUE,TRUE,FALSE,FALSE,FALSE,TRUE,TRUE,FALSE,TRUE,550000
2022-02-10,/apartamentos-venta-los-cacicazgos/1247330/,4,4.5,4,US$,1300000,Premium Real Estate,Los Cacicazgos, Santo Domingo Centro (D.N.), Santo Domingo,Segundo Uso,853,Residencial,15,TRUE,TRUE,FALSE,FALSE,TRUE,TRUE,TRUE,TRUE,TRUE,1300000
2022-02-10,/apartamentos-venta-los-cacicazgos/1255201/,2,3.5,3,US$,315000,Premium Real Estate,Los Cacicazgos, Santo Domingo Centro (D.N.), Santo Domingo,Segundo Uso,250,Residencial,3,TRUE,TRUE,FALSE,FALSE,FALSE,TRUE,TRUE,FALSE,FALSE,315000
2022-02-10,/apartamentos-venta-los-cacicazgos/1259779/,3,NA,3,US$,445000,Algonovo Real Estate,Los Cacicazgos, Santo Domingo Centro (D.N.), Santo Domingo,Segundo Uso,215,Residencial,7,TRUE,TRUE,FALSE,TRUE,TRUE,TRUE,TRUE,TRUE,TRUE,445000
2022-02-10,/apartamentos-venta-los-cacicazgos/1256697/,3,3.5,3,US$,445000,Algonovo Real Estate,Los Cacicazgos, Santo Domingo Centro (D.N.), Santo Domingo,Segundo Uso,252,Residencial,7,TRUE,TRUE,TRUE,TRUE,TRUE,TRUE,TRUE,TRUE,TRUE,445000
2022-02-10,/apartamentos-venta-los-cacicazgos/1237352/,3,3.5,3,US$,386000,Algonovo Real Estate,Los Cacicazgos, Santo Domingo Centro (D.N.), Santo Domingo,En Planos,220,Residencial,NA,TRUE,TRUE,TRUE,FALSE,FALSE,TRUE,TRUE,FALSE,TRUE,386000
2022-02-10,/apartamentos-venta-los-cacicazgos/1269560/,2,2.5,2,US$,187500,Algonovo Real Estate,Los Cacicazgos, Santo Domingo Centro (D.N.), Santo Domingo,Nueva,NA,Residencial,3,TRUE,TRUE,TRUE,TRUE,TRUE,TRUE,TRUE,FALSE,TRUE,187500
2022-02-10,/apartamentos-venta-los-cacicazgos/1257903/,1,1.5,1,US$,142500,Algonovo Real Estate,Los Cacicazgos, Santo Domingo Centro (D.N.), Santo Domingo,En Construcción,96,Residencial,2,TRUE,TRUE,TRUE,TRUE,TRUE,TRUE,TRUE,TRUE,TRUE,142500
2022-02-10,/apartamentos-venta-los-cacicazgos/1266018/,2,3.5,3,US$,365000,Algonovo Real Estate,Los Cacicazgos, Santo Domingo Centro (D.N.), Santo Domingo,Nueva,237,Residencial,11,TRUE,TRUE,TRUE,FALSE,FALSE,TRUE,TRUE,FALSE,FALSE,365000
2022-02-10,/apartamentos-venta-los-cacicazgos/1257877/,2,3.5,3,US$,489000,Algonovo Real Estate,Los Cacicazgos, Santo Domingo Centro (D.N.), Santo Domingo,Segundo Uso,214,Residencial,22,TRUE,TRUE,TRUE,FALSE,FALSE,TRUE,TRUE,FALSE,TRUE,489000
2022-02-10,/apartamentos-venta-los-cacicazgos/1266816/,2,3.5,3,US$,270400,VALORA INMOBILIARIA,Los Cacicazgos, Santo Domingo Centro (D.N.), Santo Domingo,Nueva,208,Residencial,4,TRUE,TRUE,FALSE,TRUE,FALSE,TRUE,TRUE,FALSE,TRUE,270400
2022-02-10,/apartamentos-venta-los-cacicazgos/1268735/,3,3.5,3,US$,415000,VALORA INMOBILIARIA,Los Cacicazgos, Santo Domingo Centro (D.N.), Santo Domingo,Segundo Uso,278,Residencial,6,TRUE,TRUE,TRUE,FALSE,FALSE,TRUE,FALSE,TRUE,TRUE,415000
2022-02-10,/apartamentos-venta-los-cacicazgos/1246709/,2,3.5,3,US$,343680,Inmobiliaria Grupal,Los Cacicazgos, Santo Domingo Centro (D.N.), Santo Domingo,En Construcción,214,Residencial,NA,TRUE,TRUE,TRUE,TRUE,TRUE,TRUE,TRUE,FALSE,TRUE,343680
2022-02-10,/apartamentos-venta-los-cacicazgos/1246886/,2,2.5,2,US$,152000,Inmobiliaria Grupal,Los Cacicazgos, Santo Domingo Centro (D.N.), Santo Domingo,En Construcción,100,Residencial,3,TRUE,TRUE,FALSE,TRUE,TRUE,TRUE,TRUE,FALSE,TRUE,152000
2022-02-10,/apartamentos-venta-los-cacicazgos/1264600/,3,3.5,3,US$,386000,Inmobiliaria e Inversiones Peguero & Asociados,Los Cacicazgos, Santo Domingo Centro (D.N.), Santo Domingo,En Construcción,220,Residencial,NA,TRUE,TRUE,FALSE,TRUE,TRUE,TRUE,TRUE,TRUE,TRUE,386000
2022-02-10,/apartamentos-venta-los-cacicazgos/1269361/,2,3.5,3,US$,295000,Inmobiliaria e Inversiones Peguero & Asociados,Los Cacicazgos, Santo Domingo Centro (D.N.), Santo Domingo,Segundo Uso,160,Residencial,10,TRUE,TRUE,TRUE,TRUE,FALSE,TRUE,TRUE,FALSE,TRUE,295000
2022-02-10,/apartamentos-venta-los-cacicazgos/1269175/,1,2.5,3,US$,165000,Stephanie  Peña,Los Cacicazgos, Santo Domingo Centro (D.N.), Santo Domingo,Segundo Uso,200,Residencial,5,TRUE,TRUE,FALSE,FALSE,FALSE,TRUE,TRUE,FALSE,FALSE,165000
2022-02-10,/apartamentos-venta-los-cacicazgos/1243566/,4,4.5,4,US$,835000,Domus Mea Caribe Inmobiliaria,Los Cacicazgos, Santo Domingo Centro (D.N.), Santo Domingo,En Construcción,485,Residencial,NA,TRUE,TRUE,TRUE,FALSE,FALSE,TRUE,FALSE,FALSE,FALSE,835000
2022-02-10,/apartamentos-venta-los-cacicazgos/1268560/,3,3.5,3,US$,386000,Domus Mea Caribe Inmobiliaria,Los Cacicazgos, Santo Domingo Centro (D.N.), Santo Domingo,En Construcción,220,Residencial,3,TRUE,TRUE,TRUE,FALSE,TRUE,TRUE,TRUE,TRUE,TRUE,386000
2022-02-10,/apartamentos-venta-los-cacicazgos/1269533/,2,3.5,3,US$,458850,Domus Mea Caribe Inmobiliaria,Los Cacicazgos, Santo Domingo Centro (D.N.), Santo Domingo,En Construcción,320,Residencial,NA,TRUE,TRUE,TRUE,FALSE,TRUE,FALSE,TRUE,TRUE,TRUE,458850
2022-02-10,/apartamentos-venta-los-cacicazgos/1265711/,2,3.5,3,US$,220000,Mr. Home Asesores Inmobiliarios,Los Cacicazgos, Santo Domingo Centro (D.N.), Santo Domingo,NA,191,Residencial,NA,FALSE,FALSE,FALSE,FALSE,FALSE,FALSE,FALSE,FALSE,FALSE,220000
2022-02-10,/apartamentos-venta-los-cacicazgos/1232655/,1,2,1,US$,165000,Home Master SRL,Los Cacicazgos, Santo Domingo Centro (D.N.), Santo Domingo,En Construcción,75,Residencial,NA,TRUE,TRUE,TRUE,TRUE,FALSE,TRUE,TRUE,TRUE,TRUE,165000
2022-02-10,/apartamentos-venta-los-cacicazgos/1267669/,2,2,2,US$,163000,Miguel Duarte Real Estate,Los Cacicazgos, Santo Domingo Centro (D.N.), Santo Domingo,Segundo Uso,150,Residencial,1,FALSE,TRUE,FALSE,TRUE,FALSE,FALSE,TRUE,FALSE,FALSE,163000
2022-02-10,/apartamentos-venta-los-cacicazgos/1238717/,2,3.5,3,US$,260000,Bienvenida Rubén Jiménez,Los Cacicazgos, Santo Domingo Centro (D.N.), Santo Domingo,Segundo Uso,258,Residencial,NA,TRUE,TRUE,FALSE,FALSE,FALSE,TRUE,TRUE,FALSE,TRUE,260000
2022-02-10,/apartamentos-venta-los-cacicazgos/1265918/,2,2.5,2,US$,155000,Bienvenida Rubén Jiménez,Los Cacicazgos, Santo Domingo Centro (D.N.), Santo Domingo,Segundo Uso,122,Residencial,NA,TRUE,TRUE,FALSE,FALSE,FALSE,FALSE,TRUE,TRUE,FALSE,155000
2022-02-10,/apartamentos-venta-los-cacicazgos/1262227/,2,2.5,3,US$,265000,Bienvenida Rubén Jiménez,Los Cacicazgos, Santo Domingo Centro (D.N.), Santo Domingo,Nueva,243,Residencial,NA,TRUE,TRUE,FALSE,FALSE,TRUE,TRUE,TRUE,FALSE,FALSE,265000
2022-02-10,/apartamentos-venta-los-cacicazgos/1258745/,2,2.5,2,US$,220000,Property Inmobiliaria,Los Cacicazgos, Santo Domingo Centro (D.N.), Santo Domingo,NA,160,Residencial,11,FALSE,FALSE,TRUE,FALSE,FALSE,TRUE,TRUE,FALSE,FALSE,220000
2022-02-10,/apartamentos-venta-los-cacicazgos/1258743/,3,4.5,3,US$,386000,Property Inmobiliaria,Los Cacicazgos, Santo Domingo Centro (D.N.), Santo Domingo,Nueva,220,Residencial,NA,TRUE,FALSE,TRUE,FALSE,FALSE,TRUE,TRUE,FALSE,TRUE,386000
2022-02-10,/apartamentos-venta-los-cacicazgos/1258748/,3,3.5,3,US$,395000,Property Inmobiliaria,Los Cacicazgos, Santo Domingo Centro (D.N.), Santo Domingo,NA,240,N/D,NA,TRUE,TRUE,TRUE,FALSE,TRUE,TRUE,TRUE,FALSE,TRUE,395000
2022-02-10,/apartamentos-venta-los-cacicazgos/1229130/,3,NA,4,US$,544000,Mr. Home Asesores Inmobiliarios,Los Cacicazgos, Santo Domingo Centro (D.N.), Santo Domingo,NA,NA,Residencial,NA,TRUE,FALSE,FALSE,FALSE,TRUE,TRUE,FALSE,FALSE,FALSE,544000
2022-02-10,/apartamentos-venta-los-cacicazgos/1269210/,2,3,3,US$,260000,Mr. Home Asesores Inmobiliarios,Los Cacicazgos, Santo Domingo Centro (D.N.), Santo Domingo,NA,262,Residencial,NA,FALSE,FALSE,FALSE,FALSE,FALSE,TRUE,FALSE,FALSE,FALSE,260000
2022-02-10,/apartamentos-venta-los-cacicazgos/1229138/,4,4.5,4,US$,650000,Mr. Home Asesores Inmobiliarios,Los Cacicazgos, Santo Domingo Centro (D.N.), Santo Domingo,NA,NA,Residencial,NA,TRUE,TRUE,FALSE,FALSE,FALSE,FALSE,TRUE,FALSE,FALSE,650000
2022-02-10,/apartamentos-venta-los-cacicazgos/1226318/,3,3,4,US$,544000,Mr. Home Asesores Inmobiliarios,Los Cacicazgos, Santo Domingo Centro (D.N.), Santo Domingo,NA,NA,Residencial,NA,TRUE,FALSE,FALSE,FALSE,TRUE,TRUE,FALSE,FALSE,FALSE,544000
2022-02-10,/apartamentos-venta-los-cacicazgos/1266720/,2,3.5,3,US$,450000,Mr. Home Asesores Inmobiliarios,Los Cacicazgos, Santo Domingo Centro (D.N.), Santo Domingo,NA,NA,Residencial,NA,FALSE,TRUE,FALSE,FALSE,FALSE,TRUE,FALSE,FALSE,FALSE,450000
2022-02-10,/apartamentos-venta-los-cacicazgos/1269482/,2,3.5,3,US$,270000,Inmobiliaria Grupal,Los Cacicazgos, Santo Domingo Centro (D.N.), Santo Domingo,Nueva,190,Residencial,4,TRUE,TRUE,FALSE,FALSE,TRUE,TRUE,TRUE,FALSE,TRUE,270000
2022-02-10,/apartamentos-venta-los-cacicazgos/1269520/,3,4.5,3,US$,500000,Inmobiliaria Grupal,Los Cacicazgos, Santo Domingo Centro (D.N.), Santo Domingo,Segundo Uso,447,Residencial,10,TRUE,TRUE,TRUE,FALSE,TRUE,TRUE,TRUE,FALSE,TRUE,500000
2022-02-10,/apartamentos-venta-los-cacicazgos/1267689/,3,4.5,3,US$,500000,Inmobiliaria Grupal,Los Cacicazgos, Santo Domingo Centro (D.N.), Santo Domingo,Segundo Uso,447,Residencial,10,TRUE,TRUE,TRUE,FALSE,FALSE,TRUE,TRUE,FALSE,TRUE,500000
2022-02-10,/apartamentos-venta-los-cacicazgos/1259091/,3,3.5,3,US$,750000,Rodriguez & Asociados,Los Cacicazgos, Santo Domingo Centro (D.N.), Santo Domingo,Segundo Uso,549,Residencial,12,TRUE,TRUE,FALSE,FALSE,TRUE,TRUE,TRUE,TRUE,FALSE,750000
2022-02-10,/apartamentos-venta-los-cacicazgos/1268778/,1,1.5,1,US$,195000,Premium Real Estate,Los Cacicazgos, Santo Domingo Centro (D.N.), Santo Domingo,Nueva,NA,Residencial,NA,TRUE,TRUE,TRUE,FALSE,FALSE,TRUE,TRUE,TRUE,TRUE,195000
2022-02-10,/apartamentos-venta-los-cacicazgos/1248153/,3,3.5,3,US$,550000,Premium Real Estate,Los Cacicazgos, Santo Domingo Centro (D.N.), Santo Domingo,Nueva,NA,Residencial,NA,TRUE,TRUE,TRUE,FALSE,FALSE,TRUE,TRUE,FALSE,TRUE,550000
2022-02-10,/apartamentos-venta-los-cacicazgos/1258928/,3,4.5,4,US$,695000,Premium Real Estate,Los Cacicazgos, Santo Domingo Centro (D.N.), Santo Domingo,Segundo Uso,396,Residencial,NA,FALSE,TRUE,FALSE,FALSE,FALSE,FALSE,TRUE,FALSE,FALSE,695000
2022-02-10,/apartamentos-venta-los-cacicazgos/1267002/,6,4.5,4,US$,1250000,Premium Real Estate,Los Cacicazgos, Santo Domingo Centro (D.N.), Santo Domingo,Segundo Uso,550,Residencial,7,TRUE,TRUE,TRUE,FALSE,TRUE,TRUE,TRUE,TRUE,TRUE,1250000
2022-02-10,/apartamentos-venta-los-cacicazgos/1269221/,2,3.5,3,US$,295000,Premium Real Estate,Los Cacicazgos, Santo Domingo Centro (D.N.), Santo Domingo,Segundo Uso,250,Residencial,3,TRUE,TRUE,FALSE,FALSE,FALSE,FALSE,TRUE,FALSE,FALSE,295000
2022-02-10,/apartamentos-venta-los-cacicazgos/1269551/,2,2.5,2,US$,250000,Property Inmobiliaria,Los Cacicazgos, Santo Domingo Centro (D.N.), Santo Domingo,Segundo Uso,160,Residencial,11,TRUE,TRUE,TRUE,FALSE,FALSE,FALSE,TRUE,FALSE,FALSE,250000
2022-02-10,/apartamentos-venta-y-alquiler-los-cacicazgos/1224463/,2,3.5,3,US$,320000,Marrero Luxury,Los Cacicazgos, Santo Domingo Centro (D.N.), Santo Domingo,Segundo Uso,275,Residencial,9,TRUE,TRUE,TRUE,TRUE,FALSE,TRUE,TRUE,TRUE,TRUE,320000
2022-02-10,/apartamentos-venta-los-cacicazgos/1224464/,2,3.5,3,US$,292000,Marrero Luxury,Los Cacicazgos, Santo Domingo Centro (D.N.), Santo Domingo,Segundo Uso,255,Residencial,2,TRUE,TRUE,FALSE,TRUE,FALSE,TRUE,TRUE,FALSE,FALSE,292000
2022-02-10,/apartamentos-venta-los-cacicazgos/1269489/,3,3.5,3,US$,630000,Seekers Inmobiliaria,Los Cacicazgos, Santo Domingo Centro (D.N.), Santo Domingo,En Construcción,300,Residencial,NA,FALSE,TRUE,FALSE,FALSE,FALSE,FALSE,FALSE,TRUE,TRUE,630000
2022-02-10,/apartamentos-venta-los-cacicazgos/1239198/,4,4,4,US$,835000,Seekers Inmobiliaria,Los Cacicazgos, Santo Domingo Centro (D.N.), Santo Domingo,En Construcción,485,Residencial,NA,FALSE,TRUE,TRUE,FALSE,TRUE,TRUE,TRUE,TRUE,TRUE,835000
2022-02-10,/apartamentos-venta-los-cacicazgos/1257334/,3,3.5,3,US$,544000,Seekers Inmobiliaria,Los Cacicazgos, Santo Domingo Centro (D.N.), Santo Domingo,En Construcción,322,Residencial,3,TRUE,TRUE,TRUE,FALSE,FALSE,TRUE,TRUE,FALSE,TRUE,544000
2022-02-10,/apartamentos-venta-los-cacicazgos/1262761/,2,3.5,3,US$,210000,Seekers Inmobiliaria,Los Cacicazgos, Santo Domingo Centro (D.N.), Santo Domingo,Segundo Uso,190,Residencial,NA,TRUE,TRUE,FALSE,FALSE,FALSE,FALSE,FALSE,FALSE,FALSE,210000
2022-02-10,/apartamentos-venta-los-cacicazgos/1241313/,1,1,1,US$,147500,Seekers Inmobiliaria,Los Cacicazgos, Santo Domingo Centro (D.N.), Santo Domingo,En Construcción,88,Residencial,NA,FALSE,TRUE,TRUE,FALSE,FALSE,FALSE,FALSE,FALSE,TRUE,147500
2022-02-10,/apartamentos-venta-los-cacicazgos/1252371/,2,3.5,3,US$,386000,Premium Real Estate,Los Cacicazgos, Santo Domingo Centro (D.N.), Santo Domingo,En Construcción,220,Residencial,NA,TRUE,FALSE,FALSE,FALSE,FALSE,TRUE,TRUE,TRUE,TRUE,386000
2022-02-10,/apartamentos-venta-los-cacicazgos/1265036/,3,4.5,4,US$,695000,Premium Real Estate,Los Cacicazgos, Santo Domingo Centro (D.N.), Santo Domingo,Segundo Uso,395,Residencial,NA,TRUE,TRUE,FALSE,FALSE,FALSE,TRUE,TRUE,FALSE,TRUE,695000
2022-02-10,/apartamentos-venta-los-cacicazgos/1269328/,2,3.5,3,US$,295000,Premium Real Estate,Los Cacicazgos, Santo Domingo Centro (D.N.), Santo Domingo,Segundo Uso,250,Residencial,3,TRUE,TRUE,FALSE,FALSE,FALSE,FALSE,TRUE,FALSE,FALSE,295000
2022-02-10,/apartamentos-venta-los-cacicazgos/1257997/,3,3.5,3,US$,375000,Premium Real Estate,Los Cacicazgos, Santo Domingo Centro (D.N.), Santo Domingo,Segundo Uso,195,Residencial,NA,TRUE,TRUE,TRUE,FALSE,FALSE,TRUE,TRUE,FALSE,TRUE,375000
2022-02-10,/apartamentos-venta-los-cacicazgos/1266996/,NA,4.5,4,US$,850000,Premium Real Estate,Los Cacicazgos, Santo Domingo Centro (D.N.), Santo Domingo,En Construcción,485,Residencial,NA,TRUE,TRUE,TRUE,FALSE,FALSE,TRUE,TRUE,FALSE,TRUE,850000
2022-02-10,/apartamentos-venta-los-cacicazgos/1237164/,3,3.5,3,US$,386000,Algonovo Real Estate,Los Cacicazgos, Santo Domingo Centro (D.N.), Santo Domingo,En Planos,220,Residencial,NA,TRUE,TRUE,FALSE,FALSE,FALSE,TRUE,TRUE,TRUE,TRUE,386000
2022-02-10,/apartamentos-venta-los-cacicazgos/1265096/,1,1.5,1,US$,147500,Algonovo Real Estate,Los Cacicazgos, Santo Domingo Centro (D.N.), Santo Domingo,En Construcción,75,Residencial,NA,FALSE,TRUE,TRUE,FALSE,FALSE,TRUE,TRUE,TRUE,TRUE,147500
2022-02-10,/apartamentos-venta-los-cacicazgos/1266016/,2,3.5,3,US$,365000,Algonovo Real Estate,Los Cacicazgos, Santo Domingo Centro (D.N.), Santo Domingo,Segundo Uso,236,Residencial,NA,TRUE,TRUE,TRUE,FALSE,FALSE,TRUE,TRUE,FALSE,TRUE,365000
2022-02-10,/apartamentos-venta-los-cacicazgos/1257440/,3,3.5,3,US$,445000,Algonovo Real Estate,Los Cacicazgos, Santo Domingo Centro (D.N.), Santo Domingo,Segundo Uso,215,Residencial,7,TRUE,TRUE,TRUE,FALSE,FALSE,TRUE,TRUE,TRUE,TRUE,445000
2022-02-10,/apartamentos-venta-los-cacicazgos/1252218/,2,3.5,3,US$,365000,Algonovo Real Estate,Los Cacicazgos, Santo Domingo Centro (D.N.), Santo Domingo,Nueva,237,Residencial,NA,FALSE,TRUE,TRUE,FALSE,TRUE,FALSE,FALSE,FALSE,TRUE,365000
2022-02-10,/apartamentos-venta-los-cacicazgos/1268734/,3,3.5,3,US$,350000,CityMax Santo Domingo,Los Cacicazgos, Santo Domingo Centro (D.N.), Santo Domingo,Segundo Uso,260,Residencial,NA,TRUE,FALSE,FALSE,FALSE,TRUE,TRUE,TRUE,FALSE,FALSE,350000
2022-02-10,/apartamentos-venta-los-cacicazgos/1263742/,3,3.5,3,US$,450000,Mudate,Los Cacicazgos, Santo Domingo Centro (D.N.), Santo Domingo,Nueva,278,Residencial,NA,FALSE,FALSE,FALSE,FALSE,FALSE,FALSE,FALSE,FALSE,FALSE,450000
2022-02-10,/apartamentos-venta-los-cacicazgos/1202823/,2,2.5,2,US$,192000,Mudate,Los Cacicazgos, Santo Domingo Centro (D.N.), Santo Domingo,Nueva,119,Residencial,NA,FALSE,FALSE,FALSE,FALSE,FALSE,FALSE,FALSE,FALSE,FALSE,192000
2022-02-10,/apartamentos-venta-los-cacicazgos/1207778/,4,4.5,4,US$,800000,Mudate,Los Cacicazgos, Santo Domingo Centro (D.N.), Santo Domingo,Nueva,430,Residencial,NA,FALSE,TRUE,TRUE,TRUE,TRUE,TRUE,TRUE,FALSE,TRUE,800000
2022-02-10,/apartamentos-venta-los-cacicazgos/1193577/,2,2.5,2,US$,184000,Mudate,Los Cacicazgos, Santo Domingo Centro (D.N.), Santo Domingo,Nueva,123,Residencial,NA,FALSE,FALSE,FALSE,FALSE,FALSE,FALSE,FALSE,FALSE,FALSE,184000
2022-02-10,/apartamentos-venta-los-cacicazgos/1234203/,3,3,3,US$,555000,Mudate,Los Cacicazgos, Santo Domingo Centro (D.N.), Santo Domingo,Nueva,260,Residencial,NA,FALSE,FALSE,FALSE,FALSE,FALSE,FALSE,FALSE,FALSE,FALSE,555000
2022-02-10,/apartamentos-venta-los-cacicazgos/1207779/,3,3.5,3,US$,458000,Mudate,Los Cacicazgos, Santo Domingo Centro (D.N.), Santo Domingo,Nueva,322,Residencial,NA,FALSE,FALSE,FALSE,FALSE,FALSE,FALSE,FALSE,FALSE,FALSE,458000
2022-02-10,/apartamentos-venta-los-cacicazgos/1263679/,5,3.5,3,US$,465000,Mudate,Los Cacicazgos, Santo Domingo Centro (D.N.), Santo Domingo,Nueva,235,Residencial,NA,FALSE,FALSE,FALSE,FALSE,FALSE,FALSE,FALSE,FALSE,FALSE,465000
2022-02-10,/apartamentos-venta-los-cacicazgos/1224497/,3,3.5,3,US$,376000,Mudate,Los Cacicazgos, Santo Domingo Centro (D.N.), Santo Domingo,Nueva,220,Residencial,NA,FALSE,FALSE,FALSE,FALSE,FALSE,FALSE,FALSE,FALSE,FALSE,376000
2022-02-10,/apartamentos-venta-los-cacicazgos/1265774/,2,3.5,3,US$,200000,Kw Gold,Los Cacicazgos, Santo Domingo Centro (D.N.), Santo Domingo,Segundo Uso,190,Residencial,2,TRUE,TRUE,FALSE,FALSE,FALSE,FALSE,TRUE,FALSE,FALSE,200000
2022-02-10,/apartamentos-venta-los-cacicazgos/1268397/,2,3.5,3,US$,370000,Kw Gold,Los Cacicazgos, Santo Domingo Centro (D.N.), Santo Domingo,Segundo Uso,259,Residencial,6,TRUE,TRUE,FALSE,FALSE,TRUE,TRUE,TRUE,FALSE,TRUE,370000
2022-02-10,/apartamentos-venta-los-cacicazgos/1265000/,4,4.5,4,US$,920000,Kw Gold,Los Cacicazgos, Santo Domingo Centro (D.N.), Santo Domingo,Segundo Uso,595,Residencial,7,TRUE,TRUE,FALSE,TRUE,TRUE,TRUE,TRUE,TRUE,FALSE,920000
2022-02-10,/apartamentos-venta-los-cacicazgos/1267084/,2,3.5,3,US$,220000,Víctor García Asesor Inmobiliario,Los Cacicazgos, Santo Domingo Centro (D.N.), Santo Domingo,Segundo Uso,180,Residencial,3,TRUE,FALSE,FALSE,TRUE,FALSE,TRUE,TRUE,FALSE,TRUE,220000
2022-02-10,/apartamentos-venta-los-cacicazgos/1269255/,2,3.5,3,US$,270000,Inmobiliaria Grupal,Los Cacicazgos, Santo Domingo Centro (D.N.), Santo Domingo,Nueva,190,Residencial,4,TRUE,TRUE,FALSE,TRUE,TRUE,TRUE,TRUE,FALSE,TRUE,270000
2022-02-10,/apartamentos-venta-los-cacicazgos/1268878/,3,3.5,3,US$,386000,Maravila Properties,Los Cacicazgos, Santo Domingo Centro (D.N.), Santo Domingo,Nueva,220,Residencial,NA,TRUE,TRUE,FALSE,TRUE,TRUE,TRUE,TRUE,TRUE,TRUE,386000
2022-02-10,/apartamentos-venta-los-cacicazgos/1267748/,2,3.5,3,US$,408000,Inmobiliaria Inversión Segura RD ,Los Cacicazgos, Santo Domingo Centro (D.N.), Santo Domingo,En Construcción,214,Residencial,NA,TRUE,TRUE,TRUE,TRUE,FALSE,FALSE,TRUE,FALSE,TRUE,408000
2022-02-10,/apartamentos-venta-los-cacicazgos/1268549/,1,1.5,1,US$,138000,Inmobiliaria Inversión Segura RD ,Los Cacicazgos, Santo Domingo Centro (D.N.), Santo Domingo,En Construcción,58,Residencial,NA,TRUE,TRUE,TRUE,TRUE,FALSE,TRUE,TRUE,FALSE,TRUE,138000
2022-02-10,/apartamentos-venta-los-cacicazgos/1265336/,3,3.5,3,US$,570000,Inmobiliaria Inversión Segura RD ,Los Cacicazgos, Santo Domingo Centro (D.N.), Santo Domingo,En Construcción,320,Residencial,NA,TRUE,TRUE,TRUE,TRUE,TRUE,TRUE,TRUE,FALSE,TRUE,570000
2022-02-10,/apartamentos-venta-los-cacicazgos/1268753/,2,2.5,2,US$,231000,Ciudad Inmobiliaria ,Los Cacicazgos, Santo Domingo Centro (D.N.), Santo Domingo,En Planos,NA,Residencial,NA,TRUE,TRUE,TRUE,FALSE,FALSE,TRUE,TRUE,FALSE,TRUE,231000
2022-02-10,/apartamentos-venta-los-cacicazgos/1268752/,1,1.5,1,US$,138000,Ciudad Inmobiliaria ,Los Cacicazgos, Santo Domingo Centro (D.N.), Santo Domingo,En Planos,57,Residencial,NA,TRUE,TRUE,TRUE,FALSE,FALSE,TRUE,TRUE,FALSE,TRUE,138000
2022-02-10,/apartamentos-venta-los-cacicazgos/1266982/,2,3,2,US$,425600,URBANET,Los Cacicazgos, Santo Domingo Centro (D.N.), Santo Domingo,En Construcción,NA,Residencial,NA,TRUE,TRUE,TRUE,TRUE,TRUE,TRUE,TRUE,TRUE,TRUE,425600
2022-02-10,/apartamentos-venta-los-cacicazgos/1266979/,1,1.5,1,US$,202000,URBANET,Los Cacicazgos, Santo Domingo Centro (D.N.), Santo Domingo,En Construcción,71,Residencial,NA,TRUE,TRUE,TRUE,TRUE,TRUE,TRUE,TRUE,TRUE,TRUE,202000
2022-02-10,/apartamentos-venta-los-cacicazgos/1269093/,NA,6,4,US$,1050000,Inmobiliaria Grupal,Los Cacicazgos, Santo Domingo Centro (D.N.), Santo Domingo,Segundo Uso,540,Residencial,2,TRUE,FALSE,FALSE,TRUE,FALSE,TRUE,TRUE,TRUE,FALSE,1050000
2022-02-10,/apartamentos-venta-los-cacicazgos/1268534/,1,1.5,1,US$,138000,Paez Luxury Real Estate ,Los Cacicazgos, Santo Domingo Centro (D.N.), Santo Domingo,En Planos,58,Residencial,NA,TRUE,TRUE,TRUE,TRUE,FALSE,TRUE,TRUE,FALSE,TRUE,138000
2022-02-10,/apartamentos-venta-los-cacicazgos/1269216/,2,3.5,3,US$,270000,Inmobiliaria Grupal,Los Cacicazgos, Santo Domingo Centro (D.N.), Santo Domingo,Segundo Uso,190,Residencial,4,TRUE,TRUE,FALSE,TRUE,TRUE,TRUE,FALSE,FALSE,TRUE,270000
2022-02-10,/apartamentos-venta-los-cacicazgos/1269088/,4,4.5,4,US$,700000,Paez Luxury Real Estate ,Los Cacicazgos, Santo Domingo Centro (D.N.), Santo Domingo,Remodelada,500,Residencial,2,TRUE,TRUE,TRUE,FALSE,TRUE,TRUE,TRUE,FALSE,FALSE,700000
2022-02-10,/apartamentos-venta-los-cacicazgos/1269246/,2,3.5,3,US$,270000,Inmobiliaria Grupal,Los Cacicazgos, Santo Domingo Centro (D.N.), Santo Domingo,Nueva,190,Residencial,4,TRUE,TRUE,FALSE,TRUE,TRUE,TRUE,TRUE,TRUE,TRUE,270000
2022-02-10,/apartamentos-venta-los-cacicazgos/1238971/,2,3.5,3,US$,365000,Dreamhome Real Estate,Los Cacicazgos, Santo Domingo Centro (D.N.), Santo Domingo,Segundo Uso,247,Residencial,11,TRUE,TRUE,TRUE,FALSE,TRUE,FALSE,TRUE,FALSE,TRUE,365000
2022-02-10,/apartamentos-venta-los-cacicazgos/1268538/,2,2.5,2,US$,231000,Paez Luxury Real Estate ,Los Cacicazgos, Santo Domingo Centro (D.N.), Santo Domingo,En Planos,100,Residencial,NA,TRUE,TRUE,TRUE,TRUE,FALSE,TRUE,TRUE,FALSE,TRUE,231000
2022-02-10,/apartamentos-venta-los-cacicazgos/1261885/,2,3.5,3,US$,295000,Premium Real Estate,Los Cacicazgos, Santo Domingo Centro (D.N.), Santo Domingo,Segundo Uso,250,Residencial,3,TRUE,TRUE,FALSE,FALSE,FALSE,FALSE,TRUE,FALSE,FALSE,295000
2022-02-10,/apartamentos-venta-los-cacicazgos/1262508/,3,4.5,4,US$,650000,Premium Real Estate,Los Cacicazgos, Santo Domingo Centro (D.N.), Santo Domingo,Nueva,465,Residencial,6,FALSE,TRUE,FALSE,FALSE,FALSE,FALSE,FALSE,FALSE,FALSE,650000
2022-02-10,/apartamentos-venta-los-cacicazgos/1269412/,1,1.5,1,US$,195000,Premium Real Estate,Los Cacicazgos, Santo Domingo Centro (D.N.), Santo Domingo,Segundo Uso,NA,Residencial,NA,FALSE,FALSE,TRUE,FALSE,FALSE,FALSE,TRUE,TRUE,TRUE,195000
2022-02-10,/apartamentos-venta-los-cacicazgos/1259259/,3,3.5,3,US$,386000,Ginebra Realty Group,Los Cacicazgos, Santo Domingo Centro (D.N.), Santo Domingo,Nueva,220,Residencial,4,TRUE,TRUE,FALSE,FALSE,FALSE,TRUE,TRUE,TRUE,TRUE,386000
2022-02-10,/apartamentos-venta-los-cacicazgos/1259956/,3,3.5,3,US$,458850,Ginebra Realty Group,Los Cacicazgos, Santo Domingo Centro (D.N.), Santo Domingo,En Construcción,322,Residencial,NA,TRUE,TRUE,TRUE,FALSE,FALSE,TRUE,TRUE,TRUE,TRUE,458850
2022-02-10,/apartamentos-venta-los-cacicazgos/1247374/,3,3.5,3,US$,376000,Inmobiliaria Grupal,Los Cacicazgos, Santo Domingo Centro (D.N.), Santo Domingo,En Construcción,220,Residencial,10,TRUE,TRUE,TRUE,TRUE,FALSE,TRUE,TRUE,FALSE,TRUE,376000
2022-02-10,/apartamentos-venta-los-cacicazgos/1260039/,3,4.5,4,US$,695000,Premium Real Estate,Los Cacicazgos, Santo Domingo Centro (D.N.), Santo Domingo,Nueva,395,Residencial,NA,FALSE,TRUE,FALSE,FALSE,FALSE,FALSE,TRUE,FALSE,TRUE,695000
2022-02-10,/apartamentos-venta-los-cacicazgos/1268598/,2,3.5,3,US$,295000,Marco Rivero,Los Cacicazgos, Santo Domingo Centro (D.N.), Santo Domingo,Nueva,160,Residencial,NA,TRUE,TRUE,TRUE,TRUE,FALSE,TRUE,TRUE,FALSE,TRUE,295000
2022-02-10,/apartamentos-venta-los-cacicazgos/1267624/,2,3.5,3,US$,295000,Marco Rivero,Los Cacicazgos, Santo Domingo Centro (D.N.), Santo Domingo,Nueva,160,Residencial,NA,TRUE,TRUE,TRUE,FALSE,FALSE,TRUE,TRUE,FALSE,TRUE,295000
2022-02-10,/apartamentos-venta-los-cacicazgos/1267827/,3,3.5,3,US$,310000,Marco Rivero,Los Cacicazgos, Santo Domingo Centro (D.N.), Santo Domingo,Segundo Uso,247,Residencial,NA,TRUE,TRUE,FALSE,TRUE,FALSE,TRUE,TRUE,FALSE,FALSE,310000
2022-02-10,/apartamentos-venta-los-cacicazgos/1268340/,3,3.5,3,US$,310000,Marco Rivero,Los Cacicazgos, Santo Domingo Centro (D.N.), Santo Domingo,Nueva,250,Residencial,NA,TRUE,TRUE,FALSE,TRUE,TRUE,TRUE,TRUE,FALSE,TRUE,310000
2022-02-10,/apartamentos-venta-los-cacicazgos/1262721/,2,3.5,3,US$,488000,Marco Rivero,Los Cacicazgos, Santo Domingo Centro (D.N.), Santo Domingo,Nueva,243,Residencial,NA,TRUE,TRUE,TRUE,TRUE,TRUE,TRUE,TRUE,FALSE,TRUE,488000
2022-02-10,/apartamentos-venta-los-cacicazgos/1269394/,2,3.5,3,US$,280000,Marco Rivero,Los Cacicazgos, Santo Domingo Centro (D.N.), Santo Domingo,Nueva,160,Residencial,NA,TRUE,TRUE,TRUE,TRUE,TRUE,TRUE,TRUE,FALSE,TRUE,280000
2022-02-10,/apartamentos-venta-los-cacicazgos/1253779/,2,3.5,3,US$,346000,Marco Rivero,Los Cacicazgos, Santo Domingo Centro (D.N.), Santo Domingo,Segundo Uso,225,Residencial,NA,TRUE,TRUE,TRUE,TRUE,TRUE,TRUE,TRUE,TRUE,TRUE,346000
2022-02-10,/apartamentos-venta-los-cacicazgos/1267824/,3,3.5,3,US$,310000,Marco Rivero,Los Cacicazgos, Santo Domingo Centro (D.N.), Santo Domingo,Segundo Uso,250,Residencial,NA,TRUE,TRUE,FALSE,FALSE,FALSE,TRUE,TRUE,FALSE,FALSE,310000
2022-02-10,/apartamentos-venta-los-cacicazgos/1268906/,2,3.5,3,US$,295000,DOBLE ALTURA REAL ESTATE SRL,Los Cacicazgos, Santo Domingo Centro (D.N.), Santo Domingo,Nueva,160,Residencial,3,FALSE,TRUE,TRUE,FALSE,FALSE,FALSE,TRUE,FALSE,TRUE,295000
2022-02-10,/apartamentos-venta-los-cacicazgos/1259713/,3,3.5,3,US$,310000,FELIX CRUZ BROKERS SRL,Los Cacicazgos, Santo Domingo Centro (D.N.), Santo Domingo,Segundo Uso,247,Residencial,NA,FALSE,TRUE,FALSE,FALSE,FALSE,FALSE,TRUE,FALSE,FALSE,310000
2022-02-10,/apartamentos-venta-los-cacicazgos/1256798/,4,4.5,4,US$,865000,Premium Real Estate,Los Cacicazgos, Santo Domingo Centro (D.N.), Santo Domingo,En Construcción,484,Residencial,3,TRUE,TRUE,FALSE,FALSE,FALSE,TRUE,FALSE,FALSE,TRUE,865000
2022-02-10,/apartamentos-venta-los-cacicazgos/1257058/,3,3.5,3,US$,878608,Premium Real Estate,Los Cacicazgos, Santo Domingo Centro (D.N.), Santo Domingo,En Planos,317,Residencial,6,TRUE,TRUE,TRUE,FALSE,TRUE,TRUE,TRUE,FALSE,TRUE,878608
2022-02-10,/apartamentos-venta-los-cacicazgos/1267059/,2,2.5,2,US$,318000,Premium Real Estate,Los Cacicazgos, Santo Domingo Centro (D.N.), Santo Domingo,En Construcción,170,Residencial,NA,FALSE,FALSE,FALSE,FALSE,FALSE,FALSE,FALSE,FALSE,FALSE,318000
2022-02-10,/apartamentos-venta-los-cacicazgos/1267062/,3,3.5,3,US$,318000,Premium Real Estate,Los Cacicazgos, Santo Domingo Centro (D.N.), Santo Domingo,En Construcción,200,Residencial,NA,FALSE,FALSE,FALSE,FALSE,FALSE,FALSE,FALSE,FALSE,FALSE,318000
2022-02-10,/apartamentos-venta-los-cacicazgos/1259531/,2,4.5,4,US$,695000,Premium Real Estate,Los Cacicazgos, Santo Domingo Centro (D.N.), Santo Domingo,Segundo Uso,396,Residencial,NA,FALSE,FALSE,FALSE,FALSE,FALSE,FALSE,FALSE,FALSE,FALSE,695000
2022-02-10,/apartamentos-venta-los-cacicazgos/1267887/,2,3.5,3,US$,370000,Premium Real Estate,Los Cacicazgos, Santo Domingo Centro (D.N.), Santo Domingo,Segundo Uso,320,Residencial,9,FALSE,FALSE,FALSE,FALSE,FALSE,FALSE,FALSE,FALSE,FALSE,370000
2022-02-10,/apartamentos-venta-los-cacicazgos/1268626/,1,1.5,1,US$,192000,Premium Real Estate,Los Cacicazgos, Santo Domingo Centro (D.N.), Santo Domingo,Segundo Uso,80,Residencial,NA,FALSE,FALSE,FALSE,FALSE,FALSE,FALSE,FALSE,FALSE,FALSE,192000
2022-02-10,/apartamentos-venta-los-cacicazgos/1269400/,2,3.5,3,US$,295000,Premium Real Estate,Los Cacicazgos, Santo Domingo Centro (D.N.), Santo Domingo,Segundo Uso,250,Residencial,NA,FALSE,FALSE,FALSE,FALSE,FALSE,FALSE,FALSE,FALSE,FALSE,295000
2022-02-10,/apartamentos-venta-los-cacicazgos/1225885/,3,3.5,3,US$,376000,Top International Realty,Los Cacicazgos, Santo Domingo Centro (D.N.), Santo Domingo,En Construcción,220,Residencial,10,TRUE,TRUE,FALSE,TRUE,TRUE,TRUE,TRUE,TRUE,TRUE,376000
2022-02-10,/apartamentos-venta-y-alquiler-los-cacicazgos/1217567/,3,3.5,3,US$,765000,Top International Realty,Los Cacicazgos, Santo Domingo Centro (D.N.), Santo Domingo,Nueva,282,Residencial,4,TRUE,TRUE,TRUE,TRUE,TRUE,TRUE,TRUE,TRUE,TRUE,765000
2022-02-10,/apartamentos-venta-los-cacicazgos/1233860/,2,2.5,2,US$,295000,Top International Realty,Los Cacicazgos, Santo Domingo Centro (D.N.), Santo Domingo,Nueva,137,Residencial,4,TRUE,TRUE,FALSE,FALSE,TRUE,TRUE,TRUE,FALSE,FALSE,295000
2022-02-10,/apartamentos-venta-los-cacicazgos/1225149/,1,1.5,1,US$,149900,Top International Realty,Los Cacicazgos, Santo Domingo Centro (D.N.), Santo Domingo,Nueva,75,Residencial,5,TRUE,TRUE,TRUE,TRUE,TRUE,TRUE,TRUE,TRUE,TRUE,149900
2022-02-10,/apartamentos-venta-y-alquiler-los-cacicazgos/1217958/,3,3.5,3,US$,730000,Top International Realty,Los Cacicazgos, Santo Domingo Centro (D.N.), Santo Domingo,Nueva,325,Residencial,9,TRUE,TRUE,TRUE,TRUE,TRUE,TRUE,TRUE,TRUE,TRUE,730000
2022-02-10,/apartamentos-venta-los-cacicazgos/1233737/,2,2.5,2,US$,215000,Top International Realty,Los Cacicazgos, Santo Domingo Centro (D.N.), Santo Domingo,Nueva,120,Residencial,6,TRUE,TRUE,TRUE,TRUE,TRUE,TRUE,FALSE,TRUE,TRUE,215000
2022-02-10,/apartamentos-venta-y-alquiler-los-cacicazgos/1232898/,4,3.5,3,US$,1800000,Top International Realty,Los Cacicazgos, Santo Domingo Centro (D.N.), Santo Domingo,Nueva,600,Residencial,24,TRUE,TRUE,TRUE,TRUE,FALSE,TRUE,TRUE,FALSE,TRUE,1800000
2022-02-10,/apartamentos-venta-los-cacicazgos/1254896/,2,2.5,2,US$,290000,Top International Realty,Los Cacicazgos, Santo Domingo Centro (D.N.), Santo Domingo,Nueva,138,Residencial,2,TRUE,TRUE,FALSE,TRUE,FALSE,TRUE,TRUE,TRUE,FALSE,290000
2022-02-10,/apartamentos-venta-y-alquiler-los-cacicazgos/1202360/,2,2.5,2,US$,289000,Top International Realty,Los Cacicazgos, Santo Domingo Centro (D.N.), Santo Domingo,Nueva,123,Residencial,7,TRUE,TRUE,FALSE,TRUE,TRUE,TRUE,TRUE,FALSE,TRUE,289000
2022-02-10,/apartamentos-venta-los-cacicazgos/1233738/,2,3.5,3,US$,345000,Top International Realty,Los Cacicazgos, Santo Domingo Centro (D.N.), Santo Domingo,Nueva,165,Residencial,2,TRUE,TRUE,TRUE,FALSE,TRUE,TRUE,TRUE,FALSE,TRUE,345000
2022-02-10,/apartamentos-venta-los-cacicazgos/1198769/,2,3.5,3,US$,295000,Top International Realty,Los Cacicazgos, Santo Domingo Centro (D.N.), Santo Domingo,Nueva,160,Residencial,8,TRUE,TRUE,TRUE,TRUE,FALSE,TRUE,TRUE,FALSE,TRUE,295000
2022-02-10,/apartamentos-venta-los-cacicazgos/1232082/,2,2.5,2,US$,258200,Top International Realty,Los Cacicazgos, Santo Domingo Centro (D.N.), Santo Domingo,En Construcción,104,Residencial,7,FALSE,FALSE,FALSE,FALSE,FALSE,FALSE,FALSE,FALSE,FALSE,258200
2022-02-10,/apartamentos-venta-los-cacicazgos/1252409/,3,3.5,3,US$,630000,Top International Realty,Los Cacicazgos, Santo Domingo Centro (D.N.), Santo Domingo,Nueva,300,Residencial,5,TRUE,TRUE,FALSE,TRUE,TRUE,TRUE,TRUE,TRUE,TRUE,630000
2022-02-10,/apartamentos-venta-los-cacicazgos/1254194/,4,4.5,4,US$,599500,Top International Realty,Los Cacicazgos, Santo Domingo Centro (D.N.), Santo Domingo,Nueva,334,Residencial,8,TRUE,TRUE,TRUE,TRUE,TRUE,TRUE,TRUE,FALSE,TRUE,599500
2022-02-10,/apartamentos-venta-los-cacicazgos/1232929/,2,3.5,3,US$,345000,Top International Realty,Los Cacicazgos, Santo Domingo Centro (D.N.), Santo Domingo,Segundo Uso,173,Residencial,5,TRUE,TRUE,FALSE,TRUE,FALSE,TRUE,TRUE,FALSE,TRUE,345000
2022-02-10,/apartamentos-venta-los-cacicazgos/1253891/,2,3.5,3,US$,399500,Top International Realty,Los Cacicazgos, Santo Domingo Centro (D.N.), Santo Domingo,Segundo Uso,309,Residencial,8,TRUE,TRUE,FALSE,TRUE,FALSE,TRUE,FALSE,FALSE,FALSE,399500
2022-02-10,/apartamentos-venta-los-cacicazgos/1241743/,2,2.5,2,US$,225000,Top International Realty,Los Cacicazgos, Santo Domingo Centro (D.N.), Santo Domingo,Nueva,124,Residencial,3,TRUE,TRUE,TRUE,TRUE,FALSE,TRUE,TRUE,FALSE,TRUE,225000
2022-02-10,/apartamentos-venta-los-cacicazgos/1240183/,3,3.5,3,US$,429900,Top International Realty,Los Cacicazgos, Santo Domingo Centro (D.N.), Santo Domingo,Nueva,218,Residencial,4,TRUE,TRUE,FALSE,TRUE,FALSE,TRUE,TRUE,FALSE,TRUE,429900
2022-02-10,/apartamentos-venta-los-cacicazgos/1241741/,2,2.5,2,US$,225000,Top International Realty,Los Cacicazgos, Santo Domingo Centro (D.N.), Santo Domingo,Nueva,146,Residencial,5,TRUE,TRUE,TRUE,TRUE,FALSE,TRUE,TRUE,FALSE,TRUE,225000
2022-02-10,/apartamentos-venta-los-cacicazgos/1241738/,2,3.5,3,US$,295000,Top International Realty,Los Cacicazgos, Santo Domingo Centro (D.N.), Santo Domingo,Nueva,160,Residencial,5,TRUE,TRUE,TRUE,TRUE,FALSE,TRUE,TRUE,FALSE,TRUE,295000
2022-02-10,/apartamentos-venta-los-cacicazgos/1269648/,4,4.5,4,US$,700000,Paez Luxury Real Estate ,Los Cacicazgos, Santo Domingo Centro (D.N.), Santo Domingo,Segundo Uso,500,Residencial,NA,FALSE,TRUE,FALSE,FALSE,FALSE,TRUE,TRUE,FALSE,TRUE,700000
2022-02-10,/apartamentos-venta-los-cacicazgos/1259395/,3,3.5,3,US$,510000,Premier Real Estate,Los Cacicazgos, Santo Domingo Centro (D.N.), Santo Domingo,Segundo Uso,340,Residencial,NA,TRUE,TRUE,FALSE,FALSE,FALSE,TRUE,TRUE,FALSE,FALSE,510000
2022-02-10,/apartamentos-venta-los-cacicazgos/1253839/,2,2.5,3,US$,270000,ProCimax Realty,Los Cacicazgos, Santo Domingo Centro (D.N.), Santo Domingo,Segundo Uso,243,Residencial,2,TRUE,TRUE,FALSE,TRUE,FALSE,FALSE,TRUE,FALSE,FALSE,270000
2022-02-10,/apartamentos-venta-los-cacicazgos/1252117/,4,3.5,3,US$,2200000,ProCimax Realty,Los Cacicazgos, Santo Domingo Centro (D.N.), Santo Domingo,Nueva,596,Residencial,18,TRUE,TRUE,TRUE,TRUE,FALSE,TRUE,TRUE,FALSE,TRUE,2200000
2022-02-10,/apartamentos-venta-los-cacicazgos/1268797/,2,3.5,3,US$,270000,Inmobiliaria Grupal,Los Cacicazgos, Santo Domingo Centro (D.N.), Santo Domingo,Nueva,190,Residencial,4,TRUE,TRUE,FALSE,FALSE,TRUE,TRUE,TRUE,FALSE,TRUE,270000
2022-02-10,/apartamentos-venta-los-cacicazgos/1235208/,3,3.5,3,US$,465000,Paez Luxury Real Estate ,Los Cacicazgos, Santo Domingo Centro (D.N.), Santo Domingo,Nueva,282,Residencial,NA,FALSE,FALSE,FALSE,FALSE,FALSE,FALSE,FALSE,FALSE,FALSE,465000
2022-02-10,/apartamentos-venta-los-cacicazgos/1242412/,NA,4.5,4,US$,2200000,Paez Luxury Real Estate ,Los Cacicazgos, Santo Domingo Centro (D.N.), Santo Domingo,En Construcción,660,Residencial,NA,FALSE,FALSE,TRUE,FALSE,TRUE,TRUE,TRUE,FALSE,TRUE,2200000
2022-02-10,/apartamentos-venta-los-cacicazgos/1231285/,3,3.5,3,US$,376000,Paez Luxury Real Estate ,Los Cacicazgos, Santo Domingo Centro (D.N.), Santo Domingo,En Planos,220,Residencial,NA,FALSE,FALSE,FALSE,FALSE,FALSE,FALSE,FALSE,TRUE,TRUE,376000
2022-02-10,/apartamentos-venta-los-cacicazgos/1246687/,4,4.5,4,US$,1800000,Paez Luxury Real Estate ,Los Cacicazgos, Santo Domingo Centro (D.N.), Santo Domingo,Nueva,660,Residencial,1,TRUE,TRUE,TRUE,TRUE,TRUE,TRUE,TRUE,TRUE,TRUE,1800000
2022-02-10,/apartamentos-venta-los-cacicazgos/1268755/,1,2.5,1,US$,202400,Paez Luxury Real Estate ,Los Cacicazgos, Santo Domingo Centro (D.N.), Santo Domingo,En Construcción,88,Residencial,NA,TRUE,TRUE,TRUE,FALSE,FALSE,FALSE,FALSE,FALSE,TRUE,202400
2022-02-10,/apartamentos-venta-los-cacicazgos/1268754/,2,2.5,2,US$,231000,Paez Luxury Real Estate ,Los Cacicazgos, Santo Domingo Centro (D.N.), Santo Domingo,En Construcción,100,Residencial,NA,TRUE,TRUE,TRUE,FALSE,FALSE,TRUE,TRUE,FALSE,TRUE,231000
2022-02-10,/apartamentos-venta-los-cacicazgos/1268763/,1,2,1,US$,140000,Paez Luxury Real Estate ,Los Cacicazgos, Santo Domingo Centro (D.N.), Santo Domingo,En Planos,60,N/D,5,TRUE,TRUE,TRUE,TRUE,TRUE,TRUE,TRUE,TRUE,TRUE,140000
2022-02-10,/apartamentos-venta-los-cacicazgos/1268757/,1,1.5,1,US$,142000,Paez Luxury Real Estate ,Los Cacicazgos, Santo Domingo Centro (D.N.), Santo Domingo,En Construcción,57,Residencial,NA,TRUE,TRUE,TRUE,FALSE,FALSE,FALSE,TRUE,FALSE,TRUE,142000
2022-02-10,/apartamentos-venta-los-cacicazgos/1267792/,2,3,2,US$,466000,Paez Luxury Real Estate ,Los Cacicazgos, Santo Domingo Centro (D.N.), Santo Domingo,Nueva,152,Residencial,20,TRUE,TRUE,TRUE,TRUE,TRUE,TRUE,TRUE,TRUE,TRUE,466000
2022-02-10,/apartamentos-venta-los-cacicazgos/1260850/,4,4.5,4,US$,850000,Paez Luxury Real Estate ,Los Cacicazgos, Santo Domingo Centro (D.N.), Santo Domingo,En Construcción,470,Residencial,NA,TRUE,FALSE,TRUE,FALSE,FALSE,TRUE,TRUE,FALSE,TRUE,850000
2022-02-10,/apartamentos-venta-los-cacicazgos/1266369/,3,3.5,3,US$,500000,Paez Luxury Real Estate ,Los Cacicazgos, Santo Domingo Centro (D.N.), Santo Domingo,Segundo Uso,450,Residencial,NA,TRUE,TRUE,FALSE,FALSE,FALSE,TRUE,TRUE,FALSE,FALSE,500000
2022-02-10,/apartamentos-venta-los-cacicazgos/1253468/,2,3.5,3,US$,250000,Paez Luxury Real Estate ,Los Cacicazgos, Santo Domingo Centro (D.N.), Santo Domingo,Segundo Uso,240,Residencial,7,FALSE,FALSE,FALSE,FALSE,FALSE,FALSE,FALSE,FALSE,FALSE,250000
2022-02-10,/apartamentos-venta-los-cacicazgos/1260234/,4,4.5,4,US$,950000,Paez Luxury Real Estate ,Los Cacicazgos, Santo Domingo Centro (D.N.), Santo Domingo,Nueva,632,Residencial,13,TRUE,TRUE,FALSE,FALSE,FALSE,TRUE,FALSE,TRUE,FALSE,950000
2022-02-10,/apartamentos-venta-los-cacicazgos/1238656/,5,3.5,3,US$,2000000,Jazmin Ortiz / Magnolia Ortiz,Los Cacicazgos, Santo Domingo Centro (D.N.), Santo Domingo,Segundo Uso,547,Residencial,5,TRUE,TRUE,TRUE,FALSE,TRUE,TRUE,FALSE,TRUE,TRUE,2000000
2022-02-10,/apartamentos-venta-los-cacicazgos/1267867/,2,2.5,2,US$,260000,Premier Real Estate,Los Cacicazgos, Santo Domingo Centro (D.N.), Santo Domingo,Segundo Uso,135,Residencial,9,FALSE,FALSE,FALSE,FALSE,FALSE,FALSE,FALSE,FALSE,FALSE,260000
2022-02-10,/apartamentos-venta-los-cacicazgos/1252648/,3,3.5,3,US$,440000,Premier Real Estate,Los Cacicazgos, Santo Domingo Centro (D.N.), Santo Domingo,Segundo Uso,250,Residencial,7,TRUE,TRUE,TRUE,TRUE,TRUE,TRUE,TRUE,FALSE,TRUE,440000
2022-02-10,/apartamentos-venta-los-cacicazgos/1269293/,2,3.5,3,US$,220000000,Premier Real Estate,Los Cacicazgos, Santo Domingo Centro (D.N.), Santo Domingo,Segundo Uso,210,Residencial,3,FALSE,FALSE,FALSE,FALSE,FALSE,FALSE,FALSE,FALSE,FALSE,220000000
2022-02-10,/apartamentos-venta-los-cacicazgos/1253268/,3,3.5,3,US$,537420,CityMax Santo Domingo,Los Cacicazgos, Santo Domingo Centro (D.N.), Santo Domingo,Nueva,292,Residencial,9,FALSE,FALSE,TRUE,FALSE,FALSE,FALSE,TRUE,FALSE,FALSE,537420
2022-02-10,/apartamentos-venta-los-cacicazgos/1259037/,2,3.5,3,US$,290000,Plusval Homes Realty Group,Los Cacicazgos, Santo Domingo Centro (D.N.), Santo Domingo,Segundo Uso,190,Residencial,4,TRUE,TRUE,TRUE,FALSE,TRUE,TRUE,TRUE,FALSE,TRUE,290000
2022-02-10,/apartamentos-venta-los-cacicazgos/1258957/,2,2.5,3,US$,230000,Plusval Homes Realty Group,Los Cacicazgos, Santo Domingo Centro (D.N.), Santo Domingo,Segundo Uso,185,Residencial,3,TRUE,FALSE,FALSE,FALSE,FALSE,TRUE,FALSE,FALSE,FALSE,230000
2022-02-10,/apartamentos-venta-los-cacicazgos/1264673/,2,3.5,3,US$,386000,Habitame Inmobiliaria,Los Cacicazgos, Santo Domingo Centro (D.N.), Santo Domingo,En Construcción,220,Residencial,NA,TRUE,TRUE,TRUE,FALSE,FALSE,TRUE,TRUE,FALSE,FALSE,386000
2022-02-10,/apartamentos-venta-los-cacicazgos/1265173/,2,2.5,2,US$,250000,Habitame Inmobiliaria,Los Cacicazgos, Santo Domingo Centro (D.N.), Santo Domingo,Nueva,177,Residencial,NA,FALSE,FALSE,FALSE,FALSE,FALSE,FALSE,FALSE,FALSE,FALSE,250000
2022-02-10,/apartamentos-venta-los-cacicazgos/1247029/,2,3.5,3,US$,290000,Vidalpe Inmobiliaria,Los Cacicazgos, Santo Domingo Centro (D.N.), Santo Domingo,Segundo Uso,210,Residencial,NA,TRUE,FALSE,FALSE,FALSE,TRUE,TRUE,TRUE,FALSE,TRUE,290000
2022-02-10,/apartamentos-venta-los-cacicazgos/1259546/,4,4.5,4,US$,590000,Vidalpe Inmobiliaria,Los Cacicazgos, Santo Domingo Centro (D.N.), Santo Domingo,Segundo Uso,550,Residencial,NA,TRUE,TRUE,TRUE,FALSE,TRUE,FALSE,TRUE,FALSE,TRUE,590000
2022-02-10,/apartamentos-venta-los-cacicazgos/1268811/,2,3.5,3,US$,270000,Inmobiliaria Grupal,Los Cacicazgos, Santo Domingo Centro (D.N.), Santo Domingo,Nueva,190,Residencial,4,TRUE,TRUE,FALSE,TRUE,TRUE,TRUE,TRUE,FALSE,TRUE,270000
2022-02-10,/apartamentos-venta-los-cacicazgos/1260858/,4,3.5,3,US$,1800000,Flavia Cortina Unique Properties,Los Cacicazgos, Santo Domingo Centro (D.N.), Santo Domingo,Nueva,594,Residencial,NA,TRUE,TRUE,TRUE,FALSE,FALSE,TRUE,FALSE,TRUE,TRUE,1800000
2022-02-10,/apartamentos-venta-los-cacicazgos/1269193/,2,3.5,3,US$,270000,Inmobiliaria Grupal,Los Cacicazgos, Santo Domingo Centro (D.N.), Santo Domingo,Nueva,190,Residencial,4,TRUE,TRUE,FALSE,TRUE,TRUE,TRUE,TRUE,FALSE,FALSE,270000
2022-02-10,/apartamentos-venta-los-cacicazgos/1256918/,3,3.5,3,US$,555000,Seekers Inmobiliaria,Los Cacicazgos, Santo Domingo Centro (D.N.), Santo Domingo,En Construcción,266,Residencial,NA,TRUE,TRUE,TRUE,TRUE,TRUE,TRUE,TRUE,FALSE,TRUE,555000
2022-02-10,/apartamentos-venta-los-cacicazgos/1255697/,3,3.5,3,US$,376000,Seekers Inmobiliaria,Los Cacicazgos, Santo Domingo Centro (D.N.), Santo Domingo,En Construcción,220,Residencial,NA,TRUE,TRUE,FALSE,TRUE,TRUE,TRUE,TRUE,TRUE,TRUE,376000
2022-02-10,/apartamentos-venta-los-cacicazgos/1269100/,3,3.5,3,US$,440000,ProCimax Realty,Los Cacicazgos, Santo Domingo Centro (D.N.), Santo Domingo,Segundo Uso,252,Residencial,7,FALSE,FALSE,FALSE,FALSE,FALSE,FALSE,FALSE,FALSE,FALSE,440000
2022-02-10,/apartamentos-venta-los-cacicazgos/1269309/,2,3.5,3,US$,270000,Inmobiliaria Grupal,Los Cacicazgos, Santo Domingo Centro (D.N.), Santo Domingo,Nueva,166,Residencial,4,FALSE,TRUE,FALSE,FALSE,TRUE,TRUE,TRUE,FALSE,TRUE,270000
2022-02-10,/apartamentos-venta-los-cacicazgos/1259303/,3,3.5,3,US$,295000,Estrella Inmobiliaria ,Los Cacicazgos, Santo Domingo Centro (D.N.), Santo Domingo,Nueva,270,Residencial,3,TRUE,TRUE,TRUE,TRUE,FALSE,TRUE,TRUE,FALSE,FALSE,295000
2022-02-10,/apartamentos-venta-los-cacicazgos/1269424/,2,3.5,3,US$,237000,Estrella Inmobiliaria ,Los Cacicazgos, Santo Domingo Centro (D.N.), Santo Domingo,Nueva,205,Residencial,3,TRUE,TRUE,FALSE,FALSE,FALSE,TRUE,TRUE,FALSE,FALSE,237000
2022-02-10,/apartamentos-venta-los-cacicazgos/1269423/,2,3.5,3,US$,265000,Estrella Inmobiliaria ,Los Cacicazgos, Santo Domingo Centro (D.N.), Santo Domingo,Nueva,249,Residencial,2,TRUE,TRUE,FALSE,TRUE,TRUE,TRUE,FALSE,FALSE,FALSE,265000
2022-02-10,/apartamentos-venta-los-cacicazgos/1255717/,3,3.5,3,US$,388000,Seekers Inmobiliaria,Los Cacicazgos, Santo Domingo Centro (D.N.), Santo Domingo,En Construcción,220,Residencial,NA,TRUE,TRUE,FALSE,FALSE,TRUE,TRUE,TRUE,FALSE,TRUE,388000
2022-02-10,/apartamentos-venta-los-cacicazgos/1246399/,3,3.5,3,US$,570000,Seekers Inmobiliaria,Los Cacicazgos, Santo Domingo Centro (D.N.), Santo Domingo,En Construcción,322,Residencial,NA,TRUE,TRUE,TRUE,TRUE,FALSE,TRUE,TRUE,FALSE,TRUE,570000
2022-02-10,/apartamentos-venta-los-cacicazgos/1248496/,3,3.5,3,US$,376000,Seekers Inmobiliaria,Los Cacicazgos, Santo Domingo Centro (D.N.), Santo Domingo,En Construcción,220,Residencial,12,TRUE,TRUE,FALSE,TRUE,TRUE,TRUE,TRUE,TRUE,TRUE,376000
2022-02-10,/apartamentos-venta-los-cacicazgos/1246392/,4,4.5,4,US$,835000,Seekers Inmobiliaria,Los Cacicazgos, Santo Domingo Centro (D.N.), Santo Domingo,En Construcción,485,Residencial,3,TRUE,TRUE,TRUE,TRUE,TRUE,TRUE,TRUE,TRUE,TRUE,835000
2022-02-10,/apartamentos-venta-los-cacicazgos/1248499/,3,3.5,3,US$,376000,Seekers Inmobiliaria,Los Cacicazgos, Santo Domingo Centro (D.N.), Santo Domingo,En Construcción,220,Residencial,12,TRUE,TRUE,FALSE,TRUE,TRUE,TRUE,TRUE,TRUE,TRUE,376000
2022-02-10,/apartamentos-venta-los-cacicazgos/1269228/,2,3.5,3,US$,270000,Inmobiliaria Grupal,Los Cacicazgos, Santo Domingo Centro (D.N.), Santo Domingo,Nueva,190,Residencial,4,FALSE,TRUE,FALSE,FALSE,TRUE,FALSE,TRUE,FALSE,TRUE,270000
2022-02-10,/apartamentos-venta-y-alquiler-los-cacicazgos/1255123/,2,3,3,US$,205000,Inmobiliaria Grupal,Los Cacicazgos, Santo Domingo Centro (D.N.), Santo Domingo,Segundo Uso,190,Residencial,2,FALSE,TRUE,FALSE,FALSE,FALSE,FALSE,TRUE,FALSE,FALSE,205000
2022-02-10,/apartamentos-venta-los-cacicazgos/1253472/,2,3.5,3,US$,270000,Carmelia Suero,Los Cacicazgos, Santo Domingo Centro (D.N.), Santo Domingo,Nueva,260,Residencial,2,TRUE,TRUE,FALSE,TRUE,TRUE,TRUE,TRUE,FALSE,TRUE,270000
2022-02-10,/apartamentos-venta-los-cacicazgos/1265456/,3,3.5,3,US$,360000,Carmelia Suero,Los Cacicazgos, Santo Domingo Centro (D.N.), Santo Domingo,Segundo Uso,235,Residencial,6,TRUE,TRUE,FALSE,TRUE,TRUE,TRUE,TRUE,FALSE,TRUE,360000
2022-02-10,/apartamentos-venta-los-cacicazgos/1267108/,2,2.5,2,US$,318275,Premium Real Estate,Los Cacicazgos, Santo Domingo Centro (D.N.), Santo Domingo,En Construcción,170,Residencial,NA,TRUE,TRUE,TRUE,FALSE,FALSE,TRUE,TRUE,FALSE,TRUE,318275
2022-02-10,/apartamentos-venta-los-cacicazgos/1264026/,4,4.5,4,US$,850000,Premium Real Estate,Los Cacicazgos, Santo Domingo Centro (D.N.), Santo Domingo,En Construcción,485,Residencial,NA,TRUE,TRUE,FALSE,FALSE,TRUE,TRUE,TRUE,TRUE,TRUE,850000
2022-02-10,/apartamentos-venta-los-cacicazgos/1248083/,NA,3.5,3,US$,525000,Premium Real Estate,Los Cacicazgos, Santo Domingo Centro (D.N.), Santo Domingo,Segundo Uso,300,Residencial,NA,TRUE,TRUE,FALSE,FALSE,FALSE,TRUE,TRUE,FALSE,TRUE,525000
2022-02-10,/apartamentos-venta-los-cacicazgos/1258752/,3,4.5,4,US$,695000,Premium Real Estate,Los Cacicazgos, Santo Domingo Centro (D.N.), Santo Domingo,Segundo Uso,396,Residencial,6,TRUE,TRUE,FALSE,FALSE,FALSE,TRUE,TRUE,FALSE,TRUE,695000
2022-02-10,/apartamentos-venta-los-cacicazgos/1268695/,4,1.5,1,US$,185000,Premium Real Estate,Los Cacicazgos, Santo Domingo Centro (D.N.), Santo Domingo,Segundo Uso,NA,Residencial,NA,TRUE,TRUE,TRUE,FALSE,FALSE,TRUE,TRUE,TRUE,TRUE,185000
2022-02-10,/apartamentos-venta-los-cacicazgos/1252453/,3,3.5,3,US$,386000,Premium Real Estate,Los Cacicazgos, Santo Domingo Centro (D.N.), Santo Domingo,En Construcción,220,Residencial,NA,TRUE,TRUE,FALSE,FALSE,FALSE,TRUE,TRUE,TRUE,TRUE,386000
2022-02-10,/apartamentos-venta-los-cacicazgos/1256206/,2,3.5,3,US$,300000,Premium Real Estate,Los Cacicazgos, Santo Domingo Centro (D.N.), Santo Domingo,Segundo Uso,240,Residencial,NA,TRUE,TRUE,FALSE,FALSE,FALSE,TRUE,TRUE,FALSE,FALSE,300000
2022-02-10,/apartamentos-venta-los-cacicazgos/1265443/,4,4.5,4,US$,835000,Inmobiliaria Grupal,Los Cacicazgos, Santo Domingo Centro (D.N.), Santo Domingo,En Construcción,NA,Residencial,2,TRUE,TRUE,TRUE,TRUE,FALSE,TRUE,FALSE,FALSE,TRUE,835000
2022-02-10,/apartamentos-venta-los-cacicazgos/1257854/,1,2,1,US$,167500,Tropical Living,Los Cacicazgos, Santo Domingo Centro (D.N.), Santo Domingo,En Construcción,102,Residencial,NA,TRUE,TRUE,TRUE,FALSE,TRUE,FALSE,TRUE,FALSE,TRUE,167500
2022-02-10,/apartamentos-venta-los-cacicazgos/1263027/,1,1,1,US$,142500,Tropical Living,Los Cacicazgos, Santo Domingo Centro (D.N.), Santo Domingo,En Construcción,86,Residencial,NA,FALSE,TRUE,FALSE,FALSE,TRUE,FALSE,TRUE,FALSE,TRUE,142500
2022-02-10,/apartamentos-venta-los-cacicazgos/1262603/,2,3.5,3,US$,475000,Tropical Living,Los Cacicazgos, Santo Domingo Centro (D.N.), Santo Domingo,Segundo Uso,245,Residencial,21,TRUE,TRUE,TRUE,FALSE,TRUE,FALSE,TRUE,TRUE,TRUE,475000
2022-02-10,/apartamentos-venta-los-cacicazgos/1267572/,3,3.5,3,US$,570000,Tropical Living,Los Cacicazgos, Santo Domingo Centro (D.N.), Santo Domingo,En Construcción,320,Residencial,NA,TRUE,TRUE,FALSE,FALSE,TRUE,FALSE,TRUE,FALSE,TRUE,570000
2022-02-10,/apartamentos-venta-los-cacicazgos/1257244/,1,1.5,1,US$,160000,Tropical Living,Los Cacicazgos, Santo Domingo Centro (D.N.), Santo Domingo,Nueva,97,Residencial,NA,TRUE,TRUE,TRUE,FALSE,TRUE,FALSE,TRUE,FALSE,TRUE,160000
2022-02-10,/apartamentos-venta-los-cacicazgos/1263463/,3,3.5,3,US$,550000,Tropical Living,Los Cacicazgos, Santo Domingo Centro (D.N.), Santo Domingo,Nueva,330,Residencial,NA,TRUE,TRUE,FALSE,FALSE,TRUE,FALSE,TRUE,FALSE,FALSE,550000
2022-02-10,/apartamentos-venta-los-cacicazgos/1257248/,2,2.5,3,US$,250000,Tropical Living,Los Cacicazgos, Santo Domingo Centro (D.N.), Santo Domingo,Nueva,193,Residencial,NA,TRUE,TRUE,TRUE,FALSE,TRUE,FALSE,TRUE,FALSE,TRUE,250000
2022-02-10,/apartamentos-venta-y-alquiler-los-cacicazgos/1252363/,4,3.5,3,US$,480000,Tropical Living,Los Cacicazgos, Santo Domingo Centro (D.N.), Santo Domingo,Segundo Uso,267,Residencial,NA,TRUE,TRUE,TRUE,FALSE,TRUE,FALSE,TRUE,TRUE,TRUE,480000
2022-02-10,/apartamentos-venta-los-cacicazgos/1252864/,3,3.5,3,US$,440000,Tropical Living,Los Cacicazgos, Santo Domingo Centro (D.N.), Santo Domingo,Segundo Uso,202,Residencial,NA,FALSE,TRUE,TRUE,FALSE,FALSE,TRUE,TRUE,FALSE,TRUE,440000
2022-02-10,/apartamentos-venta-los-cacicazgos/1257101/,NA,3.5,3,US$,408000,Tropical Living,Los Cacicazgos, Santo Domingo Centro (D.N.), Santo Domingo,En Construcción,215,Residencial,NA,FALSE,TRUE,TRUE,FALSE,TRUE,FALSE,FALSE,FALSE,TRUE,408000
2022-02-10,/apartamentos-venta-los-cacicazgos/1245782/,2,3.5,3,US$,260000,Estrella Inmobiliaria ,Los Cacicazgos, Santo Domingo Centro (D.N.), Santo Domingo,Nueva,160,Residencial,5,TRUE,TRUE,FALSE,TRUE,TRUE,TRUE,TRUE,FALSE,TRUE,260000
2022-02-10,/apartamentos-venta-y-alquiler-los-cacicazgos/1246311/,3,3.5,3,US$,600000,ABAR Inmobiliaria,Los Cacicazgos, Santo Domingo Centro (D.N.), Santo Domingo,Segundo Uso,335,Residencial,9,TRUE,TRUE,FALSE,TRUE,FALSE,TRUE,TRUE,FALSE,TRUE,600000
2022-02-10,/apartamentos-venta-los-cacicazgos/1261417/,3,3.5,3,US$,350000,Inmobiliaria Grupo DYZ,Los Cacicazgos, Santo Domingo Centro (D.N.), Santo Domingo,Segundo Uso,264,Residencial,6,FALSE,TRUE,FALSE,FALSE,TRUE,TRUE,TRUE,FALSE,FALSE,350000
2022-02-10,/apartamentos-venta-los-cacicazgos/1249196/,4,4.5,4,US$,1200000,Anyelina Sánchez,Los Cacicazgos, Santo Domingo Centro (D.N.), Santo Domingo,Segundo Uso,NA,Residencial,NA,FALSE,FALSE,FALSE,FALSE,FALSE,FALSE,FALSE,FALSE,FALSE,1200000
2022-02-10,/apartamentos-venta-los-cacicazgos/1258642/,NA,3.5,3,US$,207000,Inmobiliaria Grupal,Los Cacicazgos, Santo Domingo Centro (D.N.), Santo Domingo,Segundo Uso,188,Residencial,3,TRUE,TRUE,FALSE,FALSE,FALSE,FALSE,TRUE,FALSE,FALSE,207000
2022-02-10,/apartamentos-venta-los-cacicazgos/1256102/,2,2,3,US$,148000,Inmobiliaria Grupal,Los Cacicazgos, Santo Domingo Centro (D.N.), Santo Domingo,Segundo Uso,150,Residencial,3,FALSE,FALSE,FALSE,FALSE,FALSE,FALSE,TRUE,FALSE,FALSE,148000
2022-02-10,/apartamentos-venta-los-cacicazgos/1262903/,NA,NA,NA,US$,650000,Premium Real Estate,Los Cacicazgos, Santo Domingo Centro (D.N.), Santo Domingo,Segundo Uso,NA,Residencial,NA,FALSE,FALSE,FALSE,FALSE,FALSE,FALSE,FALSE,FALSE,FALSE,650000
2022-02-10,/apartamentos-venta-los-cacicazgos/1255077/,5,3.5,3,US$,1500000,Anyelina Sánchez,Los Cacicazgos, Santo Domingo Centro (D.N.), Santo Domingo,Segundo Uso,540,Residencial,NA,FALSE,FALSE,FALSE,FALSE,FALSE,FALSE,FALSE,FALSE,FALSE,1500000
2022-02-10,/apartamentos-venta-los-cacicazgos/1252904/,3,3.5,3,US$,497000,Caiba Realty Group,Los Cacicazgos, Santo Domingo Centro (D.N.), Santo Domingo,Nueva,320,Residencial,7,TRUE,FALSE,FALSE,FALSE,FALSE,TRUE,FALSE,FALSE,FALSE,497000
2022-02-10,/apartamentos-venta-los-cacicazgos/1257008/,3,3.5,3,US$,535000,Caiba Realty Group,Los Cacicazgos, Santo Domingo Centro (D.N.), Santo Domingo,Nueva,320,Residencial,NA,TRUE,TRUE,TRUE,FALSE,TRUE,TRUE,TRUE,FALSE,TRUE,535000
2022-02-10,/apartamentos-venta-los-cacicazgos/1239993/,2,3.5,3,US$,335000,Estrella Inmobiliaria ,Los Cacicazgos, Santo Domingo Centro (D.N.), Santo Domingo,Segundo Uso,310,Residencial,2,TRUE,TRUE,FALSE,TRUE,TRUE,TRUE,TRUE,FALSE,FALSE,335000
2022-02-10,/apartamentos-venta-los-cacicazgos/1259777/,2,3.5,3,US$,306000,Estrella Inmobiliaria ,Los Cacicazgos, Santo Domingo Centro (D.N.), Santo Domingo,Nueva,206,Residencial,2,TRUE,TRUE,FALSE,FALSE,TRUE,FALSE,TRUE,FALSE,FALSE,306000
2022-02-10,/apartamentos-venta-y-alquiler-los-cacicazgos/1232310/,2,3,3,US$,640000,Estrella Inmobiliaria ,Los Cacicazgos, Santo Domingo Centro (D.N.), Santo Domingo,Nueva,351,N/D,13,FALSE,TRUE,FALSE,FALSE,TRUE,TRUE,TRUE,FALSE,FALSE,640000
2022-02-10,/apartamentos-venta-los-cacicazgos/1256631/,2,3.5,3,US$,378000,Estrella Inmobiliaria ,Los Cacicazgos, Santo Domingo Centro (D.N.), Santo Domingo,Segundo Uso,260,N/D,6,TRUE,TRUE,FALSE,FALSE,FALSE,TRUE,TRUE,FALSE,TRUE,378000
2022-02-10,/apartamentos-venta-los-cacicazgos/1264876/,2,3.5,3,US$,450000,Inmobiliaria Grupal,Los Cacicazgos, Santo Domingo Centro (D.N.), Santo Domingo,Segundo Uso,353,Residencial,NA,TRUE,TRUE,FALSE,TRUE,FALSE,FALSE,FALSE,FALSE,FALSE,450000
2022-02-10,/apartamentos-venta-los-cacicazgos/1242082/,2,3.5,3,US$,290000,Lucila Brito,Los Cacicazgos, Santo Domingo Centro (D.N.), Santo Domingo,Segundo Uso,180,Residencial,4,TRUE,TRUE,TRUE,TRUE,TRUE,TRUE,TRUE,FALSE,FALSE,290000
2022-02-10,/apartamentos-venta-los-cacicazgos/1262403/,2,3.5,3,US$,210000,Lucila Brito,Los Cacicazgos, Santo Domingo Centro (D.N.), Santo Domingo,Segundo Uso,190,Residencial,2,TRUE,TRUE,FALSE,TRUE,FALSE,FALSE,TRUE,FALSE,FALSE,210000
2022-02-10,/apartamentos-venta-los-cacicazgos/1268808/,1,1.5,1,US$,195,Premium Real Estate,Los Cacicazgos, Santo Domingo Centro (D.N.), Santo Domingo,Segundo Uso,85,Residencial,11,FALSE,FALSE,FALSE,FALSE,FALSE,FALSE,FALSE,FALSE,FALSE,195
2022-02-10,/apartamentos-venta-y-alquiler-los-cacicazgos/1262910/,5,4.5,4,US$,1800000,KW Capital,Los Cacicazgos, Santo Domingo Centro (D.N.), Santo Domingo,Segundo Uso,854,Residencial,13,TRUE,TRUE,TRUE,TRUE,TRUE,TRUE,TRUE,FALSE,TRUE,1800000
2022-02-10,/apartamentos-venta-los-cacicazgos/1265775/,NA,NA,NA,US$,210000,Inmobiliaria Grupal,Los Cacicazgos, Santo Domingo Centro (D.N.), Santo Domingo,Segundo Uso,NA,Residencial,NA,FALSE,FALSE,FALSE,FALSE,FALSE,FALSE,FALSE,FALSE,FALSE,210000
2022-02-10,/apartamentos-venta-los-cacicazgos/1268739/,1,2,2,RD$,158500,Probrokers Inmobiliaria Inprob S.R.L,Los Cacicazgos, Santo Domingo Centro (D.N.), Santo Domingo,Segundo Uso,NA,Residencial,2,TRUE,FALSE,FALSE,FALSE,FALSE,FALSE,FALSE,FALSE,FALSE,2709.4017094017095
2022-02-10,/apartamentos-venta-y-alquiler-los-cacicazgos/1233083/,2,3.5,3,US$,495000,Top Side Brokers Realty Group,Los Cacicazgos, Santo Domingo Centro (D.N.), Santo Domingo,Segundo Uso,300,Residencial,10,TRUE,TRUE,FALSE,FALSE,TRUE,TRUE,FALSE,FALSE,FALSE,495000
2022-02-10,/apartamentos-venta-los-cacicazgos/1268589/,1,1.5,1,US$,138000,Premium Real Estate,Los Cacicazgos, Santo Domingo Centro (D.N.), Santo Domingo,En Construcción,60,Residencial,NA,FALSE,TRUE,TRUE,FALSE,FALSE,FALSE,FALSE,FALSE,TRUE,138000
2022-02-10,/apartamentos-venta-los-cacicazgos/1232805/,2,2.5,3,US$,350000,Remax Blu,Los Cacicazgos, Santo Domingo Centro (D.N.), Santo Domingo,Nueva,230,Residencial,NA,FALSE,TRUE,FALSE,FALSE,FALSE,FALSE,TRUE,FALSE,TRUE,350000
2022-02-10,/apartamentos-venta-los-cacicazgos/1252382/,3,3.5,3,US$,450000,ProCimax Realty,Los Cacicazgos, Santo Domingo Centro (D.N.), Santo Domingo,Segundo Uso,252,Residencial,7,TRUE,TRUE,TRUE,TRUE,FALSE,TRUE,TRUE,FALSE,FALSE,450000
2022-02-10,/apartamentos-venta-los-cacicazgos/1252361/,3,2.5,2,US$,317000,Estrella Inmobiliaria ,Los Cacicazgos, Santo Domingo Centro (D.N.), Santo Domingo,En Planos,202,N/D,7,TRUE,TRUE,TRUE,FALSE,TRUE,TRUE,TRUE,TRUE,TRUE,317000
2022-02-10,/apartamentos-venta-los-cacicazgos/1256526/,3,3,3,US$,458000,Estrella Inmobiliaria ,Los Cacicazgos, Santo Domingo Centro (D.N.), Santo Domingo,En Construcción,NA,Residencial,NA,TRUE,FALSE,TRUE,FALSE,FALSE,TRUE,TRUE,FALSE,FALSE,458000
2022-02-10,/apartamentos-venta-los-cacicazgos/1268247/,2,3.5,3,US$,210000,Tu Casa RD,Los Cacicazgos, Santo Domingo Centro (D.N.), Santo Domingo,Nueva,175,Residencial,NA,TRUE,TRUE,FALSE,FALSE,FALSE,FALSE,TRUE,FALSE,FALSE,210000
2022-02-10,/apartamentos-venta-los-cacicazgos/1265528/,4,4.5,4,US$,1150000,Inmobiliaria Hazim Rodriguez,Los Cacicazgos, Santo Domingo Centro (D.N.), Santo Domingo,Segundo Uso,475,Residencial,6,TRUE,TRUE,TRUE,FALSE,TRUE,TRUE,TRUE,TRUE,TRUE,1150000
2022-02-10,/apartamentos-venta-los-cacicazgos/1267253/,2,2.5,3,US$,245000,Lucila Brito,Los Cacicazgos, Santo Domingo Centro (D.N.), Santo Domingo,Nueva,197,Residencial,3,TRUE,TRUE,FALSE,TRUE,FALSE,TRUE,FALSE,FALSE,FALSE,245000
2022-02-10,/apartamentos-venta-los-cacicazgos/1263462/,2,2.5,2,US$,200000,Lucila Brito,Los Cacicazgos, Santo Domingo Centro (D.N.), Santo Domingo,Nueva,119,Residencial,3,TRUE,TRUE,TRUE,TRUE,FALSE,TRUE,TRUE,FALSE,TRUE,200000
2022-02-10,/apartamentos-venta-los-cacicazgos/1267973/,2,2.5,2,US$,187000,Estrella Inmobiliaria ,Los Cacicazgos, Santo Domingo Centro (D.N.), Santo Domingo,Nueva,190,Residencial,4,TRUE,FALSE,TRUE,FALSE,FALSE,TRUE,TRUE,FALSE,FALSE,187000
2022-02-10,/apartamentos-venta-los-cacicazgos/1260416/,3,3.5,3,US$,310000,Estrella Inmobiliaria ,Los Cacicazgos, Santo Domingo Centro (D.N.), Santo Domingo,Segundo Uso,247,Residencial,NA,FALSE,TRUE,FALSE,FALSE,FALSE,FALSE,TRUE,FALSE,FALSE,310000
2022-02-10,/apartamentos-venta-los-cacicazgos/1266374/,2,2.5,3,US$,185000,Remax Metropolitana,Los Cacicazgos, Santo Domingo Centro (D.N.), Santo Domingo,Segundo Uso,160,Residencial,2,TRUE,TRUE,FALSE,FALSE,FALSE,FALSE,FALSE,FALSE,FALSE,185000
2022-02-10,/apartamentos-venta-los-cacicazgos/1267510/,3,6.5,5,RD$,17780000,Mercedes Ortiz,Los Cacicazgos, Santo Domingo Centro (D.N.), Santo Domingo,Segundo Uso,NA,Residencial,6,TRUE,TRUE,FALSE,FALSE,TRUE,TRUE,TRUE,FALSE,FALSE,303931.62393162394
2022-02-10,/apartamentos-venta-los-cacicazgos/1265150/,1,1.5,1,US$,142500,HouseLink,Los Cacicazgos, Santo Domingo Centro (D.N.), Santo Domingo,Nueva,73,Residencial,NA,TRUE,TRUE,TRUE,TRUE,FALSE,TRUE,TRUE,FALSE,TRUE,142500
2022-02-10,/apartamentos-venta-los-cacicazgos/1265157/,3,3.5,3,US$,577500,HouseLink,Los Cacicazgos, Santo Domingo Centro (D.N.), Santo Domingo,En Construcción,309,Residencial,7,TRUE,TRUE,TRUE,TRUE,FALSE,TRUE,TRUE,FALSE,TRUE,577500
2022-02-10,/apartamentos-venta-los-cacicazgos/1261425/,4,3.5,3,US$,495000,Estrella Inmobiliaria ,Los Cacicazgos, Santo Domingo Centro (D.N.), Santo Domingo,Nueva,388,Residencial,8,TRUE,TRUE,TRUE,TRUE,TRUE,TRUE,TRUE,FALSE,TRUE,495000
2022-02-10,/apartamentos-venta-los-cacicazgos/1267419/,3,3.5,3,US$,550000,ABAR Inmobiliaria,Los Cacicazgos, Santo Domingo Centro (D.N.), Santo Domingo,Nueva,263,Residencial,9,TRUE,TRUE,FALSE,TRUE,FALSE,TRUE,TRUE,FALSE,TRUE,550000
2022-02-10,/apartamentos-venta-los-cacicazgos/1249073/,3,3,3,US$,400000,Remax Metropolitana,Los Cacicazgos, Santo Domingo Centro (D.N.), Santo Domingo,Segundo Uso,243,Residencial,4,TRUE,TRUE,FALSE,FALSE,FALSE,TRUE,FALSE,FALSE,TRUE,400000
2022-02-10,/apartamentos-venta-y-alquiler-los-cacicazgos/1256252/,4,4.5,4,US$,1300000,Inmobiliaria Hazim Rodriguez,Los Cacicazgos, Santo Domingo Centro (D.N.), Santo Domingo,Segundo Uso,498,Residencial,8,TRUE,TRUE,TRUE,TRUE,TRUE,TRUE,TRUE,FALSE,TRUE,1300000
2022-02-10,/apartamentos-venta-los-cacicazgos/1266099/,2,2.5,3,US$,185000,Lucila Brito,Los Cacicazgos, Santo Domingo Centro (D.N.), Santo Domingo,Segundo Uso,NA,Residencial,7,TRUE,TRUE,FALSE,TRUE,FALSE,FALSE,FALSE,FALSE,FALSE,185000
2022-02-10,/apartamentos-venta-los-cacicazgos/1261643/,2,2.5,3,US$,245000,Remax Metropolitana,Los Cacicazgos, Santo Domingo Centro (D.N.), Santo Domingo,Nueva,197,Residencial,3,TRUE,TRUE,FALSE,FALSE,FALSE,TRUE,FALSE,FALSE,FALSE,245000
2022-02-10,/apartamentos-venta-los-cacicazgos/1262742/,2,3,3,US$,397500,Ginebra Realty Group,Los Cacicazgos, Santo Domingo Centro (D.N.), Santo Domingo,Nueva,178,Residencial,NA,TRUE,TRUE,TRUE,FALSE,FALSE,TRUE,TRUE,FALSE,TRUE,397500
2022-02-10,/apartamentos-venta-los-cacicazgos/1265156/,3,3.5,3,US$,497500,HouseLink,Los Cacicazgos, Santo Domingo Centro (D.N.), Santo Domingo,En Construcción,267,Residencial,8,TRUE,TRUE,TRUE,TRUE,FALSE,TRUE,TRUE,FALSE,TRUE,497500
2022-02-10,/apartamentos-venta-los-cacicazgos/1257082/,2,3.5,3,US$,420000,Ginebra Realty Group,Los Cacicazgos, Santo Domingo Centro (D.N.), Santo Domingo,Segundo Uso,334,Residencial,8,TRUE,TRUE,FALSE,FALSE,TRUE,FALSE,FALSE,FALSE,FALSE,420000
2022-02-10,/apartamentos-venta-los-cacicazgos/1266590/,2,3.5,3,US$,270000,Inmobiliaria Bevistam,Los Cacicazgos, Santo Domingo Centro (D.N.), Santo Domingo,Segundo Uso,204,Residencial,2,TRUE,TRUE,FALSE,FALSE,TRUE,TRUE,TRUE,FALSE,TRUE,270000
2022-02-10,/apartamentos-venta-los-cacicazgos/1196811/,4,3.5,3,US$,350000,Remax Metropolitana,Los Cacicazgos, Santo Domingo Centro (D.N.), Santo Domingo,Segundo Uso,303,Residencial,7,TRUE,TRUE,FALSE,FALSE,FALSE,TRUE,FALSE,FALSE,TRUE,350000
2022-02-10,/apartamentos-venta-los-cacicazgos/1266368/,2,3.5,3,US$,290000,City Homes,Los Cacicazgos, Santo Domingo Centro (D.N.), Santo Domingo,Segundo Uso,190,Residencial,4,FALSE,FALSE,FALSE,FALSE,FALSE,FALSE,FALSE,FALSE,FALSE,290000
2022-02-10,/apartamentos-venta-y-alquiler-los-cacicazgos/1238552/,3,3.5,3,US$,340000,Addys Lopez Acosta,Los Cacicazgos, Santo Domingo Centro (D.N.), Santo Domingo,Segundo Uso,288,Residencial,6,TRUE,TRUE,FALSE,TRUE,TRUE,TRUE,TRUE,FALSE,FALSE,340000
2022-02-10,/apartamentos-venta-los-cacicazgos/1265159/,3,2.5,3,US$,250000,HouseLink,Los Cacicazgos, Santo Domingo Centro (D.N.), Santo Domingo,En Construcción,153,Residencial,NA,TRUE,TRUE,TRUE,TRUE,FALSE,TRUE,TRUE,FALSE,FALSE,250000
2022-02-10,/apartamentos-venta-los-cacicazgos/1266035/,2,3.5,3,US$,295000,Inmobiliaria Bevistam,Los Cacicazgos, Santo Domingo Centro (D.N.), Santo Domingo,Segundo Uso,279,Residencial,3,TRUE,TRUE,FALSE,TRUE,TRUE,TRUE,TRUE,FALSE,FALSE,295000
2022-02-10,/apartamentos-venta-los-cacicazgos/1230749/,3,3.5,3,US$,386000,Vidalpe Inmobiliaria,Los Cacicazgos, Santo Domingo Centro (D.N.), Santo Domingo,En Construcción,220,Residencial,NA,TRUE,TRUE,FALSE,FALSE,FALSE,FALSE,TRUE,TRUE,TRUE,386000
2022-02-10,/apartamentos-venta-los-cacicazgos/1265154/,3,3.5,3,US$,717500,HouseLink,Los Cacicazgos, Santo Domingo Centro (D.N.), Santo Domingo,En Construcción,309,Residencial,7,TRUE,TRUE,TRUE,TRUE,FALSE,TRUE,TRUE,FALSE,TRUE,717500
2022-02-10,/apartamentos-venta-los-cacicazgos/1265153/,2,2.5,2,US$,287500,HouseLink,Los Cacicazgos, Santo Domingo Centro (D.N.), Santo Domingo,En Construcción,173,Residencial,NA,TRUE,TRUE,TRUE,TRUE,FALSE,TRUE,TRUE,FALSE,FALSE,287500
2022-02-10,/apartamentos-venta-los-cacicazgos/1250777/,2,2.5,2,US$,180000,Estrella Inmobiliaria ,Los Cacicazgos, Santo Domingo Centro (D.N.), Santo Domingo,Nueva,120,N/D,5,TRUE,TRUE,TRUE,FALSE,FALSE,TRUE,TRUE,FALSE,TRUE,180000
2022-02-10,/apartamentos-venta-los-cacicazgos/1231085/,3,3.5,3,US$,369000,Top inmobiliario Srl,Los Cacicazgos, Santo Domingo Centro (D.N.), Santo Domingo,Segundo Uso,243,Residencial,8,TRUE,TRUE,FALSE,FALSE,FALSE,TRUE,TRUE,FALSE,TRUE,369000
2022-02-10,/apartamentos-venta-los-cacicazgos/1259547/,3,3.5,3,US$,285000,Estrella Inmobiliaria ,Los Cacicazgos, Santo Domingo Centro (D.N.), Santo Domingo,Segundo Uso,220,Residencial,4,TRUE,TRUE,FALSE,TRUE,FALSE,TRUE,TRUE,FALSE,TRUE,285000
2022-02-10,/apartamentos-venta-los-cacicazgos/1259549/,3,3.5,3,US$,384000,Estrella Inmobiliaria ,Los Cacicazgos, Santo Domingo Centro (D.N.), Santo Domingo,Segundo Uso,260,Residencial,14,TRUE,TRUE,TRUE,TRUE,FALSE,TRUE,TRUE,FALSE,TRUE,384000
2022-02-10,/apartamentos-venta-los-cacicazgos/1264811/,3,3.5,3,US$,386000,Grupo Nin Inmobiliario,Los Cacicazgos, Santo Domingo Centro (D.N.), Santo Domingo,Nueva,220,Residencial,NA,TRUE,TRUE,FALSE,FALSE,TRUE,TRUE,TRUE,TRUE,TRUE,386000
2022-02-10,/apartamentos-venta-los-cacicazgos/1251008/,2,3.5,3,US$,555000,HouseLink,Los Cacicazgos, Santo Domingo Centro (D.N.), Santo Domingo,En Construcción,260,Residencial,NA,TRUE,FALSE,FALSE,FALSE,TRUE,TRUE,TRUE,FALSE,TRUE,555000
2022-02-10,/apartamentos-venta-los-cacicazgos/1250798/,2,3.5,3,US$,250000,Estrella Inmobiliaria ,Los Cacicazgos, Santo Domingo Centro (D.N.), Santo Domingo,Segundo Uso,190,N/D,3,TRUE,TRUE,FALSE,FALSE,FALSE,TRUE,TRUE,FALSE,TRUE,250000
2022-02-10,/apartamentos-venta-los-cacicazgos/1259310/,2,3.5,3,US$,257000,Estrella Inmobiliaria ,Los Cacicazgos, Santo Domingo Centro (D.N.), Santo Domingo,Nueva,193,Residencial,4,FALSE,FALSE,FALSE,FALSE,FALSE,FALSE,FALSE,FALSE,FALSE,257000
2022-02-10,/apartamentos-venta-los-cacicazgos/1258063/,3,3.5,3,US$,340000,Estrella Inmobiliaria ,Los Cacicazgos, Santo Domingo Centro (D.N.), Santo Domingo,Segundo Uso,288,N/D,6,TRUE,TRUE,FALSE,FALSE,FALSE,TRUE,TRUE,FALSE,TRUE,340000
2022-02-10,/apartamentos-venta-los-cacicazgos/1258062/,3,3.5,3,US$,370000,Estrella Inmobiliaria ,Los Cacicazgos, Santo Domingo Centro (D.N.), Santo Domingo,Segundo Uso,380,N/D,6,TRUE,TRUE,FALSE,FALSE,FALSE,TRUE,TRUE,FALSE,FALSE,370000
2022-02-10,/apartamentos-venta-los-cacicazgos/1258342/,2,3.5,3,US$,274000,Estrella Inmobiliaria ,Los Cacicazgos, Santo Domingo Centro (D.N.), Santo Domingo,Nueva,235,Residencial,5,TRUE,TRUE,FALSE,TRUE,TRUE,TRUE,TRUE,FALSE,TRUE,274000
2022-02-10,/apartamentos-venta-los-cacicazgos/1258867/,2,2.5,2,US$,170000,Estrella Inmobiliaria ,Los Cacicazgos, Santo Domingo Centro (D.N.), Santo Domingo,Segundo Uso,NA,Residencial,2,TRUE,TRUE,TRUE,TRUE,FALSE,TRUE,TRUE,FALSE,TRUE,170000
2022-02-10,/apartamentos-venta-los-cacicazgos/1263179/,3,3.5,NA,US$,345000,Estrella Inmobiliaria ,Los Cacicazgos, Santo Domingo Centro (D.N.), Santo Domingo,Segundo Uso,248,Residencial,8,TRUE,TRUE,FALSE,TRUE,FALSE,TRUE,TRUE,FALSE,TRUE,345000
2022-02-10,/apartamentos-venta-los-cacicazgos/1264195/,2,3.5,3,US$,420000,Ginebra Realty Group,Los Cacicazgos, Santo Domingo Centro (D.N.), Santo Domingo,Remodelada,NA,Residencial,8,FALSE,FALSE,FALSE,FALSE,FALSE,FALSE,FALSE,FALSE,FALSE,420000
2022-02-10,/apartamentos-venta-los-cacicazgos/1236365/,2,3.5,3,US$,255000,Estrella Inmobiliaria ,Los Cacicazgos, Santo Domingo Centro (D.N.), Santo Domingo,Nueva,245,Residencial,5,TRUE,TRUE,FALSE,TRUE,TRUE,TRUE,TRUE,FALSE,TRUE,255000
2022-02-10,/apartamentos-venta-los-cacicazgos/1259686/,2,3.5,3,US$,249000,Remax Metropolitana,Los Cacicazgos, Santo Domingo Centro (D.N.), Santo Domingo,Segundo Uso,180,Residencial,NA,TRUE,TRUE,FALSE,FALSE,FALSE,TRUE,TRUE,FALSE,TRUE,249000
2022-02-10,/apartamentos-venta-los-cacicazgos/1247314/,2,3.5,3,US$,415000,Lucila Brito,Los Cacicazgos, Santo Domingo Centro (D.N.), Santo Domingo,Segundo Uso,270,Residencial,6,TRUE,TRUE,TRUE,TRUE,TRUE,TRUE,FALSE,FALSE,TRUE,415000
2022-02-10,/apartamentos-venta-los-cacicazgos/1262802/,3,4.5,4,US$,550000,Elite Brokers,Los Cacicazgos, Santo Domingo Centro (D.N.), Santo Domingo,NA,NA,Residencial,NA,TRUE,TRUE,TRUE,FALSE,FALSE,TRUE,TRUE,FALSE,TRUE,550000
2022-02-10,/apartamentos-venta-los-cacicazgos/1262328/,2,2.5,2,US$,260000,Tu Casa RD,Los Cacicazgos, Santo Domingo Centro (D.N.), Santo Domingo,Nueva,NA,Residencial,8,TRUE,TRUE,FALSE,FALSE,FALSE,TRUE,TRUE,FALSE,FALSE,260000
2022-02-10,/apartamentos-venta-los-cacicazgos/1260981/,3,3.5,3,US$,525000,Tu Casa RD,Los Cacicazgos, Santo Domingo Centro (D.N.), Santo Domingo,Nueva,317,Residencial,NA,TRUE,TRUE,FALSE,FALSE,FALSE,TRUE,TRUE,FALSE,FALSE,525000
2022-02-10,/apartamentos-venta-los-cacicazgos/1260541/,3,3.5,3,US$,455000,Remax Metropolitana,Los Cacicazgos, Santo Domingo Centro (D.N.), Santo Domingo,Segundo Uso,248,Residencial,10,TRUE,TRUE,TRUE,FALSE,TRUE,TRUE,TRUE,FALSE,TRUE,455000
2022-02-10,/apartamentos-venta-los-cacicazgos/1259345/,3,3.5,3,US$,445000,Elite Brokers,Los Cacicazgos, Santo Domingo Centro (D.N.), Santo Domingo,NA,NA,Residencial,NA,TRUE,FALSE,TRUE,FALSE,TRUE,FALSE,FALSE,TRUE,TRUE,445000
2022-02-10,/apartamentos-venta-los-cacicazgos/1255313/,2,3.5,3,US$,340000,Tu Casa RD,Los Cacicazgos, Santo Domingo Centro (D.N.), Santo Domingo,Nueva,265,Residencial,NA,TRUE,TRUE,FALSE,FALSE,FALSE,TRUE,TRUE,FALSE,FALSE,340000
2022-02-10,/apartamentos-venta-los-cacicazgos/1241167/,3,3.5,3,US$,350000,Tu Casa RD,Los Cacicazgos, Santo Domingo Centro (D.N.), Santo Domingo,Nueva,237,Residencial,3,FALSE,FALSE,FALSE,FALSE,FALSE,TRUE,FALSE,FALSE,TRUE,350000
2022-02-10,/apartamentos-venta-los-cacicazgos/1245372/,3,3,3,US$,330000,Tu Casa RD,Los Cacicazgos, Santo Domingo Centro (D.N.), Santo Domingo,Nueva,289,Residencial,6,FALSE,FALSE,FALSE,FALSE,TRUE,TRUE,TRUE,FALSE,FALSE,330000
2022-02-10,/apartamentos-venta-los-cacicazgos/1246151/,NA,3.5,3,US$,600000,Tu Casa RD,Los Cacicazgos, Santo Domingo Centro (D.N.), Santo Domingo,Nueva,NA,Residencial,NA,TRUE,FALSE,TRUE,FALSE,TRUE,TRUE,TRUE,TRUE,TRUE,600000
2022-02-10,/apartamentos-venta-los-cacicazgos/1246154/,NA,3.5,3,US$,510000,Tu Casa RD,Los Cacicazgos, Santo Domingo Centro (D.N.), Santo Domingo,Nueva,NA,Residencial,NA,TRUE,TRUE,TRUE,FALSE,TRUE,TRUE,TRUE,TRUE,TRUE,510000
2022-02-10,/apartamentos-venta-los-cacicazgos/1257115/,3,3.5,3,US$,430000,Tu Casa RD,Los Cacicazgos, Santo Domingo Centro (D.N.), Santo Domingo,Nueva,281,Residencial,13,TRUE,TRUE,FALSE,FALSE,FALSE,TRUE,TRUE,FALSE,TRUE,430000
2022-02-10,/apartamentos-venta-los-cacicazgos/1255581/,NA,2.5,3,US$,265000,Tu Casa RD,Los Cacicazgos, Santo Domingo Centro (D.N.), Santo Domingo,Nueva,NA,Residencial,NA,TRUE,TRUE,FALSE,FALSE,TRUE,TRUE,TRUE,FALSE,FALSE,265000
2022-02-10,/apartamentos-venta-los-cacicazgos/1255445/,3,3.5,3,US$,445000,Tu Casa RD,Los Cacicazgos, Santo Domingo Centro (D.N.), Santo Domingo,Nueva,253,Residencial,7,TRUE,TRUE,FALSE,FALSE,TRUE,TRUE,TRUE,TRUE,TRUE,445000
2022-02-10,/apartamentos-venta-los-cacicazgos/1244342/,2,2.5,2,US$,173000,Tu Casa RD,Los Cacicazgos, Santo Domingo Centro (D.N.), Santo Domingo,Segundo Uso,NA,Residencial,NA,TRUE,TRUE,TRUE,FALSE,FALSE,TRUE,FALSE,FALSE,TRUE,173000
2022-02-10,/apartamentos-venta-y-alquiler-los-cacicazgos/1238778/,3,NA,3,US$,535000,Tu Casa RD,Los Cacicazgos, Santo Domingo Centro (D.N.), Santo Domingo,Segundo Uso,242,Residencial,24,FALSE,FALSE,TRUE,FALSE,FALSE,TRUE,TRUE,TRUE,TRUE,535000
2022-02-10,/apartamentos-venta-los-cacicazgos/1258813/,4,4.5,4,US$,800000,Elite Brokers,Los Cacicazgos, Santo Domingo Centro (D.N.), Santo Domingo,NA,575,Residencial,NA,TRUE,TRUE,TRUE,FALSE,FALSE,FALSE,TRUE,FALSE,TRUE,800000
2022-02-10,/apartamentos-venta-los-cacicazgos/1248254/,3,3.5,3,US$,550000,Top Side Brokers Realty Group,Los Cacicazgos, Santo Domingo Centro (D.N.), Santo Domingo,Nueva,308,Residencial,NA,TRUE,TRUE,FALSE,TRUE,TRUE,TRUE,TRUE,FALSE,TRUE,550000
2022-02-10,/apartamentos-venta-los-cacicazgos/1208576/,3,3.5,NA,US$,483850,New Home Constructora Inmobiliaria,Los Cacicazgos, Santo Domingo Centro (D.N.), Santo Domingo,En Construcción,322,Residencial,NA,FALSE,TRUE,TRUE,FALSE,FALSE,FALSE,TRUE,TRUE,TRUE,483850
2022-02-10,/apartamentos-venta-los-cacicazgos/1258060/,3,3.5,3,US$,550000,Elite Brokers,Los Cacicazgos, Santo Domingo Centro (D.N.), Santo Domingo,NA,447,Residencial,NA,TRUE,FALSE,TRUE,FALSE,FALSE,FALSE,TRUE,FALSE,TRUE,550000
2022-02-10,/apartamentos-venta-y-alquiler-los-cacicazgos/1221086/,2,3.5,3,US$,490000,Inmobiliaria Yasser,Los Cacicazgos, Santo Domingo Centro (D.N.), Santo Domingo,Nueva,328,Residencial,4,TRUE,TRUE,FALSE,TRUE,TRUE,TRUE,TRUE,TRUE,TRUE,490000
2022-02-10,/apartamentos-venta-los-cacicazgos/1257573/,3,3.5,3,US$,555000,Grupo Nin Inmobiliario,Los Cacicazgos, Santo Domingo Centro (D.N.), Santo Domingo,En Construcción,260,Residencial,3,FALSE,FALSE,FALSE,FALSE,FALSE,FALSE,FALSE,FALSE,FALSE,555000
2022-02-10,/apartamentos-venta-los-cacicazgos/1245862/,4,4.5,4,US$,850000,Premium Real Estate,Los Cacicazgos, Santo Domingo Centro (D.N.), Santo Domingo,En Construcción,485,Residencial,NA,TRUE,TRUE,FALSE,FALSE,TRUE,TRUE,TRUE,TRUE,TRUE,850000
2022-02-10,/apartamentos-venta-los-cacicazgos/1256818/,3,3.5,3,US$,386000,Premium Real Estate,Los Cacicazgos, Santo Domingo Centro (D.N.), Santo Domingo,En Construcción,220,Residencial,NA,FALSE,TRUE,FALSE,FALSE,TRUE,TRUE,TRUE,FALSE,FALSE,386000
2022-02-10,/apartamentos-venta-los-cacicazgos/1250488/,2,3.5,3,US$,400000,Remax Metropolitana,Los Cacicazgos, Santo Domingo Centro (D.N.), Santo Domingo,Segundo Uso,334,Residencial,8,TRUE,TRUE,FALSE,FALSE,FALSE,FALSE,TRUE,TRUE,FALSE,400000
2022-02-10,/apartamentos-venta-los-cacicazgos/1254946/,2,2.5,2,US$,200000,Inmobisla,Los Cacicazgos, Santo Domingo Centro (D.N.), Santo Domingo,Nueva,122,Residencial,NA,TRUE,TRUE,TRUE,FALSE,FALSE,TRUE,TRUE,FALSE,TRUE,200000
2022-02-10,/apartamentos-venta-los-cacicazgos/1252028/,3,3.5,3,US$,376000,Inmobisla,Los Cacicazgos, Santo Domingo Centro (D.N.), Santo Domingo,En Construcción,220,Residencial,NA,TRUE,TRUE,TRUE,TRUE,TRUE,TRUE,TRUE,TRUE,TRUE,376000
2022-02-10,/apartamentos-venta-los-cacicazgos/1254945/,2,2.5,2,US$,192000,Inmobisla,Los Cacicazgos, Santo Domingo Centro (D.N.), Santo Domingo,Nueva,119,Residencial,NA,TRUE,TRUE,TRUE,FALSE,FALSE,TRUE,TRUE,FALSE,TRUE,192000
2022-02-10,/apartamentos-venta-los-cacicazgos/1253156/,2,3.5,3,US$,376000,Inmobisla,Los Cacicazgos, Santo Domingo Centro (D.N.), Santo Domingo,En Construcción,220,Residencial,NA,FALSE,TRUE,FALSE,TRUE,FALSE,TRUE,TRUE,TRUE,TRUE,376000
2022-02-10,/apartamentos-venta-los-cacicazgos/1256649/,3,3.5,3,US$,388000,New Home Constructora Inmobiliaria,Los Cacicazgos, Santo Domingo Centro (D.N.), Santo Domingo,En Construcción,220,Residencial,NA,TRUE,TRUE,FALSE,FALSE,TRUE,TRUE,TRUE,TRUE,TRUE,388000
2022-02-10,/apartamentos-venta-los-cacicazgos/1256276/,3,3.5,3,US$,950000,Grupo Nin Inmobiliario,Los Cacicazgos, Santo Domingo Centro (D.N.), Santo Domingo,Nueva,365,Residencial,2,TRUE,TRUE,TRUE,FALSE,TRUE,TRUE,TRUE,TRUE,TRUE,950000
2022-02-10,/apartamentos-venta-los-cacicazgos/1256244/,3,3.5,3,US$,425000,Inmobiliaria Bevistam,Los Cacicazgos, Santo Domingo Centro (D.N.), Santo Domingo,Segundo Uso,254,Residencial,7,TRUE,TRUE,TRUE,FALSE,TRUE,TRUE,TRUE,TRUE,TRUE,425000
2022-02-10,/apartamentos-venta-y-alquiler-los-cacicazgos/1233741/,2,2.5,3,US$,350000,ProCimax Realty,Los Cacicazgos, Santo Domingo Centro (D.N.), Santo Domingo,Segundo Uso,290,Residencial,9,TRUE,TRUE,TRUE,TRUE,FALSE,TRUE,TRUE,TRUE,TRUE,350000
2022-02-10,/apartamentos-venta-y-alquiler-los-cacicazgos/1255917/,4,3.5,3,US$,1700000,Plusval Venta Directa,Los Cacicazgos, Santo Domingo Centro (D.N.), Santo Domingo,Segundo Uso,598,Residencial,9,TRUE,TRUE,TRUE,FALSE,TRUE,TRUE,TRUE,TRUE,TRUE,1700000
2022-02-10,/apartamentos-venta-los-cacicazgos/1232422/,3,3.5,3,US$,495000,Staff Inmobiliario,Los Cacicazgos, Santo Domingo Centro (D.N.), Santo Domingo,Segundo Uso,290,Residencial,9,TRUE,TRUE,TRUE,FALSE,TRUE,TRUE,FALSE,TRUE,TRUE,495000
2022-02-10,/apartamentos-venta-los-cacicazgos/1250815/,2,3.5,3,US$,475000,Elite Brokers,Los Cacicazgos, Santo Domingo Centro (D.N.), Santo Domingo,NA,237,Residencial,NA,TRUE,TRUE,TRUE,FALSE,FALSE,FALSE,TRUE,TRUE,TRUE,475000
2022-02-10,/apartamentos-venta-los-cacicazgos/1250163/,3,3.5,3,US$,480000,Inmobiliaria Bevistam,Los Cacicazgos, Santo Domingo Centro (D.N.), Santo Domingo,Segundo Uso,270,Residencial,9,TRUE,TRUE,TRUE,TRUE,FALSE,TRUE,FALSE,TRUE,TRUE,480000
2022-02-10,/apartamentos-venta-los-cacicazgos/1220651/,2,2.5,3,US$,295000,Remax Metropolitana,Los Cacicazgos, Santo Domingo Centro (D.N.), Santo Domingo,Segundo Uso,170,Residencial,10,TRUE,TRUE,FALSE,FALSE,FALSE,FALSE,TRUE,FALSE,FALSE,295000
2022-02-10,/apartamentos-venta-los-cacicazgos/1248678/,3,3.5,3,US$,388000,New Home Constructora Inmobiliaria,Los Cacicazgos, Santo Domingo Centro (D.N.), Santo Domingo,En Construcción,220,Residencial,NA,TRUE,TRUE,FALSE,FALSE,FALSE,TRUE,TRUE,TRUE,TRUE,388000
2022-02-10,/apartamentos-venta-los-cacicazgos/1246015/,4,4.5,4,US$,835000,Grupo Nin Inmobiliario,Los Cacicazgos, Santo Domingo Centro (D.N.), Santo Domingo,En Construcción,485,Residencial,4,TRUE,TRUE,TRUE,FALSE,FALSE,TRUE,TRUE,TRUE,TRUE,835000
2022-02-10,/apartamentos-venta-los-cacicazgos/1243337/,3,3.5,3,US$,385000,Elite Brokers,Los Cacicazgos, Santo Domingo Centro (D.N.), Santo Domingo,NA,244,Residencial,NA,FALSE,TRUE,TRUE,FALSE,TRUE,FALSE,TRUE,FALSE,TRUE,385000
2022-02-10,/apartamentos-venta-los-cacicazgos/1215765/,3,4.5,4,US$,750000,Remax Metropolitana,Los Cacicazgos, Santo Domingo Centro (D.N.), Santo Domingo,Segundo Uso,550,Residencial,11,TRUE,TRUE,FALSE,TRUE,FALSE,FALSE,TRUE,FALSE,FALSE,750000
2022-02-10,/apartamentos-venta-y-alquiler-los-cacicazgos/1215305/,2,4.5,4,US$,400000,Remax Metropolitana,Los Cacicazgos, Santo Domingo Centro (D.N.), Santo Domingo,Segundo Uso,297,Residencial,4,TRUE,TRUE,FALSE,TRUE,FALSE,TRUE,FALSE,FALSE,TRUE,400000
2022-02-10,/apartamentos-venta-los-cacicazgos/1171661/,NA,NA,2,US$,185000,Abril Group SRL,Los Cacicazgos, Santo Domingo Centro (D.N.), Santo Domingo,Nueva,121,Residencial,NA,TRUE,TRUE,FALSE,TRUE,FALSE,FALSE,TRUE,FALSE,TRUE,185000
2022-02-10,/apartamentos-venta-los-cacicazgos/1167796/,2,2.5,2,US$,162000,Abril Group SRL,Los Cacicazgos, Santo Domingo Centro (D.N.), Santo Domingo,Nueva,100,Residencial,5,FALSE,TRUE,FALSE,FALSE,FALSE,FALSE,TRUE,FALSE,FALSE,162000
2022-02-10,/apartamentos-venta-los-cacicazgos/1167223/,1,1.5,1,US$,101750,Abril Group SRL,Los Cacicazgos, Santo Domingo Centro (D.N.), Santo Domingo,Nueva,74,Residencial,7,TRUE,TRUE,TRUE,TRUE,TRUE,TRUE,TRUE,FALSE,TRUE,101750
