date,id,parking,bathrooms,bedrooms,currency,price,seller,neighborhood,city,province,status,area,usage,story,planta,lift,pool,pozo,terraza,lobby,balcon,jacuzzi,gimnasio,price.usd
2022-01-24,"/apartamentos-venta-bavaro,-punta-cana/1267574/",1,2,2,US$,70000,Marco Rivero,Bávaro, Punta Cana, Bávaro,Nueva,70,Mixto,3,TRUE,FALSE,FALSE,FALSE,FALSE,FALSE,TRUE,FALSE,FALSE,70000
2022-01-24,/apartamentos-venta-uvero-alto/1267190/,1,2.5,2,US$,411194,Wendy Gómez,Uvero Alto, Bávaro, Punta Cana,Nueva,179,Residencial,NA,FALSE,FALSE,TRUE,FALSE,FALSE,FALSE,FALSE,TRUE,TRUE,411194
2022-01-24,/apartamentos-venta-cap-cana/1258434/,1,2,2,US$,230000,Inmobiliaria Inversión Segura RD ,Cap Cana, Bávaro, Punta Cana,En Construcción,96,Residencial,NA,TRUE,TRUE,TRUE,TRUE,TRUE,TRUE,FALSE,TRUE,TRUE,230000
2022-01-24,/apartamentos-venta-cap-cana/1265106/,NA,2.5,2,US$,335000,Inmobiliaria Inversión Segura RD ,Cap Cana, Bávaro, Punta Cana,En Construcción,155,Residencial,NA,TRUE,TRUE,TRUE,TRUE,TRUE,FALSE,TRUE,TRUE,TRUE,335000
2022-01-24,/apartamentos-venta-cap-cana/1264016/,NA,1.5,1,US$,229750,Inmobiliaria Inversión Segura RD ,Cap Cana, Bávaro, Punta Cana,En Construcción,76,Residencial,NA,TRUE,TRUE,TRUE,FALSE,TRUE,TRUE,FALSE,TRUE,TRUE,229750
2022-01-24,"/apartamentos-venta-bavaro,-punta-cana/1261333/",1,2,2,US$,139000,Premium Real Estate,Bávaro, Punta Cana, Bávaro,En Planos,78,Residencial,NA,FALSE,FALSE,TRUE,FALSE,FALSE,FALSE,TRUE,FALSE,TRUE,139000
2022-01-24,"/apartamentos-venta-bavaro,-punta-cana/1251913/",NA,2,2,US$,105000,Premium Real Estate,Bávaro, Punta Cana, Bávaro,En Construcción,90,Residencial,NA,FALSE,FALSE,FALSE,FALSE,FALSE,FALSE,FALSE,FALSE,TRUE,105000
2022-01-24,"/apartamentos-venta-bavaro,-punta-cana/1259793/",1,2,2,US$,93500,Premium Real Estate,Bávaro, Punta Cana, Bávaro,En Construcción,70,Residencial,NA,FALSE,TRUE,TRUE,FALSE,FALSE,FALSE,TRUE,FALSE,TRUE,93500
2022-01-24,/apartamentos-venta-cap-cana/1256177/,1,2,1,US$,261475,Premium Real Estate,Cap Cana, Bávaro, Punta Cana,En Planos,97,Residencial,6,FALSE,TRUE,TRUE,FALSE,FALSE,TRUE,TRUE,FALSE,FALSE,261475
2022-01-24,"/apartamentos-venta-bavaro,-punta-cana/1255533/",2,2,1,US$,149000,Premium Real Estate,Bávaro, Punta Cana, Bávaro,En Construcción,84,Residencial,NA,TRUE,TRUE,TRUE,FALSE,TRUE,FALSE,FALSE,FALSE,TRUE,149000
2022-01-24,"/apartamentos-venta-bavaro,-punta-cana/1268248/",NA,NA,1,US$,169000,Juana Infalible Real Estate,Bávaro, Punta Cana, Bávaro,NA,84,N/D,NA,FALSE,TRUE,TRUE,FALSE,FALSE,TRUE,TRUE,TRUE,TRUE,169000
2022-01-24,"/apartamentos-venta-bavaro,-punta-cana/1268270/",NA,NA,3,US$,415000,Juana Infalible Real Estate,Bávaro, Punta Cana, Bávaro,En Planos,218,N/D,NA,FALSE,TRUE,TRUE,FALSE,TRUE,TRUE,TRUE,TRUE,TRUE,415000
2022-01-24,"/apartamentos-venta-bavaro,-punta-cana/1268321/",2,2,2,US$,239000,Juana Infalible Real Estate,Bávaro, Punta Cana, Bávaro,En Planos,140,N/D,NA,FALSE,FALSE,TRUE,FALSE,TRUE,FALSE,TRUE,TRUE,TRUE,239000
2022-01-24,"/apartamentos-venta-bavaro,-punta-cana/1260722/",NA,1,1,US$,89999,Premium Real Estate,Bávaro, Punta Cana, Bávaro,Nueva,NA,Residencial,NA,FALSE,FALSE,TRUE,FALSE,TRUE,FALSE,FALSE,FALSE,FALSE,89999
2022-01-24,/apartamentos-venta-cap-cana/1260211/,NA,NA,1,US$,315000,Premium Real Estate,Cap Cana, Bávaro, Punta Cana,Nueva,NA,Residencial,NA,FALSE,FALSE,TRUE,FALSE,FALSE,TRUE,FALSE,FALSE,TRUE,315000
2022-01-24,/apartamentos-venta-bavaro/1261674/,1,1,1,US$,75000,Republic Real State,Bávaro, Bávaro, Punta Cana,En Planos,49,Residencial,2,FALSE,FALSE,TRUE,FALSE,FALSE,FALSE,TRUE,FALSE,FALSE,75000
2022-01-24,"/apartamentos-venta-bavaro,-punta-cana/1265619/",1,2,2,US$,239000,Republic Real State,Bávaro, Punta Cana, Bávaro,En Planos,121,Residencial,3,TRUE,TRUE,TRUE,FALSE,TRUE,FALSE,TRUE,FALSE,FALSE,239000
2022-01-24,"/apartamentos-venta-bavaro,-punta-cana/1261739/",1,1.5,1,US$,114900,Republic Real State,Bávaro, Punta Cana, Bávaro,En Construcción,55,Residencial,NA,TRUE,TRUE,TRUE,FALSE,FALSE,TRUE,TRUE,FALSE,TRUE,114900
2022-01-24,"/apartamentos-venta-bavaro,-punta-cana/1261689/",1,1,1,US$,249000,Republic Real State,Bávaro, Punta Cana, Bávaro,En Planos,72,Residencial,3,FALSE,FALSE,FALSE,FALSE,FALSE,FALSE,TRUE,FALSE,FALSE,249000
2022-01-24,"/apartamentos-venta-bavaro,-punta-cana/1261675/",1,1,1,US$,85000,Republic Real State,Bávaro, Punta Cana, Bávaro,En Planos,82,Residencial,2,FALSE,FALSE,TRUE,FALSE,FALSE,FALSE,TRUE,FALSE,FALSE,85000
2022-01-24,/apartamentos-venta-cap-cana/1261715/,1,1.5,1,US$,315000,Republic Real State,Cap Cana, Bávaro, Punta Cana,En Planos,154,Residencial,NA,FALSE,FALSE,FALSE,FALSE,FALSE,FALSE,TRUE,TRUE,FALSE,315000
2022-01-24,"/apartamentos-venta-bavaro,-punta-cana/1261728/",1,1,1,US$,169000,Republic Real State,Bávaro, Punta Cana, Bávaro,En Planos,65,Residencial,NA,TRUE,FALSE,TRUE,FALSE,FALSE,TRUE,TRUE,FALSE,TRUE,169000
2022-01-24,"/apartamentos-venta-bavaro,-punta-cana/1261735/",2,2.5,2,US$,142000,Republic Real State,Bávaro, Punta Cana, Bávaro,En Construcción,144,Residencial,2,FALSE,FALSE,FALSE,FALSE,FALSE,FALSE,TRUE,FALSE,FALSE,142000
2022-01-24,"/apartamentos-venta-bavaro,-punta-cana/1261736/",1,1,1,US$,121944,Republic Real State,Bávaro, Punta Cana, Bávaro,En Construcción,55,Residencial,NA,TRUE,TRUE,TRUE,FALSE,FALSE,TRUE,TRUE,FALSE,FALSE,121944
2022-01-24,/apartamentos-venta-bavaro/1264161/,NA,1,1,US$,126499,Bienvenida Rubén Jiménez,Bávaro, Bávaro, Punta Cana,En Construcción,53,Mixto,NA,TRUE,FALSE,TRUE,FALSE,FALSE,TRUE,TRUE,FALSE,TRUE,126499
2022-01-24,/apartamentos-venta-costa-bavaro/1268396/,2,NA,NA,US$,65000,Remax Blu,Costa Bavaro, Bávaro, Punta Cana,Segundo Uso,125,Residencial,1,FALSE,FALSE,FALSE,TRUE,FALSE,FALSE,TRUE,FALSE,FALSE,65000
2022-01-24,"/apartamentos-venta-bavaro,-punta-cana/1265960/",2,2,2,US$,125000,Remax Metropolitana,Bávaro, Punta Cana, Bávaro,Nueva,NA,Residencial,NA,FALSE,FALSE,FALSE,FALSE,FALSE,FALSE,FALSE,FALSE,FALSE,125000
2022-01-24,"/apartamentos-venta-bavaro,-punta-cana/1233401/",1,1,1,US$,65000,Marrero Luxury,Bávaro, Punta Cana, Bávaro,Nueva,64,Residencial,NA,TRUE,FALSE,TRUE,FALSE,FALSE,TRUE,TRUE,FALSE,TRUE,65000
2022-01-24,/apartamentos-venta-veron/1236104/,1,1.5,1,US$,65000,Marrero Luxury,Verón, Bávaro, Punta Cana,Nueva,72,Residencial,2,TRUE,FALSE,TRUE,FALSE,FALSE,TRUE,TRUE,TRUE,TRUE,65000
2022-01-24,"/apartamentos-venta-bavaro,-punta-cana/1258605/",2,1.5,1,US$,159000,Premier Real Estate,Bávaro, Punta Cana, Bávaro,En Construcción,91,Residencial,NA,TRUE,FALSE,TRUE,FALSE,TRUE,FALSE,FALSE,FALSE,TRUE,159000
2022-01-24,"/apartamentos-venta-bavaro,-punta-cana/1265510/",2,2.5,2,US$,239000,Premier Real Estate,Bávaro, Punta Cana, Bávaro,En Construcción,NA,Residencial,NA,TRUE,TRUE,TRUE,FALSE,FALSE,FALSE,TRUE,FALSE,FALSE,239000
2022-01-24,"/apartamentos-venta-bavaro,-punta-cana/1266653/",2,2,2,US$,460000,Premier Real Estate,Bávaro, Punta Cana, Bávaro,Nueva,130,Residencial,NA,FALSE,FALSE,FALSE,FALSE,FALSE,FALSE,FALSE,FALSE,FALSE,460000
2022-01-24,/apartamentos-venta-cap-cana/1259830/,NA,NA,NA,US$,315000,Premium Real Estate,Cap Cana, Bávaro, Punta Cana,En Construcción,NA,Residencial,NA,TRUE,FALSE,TRUE,FALSE,TRUE,TRUE,TRUE,FALSE,TRUE,315000
2022-01-24,"/apartamentos-venta-bavaro,-punta-cana/1262318/",NA,NA,NA,US$,94999,Premium Real Estate,Bávaro, Punta Cana, Bávaro,En Construcción,NA,Residencial,NA,TRUE,FALSE,TRUE,FALSE,TRUE,TRUE,TRUE,TRUE,FALSE,94999
2022-01-24,"/apartamentos-venta-bavaro,-punta-cana/1262316/",NA,NA,NA,US$,94999,Premium Real Estate,Bávaro, Punta Cana, Bávaro,En Construcción,NA,Residencial,NA,TRUE,FALSE,TRUE,FALSE,TRUE,TRUE,TRUE,FALSE,TRUE,94999
2022-01-24,/apartamentos-venta-cap-cana/1259831/,NA,NA,NA,US$,315000,Premium Real Estate,Cap Cana, Bávaro, Punta Cana,En Construcción,NA,Residencial,NA,TRUE,FALSE,TRUE,FALSE,TRUE,TRUE,TRUE,FALSE,TRUE,315000
2022-01-24,/apartamentos-venta-cap-cana/1265035/,1,2.5,2,US$,335000,Premium Real Estate,Cap Cana, Bávaro, Punta Cana,En Construcción,NA,Residencial,NA,FALSE,FALSE,FALSE,FALSE,FALSE,FALSE,FALSE,FALSE,FALSE,335000
2022-01-24,"/apartamentos-venta-bavaro,-punta-cana/1254283/",NA,NA,1,US$,149000,Carmelia Suero,Bávaro, Punta Cana, Bávaro,En Construcción,NA,Residencial,NA,TRUE,TRUE,TRUE,TRUE,TRUE,TRUE,TRUE,TRUE,TRUE,149000
2022-01-24,"/apartamentos-venta-bavaro,-punta-cana/1268381/",1,NA,1,US$,50990,Seekers Inmobiliaria,Bávaro, Punta Cana, Bávaro,En Construcción,37,Residencial,NA,FALSE,FALSE,TRUE,FALSE,FALSE,FALSE,FALSE,FALSE,TRUE,50990
2022-01-24,/apartamentos-venta-cap-cana/1259690/,1,1.5,1,US$,315000,Miguel Duarte Real Estate,Cap Cana, Bávaro, Punta Cana,Nueva,154,Mixto,1,FALSE,TRUE,TRUE,TRUE,TRUE,TRUE,TRUE,FALSE,TRUE,315000
2022-01-24,"/apartamentos-venta-bavaro,-punta-cana/1260624/",NA,1.5,1,US$,87500,Miguel Duarte Real Estate,Bávaro, Punta Cana, Bávaro,Nueva,50,Mixto,2,FALSE,TRUE,FALSE,FALSE,FALSE,TRUE,TRUE,TRUE,TRUE,87500
2022-01-24,/apartamentos-venta-cap-cana/1258836/,1,1.5,1,US$,285000,Miguel Duarte Real Estate,Cap Cana, Bávaro, Punta Cana,Nueva,81,Residencial,NA,FALSE,FALSE,TRUE,FALSE,TRUE,FALSE,TRUE,FALSE,TRUE,285000
2022-01-24,/apartamentos-venta-cortecito/1258833/,1,2,3,US$,271500,Miguel Duarte Real Estate,Cortecito, Bávaro, Punta Cana,Nueva,149,Residencial,3,FALSE,FALSE,TRUE,TRUE,TRUE,FALSE,TRUE,FALSE,FALSE,271500
2022-01-24,/apartamentos-venta-el-cocotal/1258834/,2,3.5,3,US$,380000,Miguel Duarte Real Estate,El Cocotal, Bávaro, Punta Cana,Nueva,192,Residencial,2,FALSE,FALSE,TRUE,FALSE,FALSE,FALSE,TRUE,FALSE,FALSE,380000
2022-01-24,/apartamentos-venta-cap-cana/1268114/,1,2,1,US$,261500,Vivenzas Real Estate ,Cap Cana, Bávaro, Punta Cana,En Construcción,96,Residencial,NA,TRUE,TRUE,TRUE,FALSE,TRUE,TRUE,TRUE,TRUE,TRUE,261500
2022-01-24,/apartamentos-venta-el-cocotal/1266587/,2,2.5,3,US$,369000,Vivenzas Real Estate ,El Cocotal, Bávaro, Punta Cana,En Construcción,186,Residencial,NA,TRUE,TRUE,TRUE,FALSE,TRUE,TRUE,TRUE,TRUE,TRUE,369000
2022-01-24,"/apartamentos-venta-bavaro,-punta-cana/1257723/",1,2,3,US$,59000,Vivenzas Real Estate ,Bávaro, Punta Cana, Bávaro,Nueva,75,Residencial,NA,TRUE,FALSE,FALSE,FALSE,FALSE,FALSE,TRUE,FALSE,FALSE,59000
2022-01-24,"/apartamentos-venta-bavaro,-punta-cana/1266582/",2,2.5,2,US$,239000,Vivenzas Real Estate ,Bávaro, Punta Cana, Bávaro,En Construcción,116,Residencial,NA,TRUE,TRUE,TRUE,FALSE,TRUE,FALSE,TRUE,TRUE,TRUE,239000
2022-01-24,"/apartamentos-venta-bavaro,-punta-cana/1266584/",2,2.5,3,US$,329000,Vivenzas Real Estate ,Bávaro, Punta Cana, Bávaro,En Construcción,164,Residencial,NA,TRUE,TRUE,TRUE,FALSE,TRUE,FALSE,TRUE,TRUE,TRUE,329000
2022-01-24,"/apartamentos-venta-bavaro,-punta-cana/1266574/",2,2.5,3,US$,415000,Vivenzas Real Estate ,Bávaro, Punta Cana, Bávaro,En Construcción,193,Residencial,NA,TRUE,TRUE,TRUE,FALSE,TRUE,TRUE,TRUE,FALSE,TRUE,415000
2022-01-24,"/apartamentos-venta-bavaro,-punta-cana/1266580/",2,2.5,2,US$,275000,Vivenzas Real Estate ,Bávaro, Punta Cana, Bávaro,En Construcción,127,Residencial,NA,TRUE,TRUE,TRUE,FALSE,FALSE,TRUE,TRUE,FALSE,TRUE,275000
2022-01-24,/apartamentos-venta-el-cocotal/1266586/,2,2.5,2,US$,239000,Vivenzas Real Estate ,El Cocotal, Bávaro, Punta Cana,En Construcción,140,Residencial,NA,TRUE,TRUE,TRUE,FALSE,TRUE,FALSE,TRUE,TRUE,TRUE,239000
2022-01-24,"/apartamentos-venta-bavaro,-punta-cana/1268320/",1,1.5,1,US$,57800,Algonovo Real Estate,Bávaro, Punta Cana, Bávaro,Nueva,50,Residencial,NA,FALSE,TRUE,TRUE,FALSE,FALSE,FALSE,TRUE,FALSE,FALSE,57800
2022-01-24,"/apartamentos-venta-bavaro,-punta-cana/1265471/",1,1,1,US$,180000,Algonovo Real Estate,Bávaro, Punta Cana, Bávaro,Nueva,65,Residencial,2,FALSE,FALSE,TRUE,FALSE,FALSE,FALSE,TRUE,FALSE,TRUE,180000
2022-01-24,/apartamentos-venta-cap-cana/1264988/,1,2,1,US$,335000,Algonovo Real Estate,Cap Cana, Bávaro, Punta Cana,En Planos,155,Residencial,NA,TRUE,TRUE,TRUE,FALSE,FALSE,TRUE,TRUE,FALSE,TRUE,335000
2022-01-24,/apartamentos-venta-cortecito/1235547/,1,1,1,US$,150000,Algonovo Real Estate,Cortecito, Bávaro, Punta Cana,Segundo Uso,58,Residencial,1,TRUE,FALSE,TRUE,FALSE,FALSE,FALSE,TRUE,FALSE,FALSE,150000
2022-01-24,/apartamentos-venta-cortecito/1233272/,1,2,1,US$,259000,Algonovo Real Estate,Cortecito, Bávaro, Punta Cana,En Construcción,73,Residencial,NA,FALSE,TRUE,TRUE,FALSE,FALSE,TRUE,TRUE,FALSE,TRUE,259000
2022-01-24,/apartamentos-venta-el-cocotal/1246878/,2,2,3,US$,209000,Algonovo Real Estate,El Cocotal, Bávaro, Punta Cana,En Planos,125,Residencial,NA,TRUE,TRUE,TRUE,FALSE,FALSE,FALSE,TRUE,FALSE,TRUE,209000
2022-01-24,"/apartamentos-venta-bavaro,-punta-cana/1258855/",1,2,2,US$,198000,Algonovo Real Estate,Bávaro, Punta Cana, Bávaro,En Planos,110,Mixto,NA,TRUE,TRUE,TRUE,FALSE,FALSE,FALSE,TRUE,FALSE,TRUE,198000
2022-01-24,"/apartamentos-venta-bavaro,-punta-cana/1253951/",1,1,1,US$,159000,Algonovo Real Estate,Bávaro, Punta Cana, Bávaro,En Planos,65,Mixto,NA,TRUE,TRUE,TRUE,FALSE,FALSE,FALSE,FALSE,FALSE,FALSE,159000
2022-01-24,/apartamentos-venta-el-cocotal/1253822/,1,2,2,US$,255000,Algonovo Real Estate,El Cocotal, Bávaro, Punta Cana,En Planos,126,Residencial,NA,TRUE,TRUE,TRUE,FALSE,FALSE,FALSE,TRUE,FALSE,TRUE,255000
2022-01-24,"/apartamentos-venta-bavaro,-punta-cana/1245064/",1,2,2,US$,181000,Algonovo Real Estate,Bávaro, Punta Cana, Bávaro,Nueva,78,Residencial,1,TRUE,FALSE,TRUE,FALSE,FALSE,FALSE,TRUE,FALSE,FALSE,181000
2022-01-24,"/apartamentos-venta-bavaro,-punta-cana/1257719/",1,1,2,US$,82500,Algonovo Real Estate,Bávaro, Punta Cana, Bávaro,Segundo Uso,74,Residencial,NA,TRUE,TRUE,TRUE,FALSE,FALSE,FALSE,TRUE,FALSE,FALSE,82500
2022-01-24,"/apartamentos-venta-bavaro,-punta-cana/1237738/",1,2,2,US$,460000,Algonovo Real Estate,Bávaro, Punta Cana, Bávaro,Nueva,129,Residencial,NA,TRUE,TRUE,TRUE,FALSE,FALSE,FALSE,TRUE,FALSE,TRUE,460000
2022-01-24,/apartamentos-venta-pueblo-bavaro/1265499/,NA,NA,1,US$,45279,Seekers Inmobiliaria,Pueblo Bávaro, Bávaro, Punta Cana,En Construcción,49,Residencial,NA,FALSE,FALSE,TRUE,FALSE,FALSE,FALSE,FALSE,FALSE,FALSE,45279
2022-01-24,/apartamentos-venta-cap-cana/1265931/,NA,1,1,US$,239750,Seekers Inmobiliaria,Cap Cana, Bávaro, Punta Cana,En Construcción,65,Residencial,NA,FALSE,FALSE,FALSE,FALSE,FALSE,FALSE,FALSE,FALSE,TRUE,239750
2022-01-24,"/apartamentos-venta-bavaro,-punta-cana/1254925/",1,1,1,US$,215000,Seekers Inmobiliaria,Bávaro, Punta Cana, Bávaro,En Construcción,97,Residencial,NA,FALSE,TRUE,TRUE,FALSE,FALSE,TRUE,FALSE,TRUE,TRUE,215000
2022-01-24,/apartamentos-venta-costa-bavaro/1262767/,NA,NA,2,US$,178000,Seekers Inmobiliaria,Costa Bavaro, Bávaro, Punta Cana,En Construcción,92,Residencial,NA,FALSE,TRUE,TRUE,FALSE,TRUE,FALSE,FALSE,FALSE,FALSE,178000
2022-01-24,"/apartamentos-venta-bavaro,-punta-cana/1254074/",2,4,3,US$,415000,Seekers Inmobiliaria,Bávaro, Punta Cana, Bávaro,En Construcción,193,Residencial,NA,FALSE,TRUE,TRUE,FALSE,TRUE,TRUE,FALSE,FALSE,TRUE,415000
2022-01-24,"/apartamentos-venta-bavaro,-punta-cana/1254072/",1,1,1,US$,159000,Seekers Inmobiliaria,Bávaro, Punta Cana, Bávaro,En Construcción,66,Residencial,NA,FALSE,TRUE,TRUE,FALSE,TRUE,TRUE,FALSE,FALSE,TRUE,159000
2022-01-24,"/apartamentos-venta-bavaro,-punta-cana/1254073/",1,2,2,US$,273000,Seekers Inmobiliaria,Bávaro, Punta Cana, Bávaro,En Construcción,127,Residencial,NA,FALSE,TRUE,TRUE,FALSE,TRUE,TRUE,FALSE,FALSE,TRUE,273000
2022-01-24,"/apartamentos-venta-bavaro,-punta-cana/1252935/",1,2,2,US$,92400,Seekers Inmobiliaria,Bávaro, Punta Cana, Bávaro,En Construcción,66,Residencial,NA,FALSE,FALSE,TRUE,FALSE,FALSE,FALSE,FALSE,FALSE,TRUE,92400
2022-01-24,"/apartamentos-venta-bavaro,-punta-cana/1253172/",1,NA,3,US$,127400,Seekers Inmobiliaria,Bávaro, Punta Cana, Bávaro,En Construcción,98,Residencial,NA,FALSE,FALSE,TRUE,FALSE,FALSE,FALSE,FALSE,FALSE,TRUE,127400
2022-01-24,"/apartamentos-venta-bavaro,-punta-cana/1260292/",1,2,1,US$,67892,Seekers Inmobiliaria,Bávaro, Punta Cana, Bávaro,En Construcción,64,Residencial,NA,FALSE,TRUE,TRUE,FALSE,FALSE,TRUE,FALSE,TRUE,TRUE,67892
2022-01-24,"/apartamentos-venta-bavaro,-punta-cana/1266468/",1,1.5,1,US$,103845,Seekers Inmobiliaria,Bávaro, Punta Cana, Bávaro,En Construcción,55,Residencial,3,FALSE,FALSE,TRUE,FALSE,FALSE,TRUE,FALSE,FALSE,TRUE,103845
2022-01-24,"/apartamentos-venta-bavaro,-punta-cana/1255209/",1,2,2,US$,273000,Seekers Inmobiliaria,Bávaro, Punta Cana, Bávaro,En Construcción,127,Residencial,NA,FALSE,FALSE,TRUE,FALSE,TRUE,TRUE,FALSE,FALSE,TRUE,273000
2022-01-24,"/apartamentos-venta-bavaro,-punta-cana/1260295/",2,2.5,3,US$,127392,Seekers Inmobiliaria,Bávaro, Punta Cana, Bávaro,En Construcción,125,Residencial,NA,FALSE,TRUE,TRUE,FALSE,FALSE,TRUE,FALSE,TRUE,TRUE,127392
2022-01-24,/apartamentos-venta-costa-bavaro/1234327/,NA,3.5,3,US$,580000,Seekers Inmobiliaria,Costa Bavaro, Bávaro, Punta Cana,Nueva,268,Residencial,2,FALSE,FALSE,TRUE,FALSE,FALSE,FALSE,TRUE,FALSE,FALSE,580000
2022-01-24,"/apartamentos-venta-bavaro,-punta-cana/1254924/",1,1,1,US$,159000,Seekers Inmobiliaria,Bávaro, Punta Cana, Bávaro,En Construcción,66,Residencial,NA,FALSE,TRUE,TRUE,FALSE,FALSE,TRUE,FALSE,TRUE,TRUE,159000
2022-01-24,"/apartamentos-venta-bavaro,-punta-cana/1265468/",NA,2,2,US$,230000,Seekers Inmobiliaria,Bávaro, Punta Cana, Bávaro,Nueva,100,Residencial,NA,FALSE,FALSE,FALSE,FALSE,FALSE,FALSE,FALSE,FALSE,FALSE,230000
2022-01-24,"/apartamentos-venta-bavaro,-punta-cana/1265470/",NA,2,2,US$,230000,Seekers Inmobiliaria,Bávaro, Punta Cana, Bávaro,Nueva,93,Residencial,NA,FALSE,FALSE,TRUE,FALSE,FALSE,FALSE,FALSE,FALSE,FALSE,230000
2022-01-24,"/apartamentos-venta-bavaro,-punta-cana/1234319/",NA,3,3,US$,830000,Seekers Inmobiliaria,Bávaro, Punta Cana, Bávaro,Nueva,328,Residencial,NA,FALSE,FALSE,FALSE,FALSE,FALSE,FALSE,FALSE,FALSE,FALSE,830000
2022-01-24,/apartamentos-venta-costa-bavaro/1265738/,2,2,2,US$,239000,Seekers Inmobiliaria,Costa Bavaro, Bávaro, Punta Cana,En Construcción,122,Comercial,NA,FALSE,FALSE,TRUE,FALSE,FALSE,FALSE,FALSE,TRUE,FALSE,239000
2022-01-24,"/apartamentos-venta-bavaro,-punta-cana/1255918/",NA,1,1,US$,109450,Seekers Inmobiliaria,Bávaro, Punta Cana, Bávaro,En Construcción,28,Residencial,NA,FALSE,FALSE,TRUE,FALSE,FALSE,FALSE,FALSE,FALSE,FALSE,109450
2022-01-24,"/apartamentos-venta-bavaro,-punta-cana/1265493/",1,NA,1,US$,57000,Seekers Inmobiliaria,Bávaro, Punta Cana, Bávaro,En Construcción,64,Residencial,NA,FALSE,FALSE,TRUE,FALSE,FALSE,FALSE,FALSE,FALSE,FALSE,57000
2022-01-24,/apartamentos-venta-cap-cana/1265492/,NA,NA,1,US$,335000,Seekers Inmobiliaria,Cap Cana, Bávaro, Punta Cana,En Construcción,155,Residencial,NA,FALSE,TRUE,TRUE,FALSE,FALSE,TRUE,FALSE,FALSE,FALSE,335000
2022-01-24,/apartamentos-venta-cap-cana/1257332/,1,2,1,US$,210475,Seekers Inmobiliaria,Cap Cana, Bávaro, Punta Cana,En Construcción,97,Residencial,NA,FALSE,FALSE,TRUE,FALSE,FALSE,TRUE,FALSE,TRUE,TRUE,210475
2022-01-24,/apartamentos-venta-punta-cana/1237236/,NA,1,1,US$,187499,Seekers Inmobiliaria,Punta Cana, Bávaro, Punta Cana,En Construcción,50,Residencial,NA,FALSE,TRUE,TRUE,FALSE,FALSE,TRUE,FALSE,FALSE,FALSE,187499
2022-01-24,/apartamentos-venta-punta-cana/1237235/,NA,1,1,US$,132999,Seekers Inmobiliaria,Punta Cana, Bávaro, Punta Cana,En Construcción,55,Residencial,NA,FALSE,FALSE,TRUE,FALSE,FALSE,TRUE,FALSE,FALSE,TRUE,132999
2022-01-24,"/apartamentos-venta-bavaro,-punta-cana/1237441/",NA,2,1,US$,89500,Seekers Inmobiliaria,Bávaro, Punta Cana, Bávaro,En Construcción,70,Residencial,NA,FALSE,FALSE,TRUE,FALSE,FALSE,FALSE,FALSE,FALSE,TRUE,89500
2022-01-24,"/apartamentos-venta-bavaro,-punta-cana/1237442/",NA,3,3,US$,179000,Seekers Inmobiliaria,Bávaro, Punta Cana, Bávaro,Nueva,151,Residencial,NA,FALSE,FALSE,TRUE,FALSE,FALSE,FALSE,FALSE,FALSE,TRUE,179000
2022-01-24,/apartamentos-venta-punta-cana/1237246/,1,1,1,US$,119500,Seekers Inmobiliaria,Punta Cana, Bávaro, Punta Cana,En Construcción,60,Residencial,NA,FALSE,FALSE,TRUE,FALSE,TRUE,TRUE,FALSE,TRUE,TRUE,119500
2022-01-24,/apartamentos-venta-punta-cana/1237234/,NA,1,1,US$,190599,Seekers Inmobiliaria,Punta Cana, Bávaro, Punta Cana,En Construcción,64,Residencial,NA,FALSE,FALSE,TRUE,FALSE,FALSE,FALSE,FALSE,FALSE,FALSE,190599
2022-01-24,"/apartamentos-venta-bavaro,-punta-cana/1254921/",1,2,2,US$,273000,Seekers Inmobiliaria,Bávaro, Punta Cana, Bávaro,En Construcción,127,Residencial,NA,FALSE,TRUE,TRUE,FALSE,TRUE,TRUE,FALSE,TRUE,TRUE,273000
2022-01-24,/apartamentos-venta-punta-cana/1237233/,NA,1,1,US$,161399,Seekers Inmobiliaria,Punta Cana, Bávaro, Punta Cana,En Construcción,75,Residencial,NA,FALSE,FALSE,TRUE,FALSE,TRUE,FALSE,FALSE,TRUE,TRUE,161399
2022-01-24,/apartamentos-venta-el-cocotal/1264126/,NA,2,2,US$,195000,Seekers Inmobiliaria,El Cocotal, Bávaro, Punta Cana,En Construcción,91,Residencial,NA,FALSE,TRUE,TRUE,FALSE,FALSE,FALSE,FALSE,FALSE,FALSE,195000
2022-01-24,/apartamentos-venta-costa-bavaro/1264128/,NA,NA,2,US$,195000,Seekers Inmobiliaria,Costa Bavaro, Bávaro, Punta Cana,En Construcción,75,Residencial,NA,FALSE,TRUE,TRUE,FALSE,TRUE,FALSE,FALSE,FALSE,FALSE,195000
2022-01-24,"/apartamentos-venta-bavaro,-punta-cana/1260293/",2,2,2,US$,94512,Seekers Inmobiliaria,Bávaro, Punta Cana, Bávaro,En Construcción,95,Residencial,NA,FALSE,TRUE,TRUE,FALSE,FALSE,TRUE,FALSE,TRUE,TRUE,94512
2022-01-24,/apartamentos-venta-bavaro/1249481/,1,2,2,US$,280000,Seekers Inmobiliaria,Bávaro, Bávaro, Punta Cana,En Construcción,130,Residencial,NA,FALSE,TRUE,TRUE,FALSE,TRUE,FALSE,FALSE,FALSE,FALSE,280000
2022-01-24,"/apartamentos-venta-bavaro,-punta-cana/1253459/",NA,3,3,US$,380000,Seekers Inmobiliaria,Bávaro, Punta Cana, Bávaro,Nueva,192,Residencial,NA,FALSE,FALSE,TRUE,FALSE,FALSE,FALSE,FALSE,FALSE,FALSE,380000
2022-01-24,"/apartamentos-venta-bavaro,-punta-cana/1243795/",NA,2,3,US$,380000,Mudate,Bávaro, Punta Cana, Bávaro,Nueva,270,Residencial,NA,FALSE,FALSE,FALSE,FALSE,FALSE,FALSE,FALSE,FALSE,FALSE,380000
2022-01-24,"/apartamentos-venta-bavaro,-punta-cana/1243730/",NA,2,2,US$,213,Mudate,Bávaro, Punta Cana, Bávaro,Nueva,136,Residencial,NA,FALSE,FALSE,FALSE,FALSE,FALSE,FALSE,FALSE,FALSE,FALSE,213
2022-01-24,/apartamentos-venta-cap-cana/1243710/,2,2.5,2,US$,266750,Mudate,Cap Cana, Bávaro, Punta Cana,Nueva,132,Residencial,NA,FALSE,FALSE,FALSE,FALSE,FALSE,FALSE,FALSE,FALSE,FALSE,266750
2022-01-24,/apartamentos-venta-cap-cana/1243711/,1,1,1,US$,178500,Mudate,Cap Cana, Bávaro, Punta Cana,Nueva,75,Residencial,NA,FALSE,FALSE,FALSE,FALSE,FALSE,FALSE,FALSE,FALSE,FALSE,178500
2022-01-24,"/apartamentos-venta-bavaro,-punta-cana/1243781/",1,2,2,US$,92000,Mudate,Bávaro, Punta Cana, Bávaro,Nueva,90,Residencial,NA,FALSE,FALSE,FALSE,FALSE,FALSE,FALSE,FALSE,FALSE,FALSE,92000
2022-01-24,"/apartamentos-venta-bavaro,-punta-cana/1243778/",2,2,2,US$,136000,Mudate,Bávaro, Punta Cana, Bávaro,Nueva,119,Residencial,NA,FALSE,FALSE,FALSE,FALSE,FALSE,FALSE,FALSE,FALSE,FALSE,136000
2022-01-24,"/apartamentos-venta-bavaro,-punta-cana/1243798/",1,2,2,US$,172000,Mudate,Bávaro, Punta Cana, Bávaro,Nueva,104,Residencial,NA,FALSE,FALSE,FALSE,FALSE,FALSE,FALSE,FALSE,FALSE,FALSE,172000
2022-01-24,"/apartamentos-venta-bavaro,-punta-cana/1243761/",NA,2,2,US$,318000,Mudate,Bávaro, Punta Cana, Bávaro,Nueva,136,Residencial,NA,FALSE,FALSE,FALSE,FALSE,FALSE,FALSE,FALSE,FALSE,FALSE,318000
2022-01-24,"/apartamentos-venta-bavaro,-punta-cana/1243764/",2,2,3,US$,225000,Mudate,Bávaro, Punta Cana, Bávaro,Nueva,259,Residencial,NA,FALSE,FALSE,FALSE,FALSE,FALSE,FALSE,FALSE,FALSE,FALSE,225000
2022-01-24,"/apartamentos-venta-bavaro,-punta-cana/1243769/",NA,1,1,US$,99500,Mudate,Bávaro, Punta Cana, Bávaro,Nueva,40,Residencial,NA,FALSE,FALSE,FALSE,FALSE,FALSE,FALSE,FALSE,FALSE,FALSE,99500
2022-01-24,"/apartamentos-venta-bavaro,-punta-cana/1243705/",2,2.5,2,US$,120135,Mudate,Bávaro, Punta Cana, Bávaro,Nueva,146,Residencial,NA,FALSE,FALSE,FALSE,FALSE,FALSE,FALSE,FALSE,FALSE,FALSE,120135
2022-01-24,/apartamentos-venta-residencial-costa-bavaro/1254195/,1,1,1,US$,149950,Olima Real Estate,Residencial Costa Bávaro, Bávaro, Punta Cana,Segundo Uso,NA,N/D,1,FALSE,FALSE,TRUE,FALSE,FALSE,FALSE,TRUE,FALSE,FALSE,149950
2022-01-24,/apartamentos-venta-pueblo-bavaro/1254197/,1,2,2,US$,72850,Olima Real Estate,Pueblo Bávaro, Bávaro, Punta Cana,Segundo Uso,106,Residencial,4,TRUE,FALSE,TRUE,FALSE,FALSE,FALSE,TRUE,FALSE,FALSE,72850
2022-01-24,"/apartamentos-venta-bavaro,-punta-cana/1254268/",2,1,2,US$,64500,Olima Real Estate,Bávaro, Punta Cana, Bávaro,En Planos,73,Residencial,3,FALSE,FALSE,TRUE,TRUE,TRUE,FALSE,TRUE,FALSE,FALSE,64500
2022-01-24,"/apartamentos-venta-bavaro,-punta-cana/1239138/",NA,2,2,US$,185000,Remax Metropolitana ,Bávaro, Punta Cana, Bávaro,En Construcción,106,Residencial,2,TRUE,TRUE,TRUE,FALSE,FALSE,FALSE,TRUE,FALSE,FALSE,185000
2022-01-24,"/apartamentos-venta-bavaro,-punta-cana/1209871/",1,1.5,1,US$,119000,Ciudad Inmobiliaria ,Bávaro, Punta Cana, Bávaro,En Construcción,60,Residencial,NA,TRUE,TRUE,TRUE,TRUE,TRUE,TRUE,TRUE,TRUE,TRUE,119000
2022-01-24,"/apartamentos-venta-bavaro,-punta-cana/1210885/",2,2,2,US$,250000,Ciudad Inmobiliaria ,Bávaro, Punta Cana, Bávaro,En Planos,132,Residencial,NA,TRUE,TRUE,TRUE,FALSE,TRUE,TRUE,TRUE,TRUE,FALSE,250000
2022-01-24,/apartamentos-venta-cabeza-de-toro/1240894/,NA,2,2,US$,104000,Tu Casa RD,Cabeza de Toro, Bávaro, Punta Cana,En Construcción,90,Residencial,NA,FALSE,FALSE,TRUE,TRUE,FALSE,TRUE,TRUE,FALSE,TRUE,104000
2022-01-24,/apartamentos-venta-veron/1250905/,1,1.5,1,US$,49500,Tu Casa RD,Verón, Bávaro, Punta Cana,En Construcción,43,Residencial,6,TRUE,TRUE,FALSE,FALSE,FALSE,TRUE,TRUE,FALSE,TRUE,49500
2022-01-24,/apartamentos-venta-el-cocotal/1266950/,1,2.5,2,US$,239000,Tu Casa RD,El Cocotal, Bávaro, Punta Cana,En Construcción,NA,Residencial,NA,FALSE,FALSE,TRUE,TRUE,FALSE,TRUE,TRUE,FALSE,FALSE,239000
2022-01-24,/apartamentos-venta-cabeza-de-toro/1266909/,1,1.5,1,US$,87500,Tu Casa RD,Cabeza de Toro, Bávaro, Punta Cana,En Construcción,50,Residencial,5,FALSE,TRUE,TRUE,FALSE,TRUE,TRUE,TRUE,FALSE,TRUE,87500
2022-01-24,"/apartamentos-venta-bavaro,-punta-cana/1238867/",1,1.5,1,US$,44150,Tu Casa RD,Bávaro, Punta Cana, Bávaro,En Planos,48,Residencial,4,FALSE,TRUE,TRUE,TRUE,FALSE,FALSE,TRUE,FALSE,TRUE,44150
2022-01-24,/apartamentos-venta-bavaro-y-punta-cana-general/1242041/,1,1,1,US$,114998,Tu Casa RD,Bávaro y Punta Cana (General), Bávaro, Punta Cana,En Construcción,54,Residencial,NA,FALSE,TRUE,TRUE,FALSE,FALSE,TRUE,TRUE,FALSE,TRUE,114998
2022-01-24,"/apartamentos-venta-bavaro,-punta-cana/1255871/",1,1,1,US$,159000,Tu Casa RD,Bávaro, Punta Cana, Bávaro,En Construcción,148,Residencial,3,FALSE,FALSE,FALSE,FALSE,FALSE,TRUE,TRUE,FALSE,FALSE,159000
2022-01-24,/apartamentos-venta-bavaro-y-punta-cana-general/1238944/,1,1.5,1,US$,149000,Tu Casa RD,Bávaro y Punta Cana (General), Bávaro, Punta Cana,En Construcción,60,Residencial,NA,FALSE,FALSE,TRUE,TRUE,FALSE,TRUE,TRUE,FALSE,FALSE,149000
2022-01-24,/apartamentos-venta-cap-cana/1252959/,1,2,1,US$,240000,Tu Casa RD,Cap Cana, Bávaro, Punta Cana,En Construcción,144,Residencial,3,TRUE,TRUE,TRUE,TRUE,FALSE,TRUE,TRUE,FALSE,TRUE,240000
2022-01-24,/apartamentos-venta-cap-cana/1259855/,NA,3.5,3,US$,315000,Premium Real Estate,Cap Cana, Bávaro, Punta Cana,En Construcción,275,Mixto,NA,FALSE,FALSE,TRUE,FALSE,FALSE,FALSE,TRUE,FALSE,TRUE,315000
2022-01-24,/apartamentos-venta-bavaro-y-punta-cana-general/1255067/,1,1.5,1,US$,149000,Top International Realty,Bávaro y Punta Cana (General), Bávaro, Punta Cana,Nueva,85,Residencial,NA,TRUE,TRUE,TRUE,TRUE,FALSE,TRUE,TRUE,TRUE,TRUE,149000
2022-01-24,/apartamentos-venta-cap-cana/1217704/,2,2,1,US$,199000,Top International Realty,Cap Cana, Bávaro, Punta Cana,Nueva,96,Residencial,4,TRUE,TRUE,TRUE,TRUE,TRUE,TRUE,TRUE,TRUE,TRUE,199000
2022-01-24,"/apartamentos-venta-bavaro,-punta-cana/1254089/",1,1,1,US$,149000,Seekers Inmobiliaria,Bávaro, Punta Cana, Bávaro,En Construcción,66,Residencial,4,TRUE,FALSE,TRUE,FALSE,FALSE,FALSE,TRUE,FALSE,TRUE,149000
2022-01-24,"/apartamentos-venta-bavaro,-punta-cana/1253718/",1,2,2,US$,92400,Seekers Inmobiliaria,Bávaro, Punta Cana, Bávaro,En Construcción,62,Residencial,NA,FALSE,FALSE,TRUE,FALSE,FALSE,FALSE,FALSE,FALSE,TRUE,92400
2022-01-24,/apartamentos-venta-costa-bavaro/1265793/,2,2,2,US$,239000,Seekers Inmobiliaria,Costa Bavaro, Bávaro, Punta Cana,En Construcción,122,Residencial,NA,TRUE,TRUE,TRUE,FALSE,FALSE,FALSE,FALSE,TRUE,FALSE,239000
2022-01-24,"/apartamentos-venta-bavaro,-punta-cana/1267626/",1,1,1,US$,54891,Premium Real Estate,Bávaro, Punta Cana, Bávaro,En Construcción,44,Residencial,NA,FALSE,FALSE,TRUE,FALSE,FALSE,FALSE,FALSE,FALSE,TRUE,54891
2022-01-24,/apartamentos-venta-cortecito/1261290/,1,1.5,1,US$,169000,CityMax Santo Domingo,Cortecito, Bávaro, Punta Cana,En Construcción,69,Residencial,2,FALSE,FALSE,TRUE,FALSE,FALSE,FALSE,FALSE,FALSE,FALSE,169000
2022-01-24,/apartamentos-venta-bavaro/1268169/,2,3.5,3,US$,475000,CityMax Santo Domingo,Bávaro, Bávaro, Punta Cana,En Construcción,233,Residencial,1,TRUE,FALSE,TRUE,FALSE,FALSE,TRUE,TRUE,TRUE,TRUE,475000
2022-01-24,"/apartamentos-venta-bavaro,-punta-cana/1248655/",1,2.5,2,US$,82000,Stephanie  Peña,Bávaro, Punta Cana, Bávaro,En Construcción,110,Residencial,5,FALSE,FALSE,FALSE,FALSE,FALSE,FALSE,FALSE,FALSE,FALSE,82000
2022-01-24,/apartamentos-venta-cap-cana/1264991/,1,2,1,US$,355000,Algonovo Real Estate,Cap Cana, Bávaro, Punta Cana,En Construcción,160,Residencial,NA,FALSE,TRUE,TRUE,FALSE,FALSE,FALSE,TRUE,FALSE,TRUE,355000
2022-01-24,/apartamentos-venta-el-cocotal/1266476/,NA,2,2,US$,140000,Algonovo Real Estate,El Cocotal, Bávaro, Punta Cana,Segundo Uso,128,Residencial,2,FALSE,FALSE,TRUE,FALSE,FALSE,FALSE,TRUE,FALSE,FALSE,140000
2022-01-24,"/apartamentos-venta-bavaro,-punta-cana/1264029/",NA,1,1,US$,175000,Algonovo Real Estate,Bávaro, Punta Cana, Bávaro,Nueva,70,Residencial,2,FALSE,FALSE,TRUE,FALSE,FALSE,FALSE,TRUE,FALSE,TRUE,175000
2022-01-24,"/apartamentos-venta-bavaro,-punta-cana/1264138/",2,2,2,US$,250000,Algonovo Real Estate,Bávaro, Punta Cana, Bávaro,Segundo Uso,150,Residencial,2,FALSE,FALSE,FALSE,FALSE,FALSE,FALSE,FALSE,FALSE,FALSE,250000
2022-01-24,"/apartamentos-venta-bavaro,-punta-cana/1246674/",NA,2,3,US$,200000,Algonovo Real Estate,Bávaro, Punta Cana, Bávaro,En Construcción,200,Residencial,NA,FALSE,FALSE,TRUE,FALSE,FALSE,FALSE,TRUE,FALSE,FALSE,200000
2022-01-24,"/apartamentos-venta-bavaro,-punta-cana/1253811/",1,2,2,US$,215000,CityMax Santo Domingo,Bávaro, Punta Cana, Bávaro,En Construcción,126,Residencial,2,FALSE,TRUE,TRUE,FALSE,FALSE,TRUE,TRUE,FALSE,FALSE,215000
2022-01-24,/apartamentos-venta-bavaro-y-punta-cana-general/1253238/,1,1,1,US$,225000,CityMax Santo Domingo,Bávaro y Punta Cana (General), Bávaro, Punta Cana,En Construcción,76,Residencial,4,TRUE,TRUE,TRUE,FALSE,TRUE,FALSE,TRUE,TRUE,TRUE,225000
2022-01-24,"/apartamentos-venta-bavaro,-punta-cana/1232390/",2,NA,2,US$,104000,Inmobiliaria Grupal,Bávaro, Punta Cana, Bávaro,Nueva,90,Mixto,2,TRUE,FALSE,TRUE,TRUE,TRUE,FALSE,TRUE,TRUE,TRUE,104000
2022-01-24,"/apartamentos-venta-bavaro,-punta-cana/1267548/",NA,2,2,US$,54000,Capital Home,Bávaro, Punta Cana, Bávaro,En Construcción,60,Residencial,NA,FALSE,FALSE,FALSE,FALSE,FALSE,FALSE,FALSE,FALSE,FALSE,54000
2022-01-24,"/apartamentos-venta-bavaro,-punta-cana/1267547/",1,1,2,US$,47000,Capital Home,Bávaro, Punta Cana, Bávaro,En Construcción,55,Residencial,NA,FALSE,FALSE,FALSE,FALSE,FALSE,FALSE,TRUE,FALSE,FALSE,47000
2022-01-24,/apartamentos-venta-avenida-espana/1262232/,NA,NA,1,US$,159000,Capital Home,Avenida España, Bávaro, Punta Cana,En Construcción,65,Residencial,NA,FALSE,FALSE,FALSE,FALSE,FALSE,FALSE,FALSE,FALSE,FALSE,159000
2022-01-24,/apartamentos-venta-bavaro/1265563/,2,NA,2,US$,239000,Capital Home,Bávaro, Bávaro, Punta Cana,En Construcción,122,Residencial,NA,FALSE,TRUE,TRUE,FALSE,FALSE,FALSE,TRUE,TRUE,FALSE,239000
2022-01-24,/apartamentos-venta-avenida-espana/1262231/,NA,NA,1,US$,164000,Capital Home,Avenida España, Bávaro, Punta Cana,En Construcción,75,Residencial,NA,FALSE,FALSE,FALSE,FALSE,FALSE,FALSE,FALSE,FALSE,FALSE,164000
2022-01-24,/apartamentos-venta-avenida-espana/1262234/,NA,NA,NA,US$,100000,Capital Home,Avenida España, Bávaro, Punta Cana,En Construcción,90,Residencial,NA,FALSE,FALSE,FALSE,FALSE,FALSE,FALSE,FALSE,FALSE,FALSE,100000
2022-01-24,/apartamentos-venta-bavaro/1266042/,1,1.5,1,US$,57800,Algonovo Real Estate,Bávaro, Bávaro, Punta Cana,Nueva,50,Residencial,NA,FALSE,TRUE,TRUE,FALSE,TRUE,FALSE,TRUE,FALSE,FALSE,57800
2022-01-24,/apartamentos-venta-cortecito/1237690/,1,2.5,2,US$,356000,Algonovo Real Estate,Cortecito, Bávaro, Punta Cana,En Planos,140,Residencial,NA,FALSE,TRUE,TRUE,FALSE,TRUE,TRUE,TRUE,TRUE,TRUE,356000
2022-01-24,/apartamentos-venta-bavaro/1237759/,NA,1,1,US$,150000,Algonovo Real Estate,Bávaro, Bávaro, Punta Cana,Segundo Uso,70,Residencial,NA,FALSE,FALSE,TRUE,FALSE,FALSE,FALSE,TRUE,FALSE,FALSE,150000
2022-01-24,/apartamentos-venta-costa-bavaro/1265731/,1,2,2,US$,250000,Algonovo Real Estate,Costa Bavaro, Bávaro, Punta Cana,Nueva,112,Residencial,3,FALSE,TRUE,TRUE,FALSE,TRUE,TRUE,TRUE,FALSE,TRUE,250000
2022-01-24,/apartamentos-venta-costa-bavaro/1257692/,1,1,2,US$,82500,Algonovo Real Estate,Costa Bavaro, Bávaro, Punta Cana,Nueva,74,Residencial,4,FALSE,TRUE,TRUE,FALSE,FALSE,TRUE,TRUE,FALSE,FALSE,82500
2022-01-24,/apartamentos-venta-cap-cana/1254067/,1,3,2,US$,500000,Algonovo Real Estate,Cap Cana, Bávaro, Punta Cana,Segundo Uso,245,N/D,2,TRUE,TRUE,TRUE,FALSE,TRUE,FALSE,TRUE,FALSE,FALSE,500000
2022-01-24,/apartamentos-venta-el-cocotal/1237314/,2,3.5,3,US$,380000,Algonovo Real Estate,El Cocotal, Bávaro, Punta Cana,Nueva,191,Residencial,NA,FALSE,FALSE,TRUE,FALSE,FALSE,FALSE,TRUE,FALSE,FALSE,380000
2022-01-24,"/apartamentos-venta-bavaro,-punta-cana/1256764/",1,1,1,US$,159000,Algonovo Real Estate,Bávaro, Punta Cana, Bávaro,En Planos,65,Mixto,NA,TRUE,TRUE,TRUE,FALSE,FALSE,TRUE,FALSE,FALSE,FALSE,159000
2022-01-24,"/apartamentos-venta-bavaro,-punta-cana/1237445/",1,2,2,US$,298000,Algonovo Real Estate,Bávaro, Punta Cana, Bávaro,Nueva,149,Residencial,1,FALSE,FALSE,TRUE,FALSE,TRUE,FALSE,FALSE,FALSE,TRUE,298000
2022-01-24,/apartamentos-venta-bavaro-y-punta-cana-general/1237718/,NA,2.5,2,US$,238680,Algonovo Real Estate,Bávaro y Punta Cana (General), Bávaro, Punta Cana,Nueva,122,Residencial,NA,FALSE,FALSE,TRUE,FALSE,FALSE,TRUE,TRUE,FALSE,TRUE,238680
2022-01-24,/apartamentos-venta-cortecito/1237317/,1,1,1,US$,150000,Algonovo Real Estate,Cortecito, Bávaro, Punta Cana,Segundo Uso,58,Residencial,NA,TRUE,FALSE,TRUE,FALSE,FALSE,FALSE,TRUE,FALSE,FALSE,150000
2022-01-24,"/apartamentos-venta-bavaro,-punta-cana/1251725/",NA,2,3,US$,180000,Algonovo Real Estate,Bávaro, Punta Cana, Bávaro,Segundo Uso,102,Residencial,NA,FALSE,FALSE,FALSE,FALSE,FALSE,FALSE,TRUE,FALSE,FALSE,180000
2022-01-24,/apartamentos-venta-cortecito/1237316/,1,2,1,US$,259000,Algonovo Real Estate,Cortecito, Bávaro, Punta Cana,En Planos,73,Residencial,NA,TRUE,TRUE,TRUE,FALSE,FALSE,TRUE,TRUE,FALSE,TRUE,259000
2022-01-24,/apartamentos-venta-cap-cana/1253037/,1,1,1,US$,195000,KW Norte Realty,Cap Cana, Bávaro, Punta Cana,Segundo Uso,130,Residencial,1,FALSE,FALSE,FALSE,FALSE,FALSE,TRUE,TRUE,TRUE,FALSE,195000
2022-01-24,/apartamentos-venta-bavaro/1266121/,2,2,2,US$,275000,Dreamhome Real Estate,Bávaro, Bávaro, Punta Cana,En Construcción,147,Mixto,NA,TRUE,TRUE,TRUE,FALSE,TRUE,FALSE,TRUE,FALSE,TRUE,275000
2022-01-24,/apartamentos-venta-costa-bavaro/1266120/,2,3.5,3,US$,885000,Dreamhome Real Estate,Costa Bavaro, Bávaro, Punta Cana,En Construcción,259,Mixto,NA,TRUE,TRUE,TRUE,FALSE,TRUE,TRUE,TRUE,FALSE,FALSE,885000
2022-01-24,/apartamentos-venta-costa-bavaro/1266115/,2,3.5,3,US$,271500,Dreamhome Real Estate,Costa Bavaro, Bávaro, Punta Cana,Nueva,156,Mixto,NA,TRUE,FALSE,TRUE,FALSE,TRUE,FALSE,TRUE,FALSE,FALSE,271500
2022-01-24,/apartamentos-venta-costa-bavaro/1265579/,NA,2,3,US$,830000,FELIX CRUZ BROKERS SRL,Costa Bavaro, Bávaro, Punta Cana,En Construcción,NA,Residencial,NA,FALSE,FALSE,TRUE,FALSE,FALSE,FALSE,FALSE,FALSE,FALSE,830000
2022-01-24,"/apartamentos-venta-bavaro,-punta-cana/1265590/",NA,2,2,US$,255000,FELIX CRUZ BROKERS SRL,Bávaro, Punta Cana, Bávaro,En Construcción,138,Residencial,NA,FALSE,FALSE,TRUE,FALSE,FALSE,FALSE,FALSE,FALSE,FALSE,255000
2022-01-24,"/apartamentos-venta-bavaro,-punta-cana/1265478/",NA,NA,1,US$,254000,FELIX CRUZ BROKERS SRL,Bávaro, Punta Cana, Bávaro,En Construcción,136,Residencial,NA,FALSE,FALSE,TRUE,FALSE,FALSE,FALSE,FALSE,FALSE,FALSE,254000
2022-01-24,"/apartamentos-venta-bavaro,-punta-cana/1265592/",NA,2,3,US$,271500,FELIX CRUZ BROKERS SRL,Bávaro, Punta Cana, Bávaro,En Construcción,149,Residencial,NA,FALSE,FALSE,TRUE,FALSE,FALSE,FALSE,FALSE,FALSE,FALSE,271500
2022-01-24,/apartamentos-venta-pueblo-bavaro/1260136/,1,1,1,US$,35000,FELIX CRUZ BROKERS SRL,Pueblo Bávaro, Bávaro, Punta Cana,Segundo Uso,50,Residencial,2,FALSE,FALSE,TRUE,FALSE,FALSE,FALSE,FALSE,FALSE,FALSE,35000
2022-01-24,"/apartamentos-venta-bavaro,-punta-cana/1258568/",2,2.5,2,US$,278000,Seekers Inmobiliaria,Bávaro, Punta Cana, Bávaro,Nueva,170,Residencial,NA,TRUE,TRUE,TRUE,TRUE,FALSE,TRUE,FALSE,FALSE,TRUE,278000
2022-01-24,/apartamentos-venta-cap-cana/1256916/,1,2,1,US$,261475,Seekers Inmobiliaria,Cap Cana, Bávaro, Punta Cana,En Construcción,97,Residencial,NA,TRUE,TRUE,TRUE,TRUE,TRUE,TRUE,FALSE,TRUE,TRUE,261475
2022-01-24,"/apartamentos-venta-bavaro,-punta-cana/1256919/",1,NA,2,US$,164500,Seekers Inmobiliaria,Bávaro, Punta Cana, Bávaro,En Construcción,89,Residencial,NA,TRUE,TRUE,TRUE,TRUE,TRUE,TRUE,TRUE,FALSE,TRUE,164500
2022-01-24,"/apartamentos-venta-bavaro,-punta-cana/1255214/",1,2,2,US$,299000,Seekers Inmobiliaria,Bávaro, Punta Cana, Bávaro,En Construcción,145,Mixto,NA,TRUE,TRUE,TRUE,TRUE,TRUE,TRUE,TRUE,FALSE,TRUE,299000
2022-01-24,"/apartamentos-venta-bavaro,-punta-cana/1254499/",1,2,2,US$,148500,Seekers Inmobiliaria,Bávaro, Punta Cana, Bávaro,En Construcción,77,Residencial,5,TRUE,TRUE,TRUE,TRUE,TRUE,TRUE,TRUE,FALSE,TRUE,148500
2022-01-24,"/apartamentos-venta-bavaro,-punta-cana/1258223/",NA,NA,NA,US$,159000,Premier Real Estate,Bávaro, Punta Cana, Bávaro,En Construcción,NA,Residencial,NA,FALSE,FALSE,FALSE,FALSE,FALSE,FALSE,FALSE,FALSE,FALSE,159000
2022-01-24,"/apartamentos-venta-bavaro,-punta-cana/1254013/",1,2,3,US$,149000,Techo Lindo,Bávaro, Punta Cana, Bávaro,Nueva,NA,Residencial,NA,FALSE,FALSE,TRUE,FALSE,FALSE,FALSE,TRUE,FALSE,TRUE,149000
2022-01-24,/apartamentos-venta-y-alquiler-white-sands/1255305/,NA,2.5,2,US$,115000,Mr. Home Asesores Inmobiliarios,White Sands, Bávaro, Punta Cana,Nueva,135,Residencial,NA,FALSE,FALSE,TRUE,FALSE,FALSE,FALSE,FALSE,FALSE,FALSE,115000
2022-01-24,/apartamentos-venta-veron/1248142/,2,2,2,US$,44000,Mr. Home Asesores Inmobiliarios,Verón, Bávaro, Punta Cana,Nueva,60,Residencial,4,FALSE,FALSE,FALSE,FALSE,FALSE,FALSE,FALSE,FALSE,FALSE,44000
2022-01-24,"/apartamentos-venta-bavaro,-punta-cana/1242490/",1,2,2,US$,89500,Bonillamultiservice,Bávaro, Punta Cana, Bávaro,En Construcción,NA,Mixto,1,FALSE,TRUE,TRUE,FALSE,TRUE,TRUE,TRUE,FALSE,FALSE,89500
2022-01-24,/apartamentos-venta-costa-bavaro/1265805/,NA,2,3,US$,155000,Bonillamultiservice,Costa Bavaro, Bávaro, Punta Cana,Nueva,NA,Residencial,NA,FALSE,FALSE,TRUE,FALSE,FALSE,FALSE,FALSE,FALSE,FALSE,155000
2022-01-24,"/apartamentos-venta-bavaro,-punta-cana/1242597/",1,2,2,US$,89000,Bonillamultiservice,Bávaro, Punta Cana, Bávaro,En Construcción,NA,Mixto,5,FALSE,TRUE,TRUE,FALSE,FALSE,TRUE,TRUE,FALSE,TRUE,89000
2022-01-24,"/apartamentos-venta-bavaro,-punta-cana/1242599/",1,2,2,US$,105000,Bonillamultiservice,Bávaro, Punta Cana, Bávaro,En Planos,NA,Mixto,NA,FALSE,TRUE,TRUE,FALSE,FALSE,FALSE,TRUE,FALSE,FALSE,105000
2022-01-24,/apartamentos-venta-costa-bavaro/1246201/,NA,NA,NA,US$,59000,Bonillamultiservice,Costa Bavaro, Bávaro, Punta Cana,Nueva,NA,Mixto,NA,FALSE,FALSE,TRUE,FALSE,FALSE,FALSE,FALSE,FALSE,FALSE,59000
2022-01-24,"/apartamentos-venta-bavaro,-punta-cana/1246014/",NA,1,1,US$,72618,Bonillamultiservice,Bávaro, Punta Cana, Bávaro,Nueva,56,Residencial,NA,FALSE,FALSE,FALSE,FALSE,FALSE,FALSE,FALSE,FALSE,FALSE,72618
2022-01-24,"/apartamentos-venta-bavaro,-punta-cana/1251377/",NA,NA,NA,US$,38000,Bonillamultiservice,Bávaro, Punta Cana, Bávaro,Nueva,NA,Residencial,NA,FALSE,FALSE,FALSE,FALSE,FALSE,FALSE,FALSE,FALSE,FALSE,38000
2022-01-24,"/apartamentos-venta-bavaro,-punta-cana/1242491/",NA,2,2,US$,220000,Bonillamultiservice,Bávaro, Punta Cana, Bávaro,En Construcción,NA,Comercial,NA,FALSE,TRUE,TRUE,FALSE,FALSE,FALSE,TRUE,FALSE,FALSE,220000
2022-01-24,/apartamentos-venta-bavaro/1254437/,1,2,1,US$,91855,Kaza Inmobiliaria,Bávaro, Bávaro, Punta Cana,En Construcción,64,Residencial,NA,TRUE,TRUE,TRUE,FALSE,TRUE,FALSE,TRUE,FALSE,FALSE,91855
2022-01-24,/apartamentos-venta-el-cocotal/1253050/,1,2,2,US$,215000,Algonovo Real Estate,El Cocotal, Bávaro, Punta Cana,En Planos,138,Residencial,NA,FALSE,TRUE,TRUE,FALSE,TRUE,TRUE,TRUE,FALSE,TRUE,215000
2022-01-24,"/apartamentos-venta-bavaro,-punta-cana/1253047/",2,2.5,2,US$,779000,Algonovo Real Estate,Bávaro, Punta Cana, Bávaro,En Planos,260,Residencial,NA,FALSE,FALSE,FALSE,FALSE,FALSE,FALSE,FALSE,FALSE,FALSE,779000
2022-01-24,"/apartamentos-venta-bavaro,-punta-cana/1253018/",1,2,1,US$,198000,Algonovo Real Estate,Bávaro, Punta Cana, Bávaro,En Planos,71,Residencial,NA,FALSE,TRUE,TRUE,FALSE,TRUE,FALSE,TRUE,FALSE,FALSE,198000
2022-01-24,/apartamentos-venta-el-cocotal/1253015/,1,3,3,US$,380000,Algonovo Real Estate,El Cocotal, Bávaro, Punta Cana,En Planos,191,Residencial,NA,FALSE,TRUE,TRUE,FALSE,TRUE,FALSE,TRUE,FALSE,TRUE,380000
2022-01-24,"/apartamentos-venta-bavaro,-punta-cana/1253017/",NA,3,3,US$,271500,Algonovo Real Estate,Bávaro, Punta Cana, Bávaro,En Planos,149,Residencial,3,FALSE,TRUE,TRUE,FALSE,TRUE,FALSE,TRUE,FALSE,TRUE,271500
2022-01-24,"/apartamentos-venta-bavaro,-punta-cana/1253006/",NA,2,2,US$,282000,Algonovo Real Estate,Bávaro, Punta Cana, Bávaro,Nueva,151,Residencial,NA,FALSE,TRUE,TRUE,FALSE,TRUE,FALSE,TRUE,FALSE,TRUE,282000
2022-01-24,/apartamentos-venta-cap-cana/1253696/,1,2,2,US$,500000,Algonovo Real Estate,Cap Cana, Bávaro, Punta Cana,Segundo Uso,245,Residencial,2,FALSE,TRUE,TRUE,FALSE,TRUE,TRUE,TRUE,TRUE,FALSE,500000
2022-01-24,/apartamentos-venta-cortecito/1252222/,1,1,1,US$,150000,Algonovo Real Estate,Cortecito, Bávaro, Punta Cana,Segundo Uso,94,Residencial,NA,FALSE,FALSE,TRUE,FALSE,FALSE,TRUE,TRUE,FALSE,FALSE,150000
2022-01-24,/apartamentos-venta-costa-bavaro/1245459/,2,2,2,US$,117000,Algonovo Real Estate,Costa Bavaro, Bávaro, Punta Cana,En Construcción,NA,Residencial,NA,TRUE,TRUE,TRUE,FALSE,TRUE,TRUE,FALSE,FALSE,TRUE,117000
2022-01-24,"/apartamentos-venta-bavaro,-punta-cana/1252217/",NA,2,2,US$,215000,Algonovo Real Estate,Bávaro, Punta Cana, Bávaro,Nueva,100,Mixto,NA,FALSE,TRUE,TRUE,FALSE,TRUE,FALSE,TRUE,FALSE,TRUE,215000
2022-01-24,/apartamentos-venta-melia-bavaro/1245403/,2,3.5,3,US$,1155000,Algonovo Real Estate,Meliá Bávaro, Bávaro, Punta Cana,En Construcción,460,Residencial,4,TRUE,TRUE,TRUE,FALSE,TRUE,TRUE,TRUE,TRUE,TRUE,1155000
2022-01-24,/apartamentos-venta-cap-cana/1245512/,2,2.5,2,US$,333500,Algonovo Real Estate,Cap Cana, Bávaro, Punta Cana,Nueva,159,Residencial,4,FALSE,TRUE,TRUE,FALSE,TRUE,FALSE,TRUE,TRUE,FALSE,333500
2022-01-24,/apartamentos-venta-bavaro-y-punta-cana-general/1252234/,2,4.5,4,US$,575000,Algonovo Real Estate,Bávaro y Punta Cana (General), Bávaro, Punta Cana,Nueva,230,Mixto,2,FALSE,TRUE,TRUE,FALSE,FALSE,TRUE,TRUE,FALSE,TRUE,575000
2022-01-24,"/apartamentos-venta-bavaro,-punta-cana/1252231/",NA,1,1,US$,310000,Algonovo Real Estate,Bávaro, Punta Cana, Bávaro,Segundo Uso,87,Residencial,NA,FALSE,TRUE,TRUE,FALSE,FALSE,FALSE,TRUE,FALSE,TRUE,310000
2022-01-24,/apartamentos-venta-punta-cana/1253080/,1,2,2,US$,123000,Algonovo Real Estate,Punta Cana, Bávaro, Punta Cana,En Planos,107,Residencial,NA,FALSE,FALSE,TRUE,FALSE,TRUE,FALSE,FALSE,TRUE,FALSE,123000
2022-01-24,/apartamentos-venta-melia-bavaro/1253081/,2,NA,NA,US$,184000,Algonovo Real Estate,Meliá Bávaro, Bávaro, Punta Cana,En Planos,NA,Residencial,3,FALSE,TRUE,TRUE,FALSE,TRUE,FALSE,TRUE,FALSE,TRUE,184000
2022-01-24,/apartamentos-venta-veron/1267945/,1,1,1,US$,45000,Mr. Home Asesores Inmobiliarios,Verón, Bávaro, Punta Cana,Nueva,40,Residencial,2,FALSE,FALSE,TRUE,FALSE,FALSE,FALSE,FALSE,FALSE,FALSE,45000
2022-01-24,"/apartamentos-venta-bavaro,-punta-cana/1257154/",1,2,2,US$,210500,Mr. Home Asesores Inmobiliarios,Bávaro, Punta Cana, Bávaro,Nueva,114,Residencial,NA,FALSE,FALSE,FALSE,FALSE,FALSE,TRUE,FALSE,FALSE,FALSE,210500
2022-01-24,/apartamentos-venta-cortecito/1250437/,1,1,1,US$,95000,Mr. Home Asesores Inmobiliarios,Cortecito, Bávaro, Punta Cana,Nueva,61,Residencial,3,FALSE,FALSE,TRUE,FALSE,FALSE,FALSE,FALSE,FALSE,FALSE,95000
2022-01-24,/apartamentos-venta-friusa/1255299/,1,2,2,US$,92400,Mr. Home Asesores Inmobiliarios,Friusa, Bávaro, Punta Cana,En Construcción,62,Residencial,NA,FALSE,FALSE,TRUE,FALSE,FALSE,FALSE,FALSE,FALSE,TRUE,92400
2022-01-24,/apartamentos-venta-cortecito/1244815/,1,2,2,US$,140000,Mr. Home Asesores Inmobiliarios,Cortecito, Bávaro, Punta Cana,Nueva,71,Residencial,NA,FALSE,FALSE,FALSE,FALSE,FALSE,FALSE,TRUE,FALSE,FALSE,140000
2022-01-24,/apartamentos-venta-bavaro/1235010/,2,2,2,US$,265000,Mr. Home Asesores Inmobiliarios,Bávaro, Bávaro, Punta Cana,NA,148,Residencial,NA,FALSE,FALSE,FALSE,FALSE,FALSE,TRUE,FALSE,FALSE,FALSE,265000
2022-01-24,/apartamentos-venta-bavaro/1225072/,2,2,3,US$,234000,Mr. Home Asesores Inmobiliarios,Bávaro, Bávaro, Punta Cana,Nueva,128,Residencial,5,FALSE,TRUE,TRUE,FALSE,FALSE,TRUE,FALSE,FALSE,FALSE,234000
2022-01-24,/apartamentos-venta-y-alquiler-bavaro/1250426/,4,1,1,US$,180000,Mr. Home Asesores Inmobiliarios,Bávaro, Bávaro, Punta Cana,Nueva,478,Residencial,2,FALSE,FALSE,TRUE,FALSE,FALSE,FALSE,TRUE,FALSE,FALSE,180000
2022-01-24,/apartamentos-venta-bavaro/1234744/,1,1,1,US$,54000,Mr. Home Asesores Inmobiliarios,Bávaro, Bávaro, Punta Cana,Nueva,54,Residencial,NA,FALSE,FALSE,TRUE,FALSE,FALSE,FALSE,FALSE,FALSE,FALSE,54000
2022-01-24,/apartamentos-venta-bavaro/1229937/,1,1,1,US$,134500,Mr. Home Asesores Inmobiliarios,Bávaro, Bávaro, Punta Cana,En Construcción,73,Residencial,NA,FALSE,TRUE,TRUE,FALSE,FALSE,TRUE,FALSE,TRUE,TRUE,134500
2022-01-24,/apartamentos-venta-bavaro/1248111/,1,2,2,US$,69800,Mr. Home Asesores Inmobiliarios,Bávaro, Bávaro, Punta Cana,Nueva,69,Residencial,NA,FALSE,FALSE,FALSE,FALSE,FALSE,FALSE,FALSE,FALSE,FALSE,69800
2022-01-24,/apartamentos-venta-bavaro/1248491/,2,2,3,US$,110000,Mr. Home Asesores Inmobiliarios,Bávaro, Bávaro, Punta Cana,Nueva,130,Residencial,NA,FALSE,FALSE,TRUE,FALSE,FALSE,FALSE,FALSE,FALSE,FALSE,110000
2022-01-24,/apartamentos-venta-pueblo-bavaro/1246503/,1,2,2,US$,65000,Mr. Home Asesores Inmobiliarios,Pueblo Bávaro, Bávaro, Punta Cana,Segundo Uso,89,Residencial,2,FALSE,FALSE,TRUE,FALSE,FALSE,FALSE,FALSE,FALSE,FALSE,65000
2022-01-24,/apartamentos-venta-pueblo-bavaro/1246708/,1,2.5,3,US$,105000,Mr. Home Asesores Inmobiliarios,Pueblo Bávaro, Bávaro, Punta Cana,Segundo Uso,NA,Residencial,2,FALSE,FALSE,FALSE,FALSE,FALSE,FALSE,FALSE,FALSE,FALSE,105000
2022-01-24,/apartamentos-venta-el-cocotal/1258777/,1,2,2,US$,160000,Mr. Home Asesores Inmobiliarios,El Cocotal, Bávaro, Punta Cana,Segundo Uso,93,Residencial,2,FALSE,FALSE,TRUE,FALSE,FALSE,FALSE,FALSE,FALSE,FALSE,160000
2022-01-24,"/apartamentos-venta-bavaro,-punta-cana/1254097/",1,1,1,US$,236000,Seekers Inmobiliaria,Bávaro, Punta Cana, Bávaro,En Construcción,NA,Residencial,NA,TRUE,FALSE,TRUE,FALSE,FALSE,FALSE,TRUE,FALSE,TRUE,236000
2022-01-24,/apartamentos-venta-avenida-espana/1265693/,NA,2,2,US$,230000,Seekers Inmobiliaria,Avenida España, Bávaro, Punta Cana,Nueva,100,Residencial,1,FALSE,FALSE,FALSE,FALSE,FALSE,FALSE,FALSE,FALSE,FALSE,230000
2022-01-24,"/apartamentos-venta-bavaro,-punta-cana/1255117/",NA,1,1,US$,236000,Seekers Inmobiliaria,Bávaro, Punta Cana, Bávaro,En Construcción,66,Residencial,NA,TRUE,TRUE,TRUE,FALSE,TRUE,TRUE,TRUE,FALSE,TRUE,236000
2022-01-24,/apartamentos-venta-el-cocotal/1255587/,NA,NA,2,US$,215000,Seekers Inmobiliaria,El Cocotal, Bávaro, Punta Cana,En Construcción,126,Residencial,NA,FALSE,TRUE,TRUE,FALSE,FALSE,FALSE,FALSE,FALSE,FALSE,215000
2022-01-24,/apartamentos-venta-bavaro/1255260/,1,2,2,US$,160000,Mr. Home Asesores Inmobiliarios,Bávaro, Bávaro, Punta Cana,Nueva,93,Residencial,1,FALSE,FALSE,TRUE,FALSE,FALSE,FALSE,FALSE,FALSE,FALSE,160000
2022-01-24,"/apartamentos-venta-bavaro,-punta-cana/1265727/",NA,3.5,3,US$,559950,Mr. Home Asesores Inmobiliarios,Bávaro, Punta Cana, Bávaro,NA,315,Residencial,NA,FALSE,FALSE,FALSE,FALSE,FALSE,FALSE,FALSE,FALSE,FALSE,559950
2022-01-24,/apartamentos-venta-bavaro/1255293/,1,1,1,US$,99000,Mr. Home Asesores Inmobiliarios,Bávaro, Bávaro, Punta Cana,En Construcción,87,Residencial,2,FALSE,FALSE,TRUE,FALSE,TRUE,FALSE,FALSE,FALSE,TRUE,99000
2022-01-24,/apartamentos-venta-pueblo-bavaro/1256626/,2,2,2,US$,44000,Mr. Home Asesores Inmobiliarios,Pueblo Bávaro, Bávaro, Punta Cana,Nueva,60,Residencial,4,FALSE,FALSE,FALSE,FALSE,FALSE,FALSE,FALSE,FALSE,FALSE,44000
2022-01-24,/apartamentos-venta-bavaro/1255036/,1,3.5,3,US$,209000,Mr. Home Asesores Inmobiliarios,Bávaro, Bávaro, Punta Cana,Nueva,115,Residencial,NA,FALSE,FALSE,FALSE,FALSE,TRUE,FALSE,FALSE,FALSE,FALSE,209000
2022-01-24,/apartamentos-venta-costa-bavaro/1248128/,2,2,2,US$,89000,Mr. Home Asesores Inmobiliarios,Costa Bavaro, Bávaro, Punta Cana,Nueva,93,Residencial,NA,FALSE,FALSE,FALSE,FALSE,FALSE,FALSE,FALSE,FALSE,FALSE,89000
2022-01-24,"/apartamentos-venta-bavaro,-punta-cana/1213330/",1,1,1,US$,225000,Mr. Home Asesores Inmobiliarios,Bávaro, Punta Cana, Bávaro,En Construcción,90,Residencial,NA,FALSE,FALSE,TRUE,FALSE,FALSE,FALSE,FALSE,FALSE,FALSE,225000
2022-01-24,"/apartamentos-venta-bavaro,-punta-cana/1221976/",1,1,1,US$,137000,Mr. Home Asesores Inmobiliarios,Bávaro, Punta Cana, Bávaro,En Construcción,43,Residencial,NA,FALSE,FALSE,TRUE,FALSE,FALSE,TRUE,FALSE,FALSE,FALSE,137000
2022-01-24,"/apartamentos-venta-bavaro,-punta-cana/1222015/",1,1,1,US$,160000,Mr. Home Asesores Inmobiliarios,Bávaro, Punta Cana, Bávaro,En Construcción,82,Residencial,NA,FALSE,FALSE,FALSE,FALSE,FALSE,FALSE,FALSE,FALSE,FALSE,160000
2022-01-24,/apartamentos-venta-punta-cana/1235017/,2,2.5,2,US$,158000,Mr. Home Asesores Inmobiliarios,Punta Cana, Bávaro, Punta Cana,NA,122,Residencial,NA,FALSE,FALSE,FALSE,FALSE,FALSE,FALSE,FALSE,FALSE,FALSE,158000
2022-01-24,"/apartamentos-venta-bavaro,-punta-cana/1222055/",1,2,2,US$,145000,Mr. Home Asesores Inmobiliarios,Bávaro, Punta Cana, Bávaro,Nueva,125,Residencial,NA,FALSE,FALSE,TRUE,FALSE,FALSE,FALSE,FALSE,TRUE,FALSE,145000
2022-01-24,/apartamentos-venta-punta-cana/1235018/,2,2,2,US$,142000,Mr. Home Asesores Inmobiliarios,Punta Cana, Bávaro, Punta Cana,NA,100,Residencial,NA,FALSE,TRUE,FALSE,FALSE,FALSE,FALSE,FALSE,FALSE,FALSE,142000
2022-01-24,"/apartamentos-venta-bavaro,-punta-cana/1221988/",1,2,2,US$,199285,Mr. Home Asesores Inmobiliarios,Bávaro, Punta Cana, Bávaro,En Construcción,115,Residencial,NA,FALSE,FALSE,FALSE,FALSE,FALSE,FALSE,FALSE,FALSE,FALSE,199285
2022-01-24,"/apartamentos-venta-bavaro,-punta-cana/1221991/",1,1,1,US$,189200,Mr. Home Asesores Inmobiliarios,Bávaro, Punta Cana, Bávaro,En Construcción,88,Residencial,NA,FALSE,FALSE,FALSE,FALSE,FALSE,TRUE,FALSE,FALSE,FALSE,189200
2022-01-24,"/apartamentos-venta-bavaro,-punta-cana/1221983/",1,1,1,US$,197406,Mr. Home Asesores Inmobiliarios,Bávaro, Punta Cana, Bávaro,En Construcción,133,Residencial,NA,FALSE,FALSE,FALSE,FALSE,FALSE,TRUE,FALSE,FALSE,FALSE,197406
2022-01-24,"/apartamentos-venta-bavaro,-punta-cana/1226030/",2,1.5,2,US$,53000,Mr. Home Asesores Inmobiliarios,Bávaro, Punta Cana, Bávaro,Nueva,NA,Residencial,NA,FALSE,FALSE,FALSE,FALSE,FALSE,FALSE,FALSE,FALSE,FALSE,53000
2022-01-24,"/apartamentos-venta-bavaro,-punta-cana/1230402/",1,2,2,US$,130000,Mr. Home Asesores Inmobiliarios,Bávaro, Punta Cana, Bávaro,En Construcción,133,Residencial,NA,FALSE,FALSE,FALSE,FALSE,FALSE,FALSE,FALSE,FALSE,TRUE,130000
2022-01-24,"/apartamentos-venta-bavaro,-punta-cana/1222018/",1,1,1,US$,202000,Mr. Home Asesores Inmobiliarios,Bávaro, Punta Cana, Bávaro,En Construcción,102,Residencial,NA,FALSE,FALSE,TRUE,FALSE,FALSE,TRUE,FALSE,FALSE,FALSE,202000
2022-01-24,"/apartamentos-venta-bavaro,-punta-cana/1221979/",2,2,2,US$,222700,Mr. Home Asesores Inmobiliarios,Bávaro, Punta Cana, Bávaro,En Construcción,73,Residencial,NA,FALSE,FALSE,FALSE,FALSE,FALSE,TRUE,FALSE,FALSE,FALSE,222700
2022-01-24,"/apartamentos-venta-bavaro,-punta-cana/1255275/",2,2,2,US$,62000,Mr. Home Asesores Inmobiliarios,Bávaro, Punta Cana, Bávaro,En Construcción,82,Residencial,3,FALSE,FALSE,TRUE,FALSE,TRUE,FALSE,TRUE,FALSE,FALSE,62000
2022-01-24,"/apartamentos-venta-bavaro,-punta-cana/1231205/",1,2,2,US$,177500,Mr. Home Asesores Inmobiliarios,Bávaro, Punta Cana, Bávaro,Nueva,134,Residencial,NA,FALSE,FALSE,TRUE,FALSE,FALSE,FALSE,TRUE,TRUE,FALSE,177500
2022-01-24,"/apartamentos-venta-bavaro,-punta-cana/1231149/",2,2,2,US$,85000,Mr. Home Asesores Inmobiliarios,Bávaro, Punta Cana, Bávaro,Nueva,NA,Residencial,NA,FALSE,FALSE,TRUE,FALSE,FALSE,FALSE,FALSE,FALSE,FALSE,85000
2022-01-24,/apartamentos-venta-punta-cana/1226866/,NA,1,1,US$,109450,Mr. Home Asesores Inmobiliarios,Punta Cana, Bávaro, Punta Cana,En Construcción,32,Residencial,NA,TRUE,TRUE,TRUE,FALSE,TRUE,TRUE,FALSE,FALSE,TRUE,109450
2022-01-24,/apartamentos-venta-cap-cana/1255237/,2,2,2,US$,169000,Mr. Home Asesores Inmobiliarios,Cap Cana, Bávaro, Punta Cana,En Construcción,107,Residencial,3,FALSE,FALSE,TRUE,FALSE,FALSE,FALSE,FALSE,FALSE,FALSE,169000
2022-01-24,/apartamentos-venta-palma-real/1257160/,1,2,2,US$,229000,Mr. Home Asesores Inmobiliarios,Palma Real, Bávaro, Punta Cana,Nueva,190,Residencial,2,FALSE,FALSE,TRUE,FALSE,FALSE,FALSE,TRUE,FALSE,FALSE,229000
2022-01-24,/apartamentos-venta-cap-cana/1254452/,2,1,1,US$,290000,Mr. Home Asesores Inmobiliarios,Cap Cana, Bávaro, Punta Cana,Nueva,127,Residencial,NA,FALSE,FALSE,FALSE,FALSE,FALSE,FALSE,TRUE,FALSE,TRUE,290000
2022-01-24,/apartamentos-venta-cap-cana/1244829/,2,2,2,US$,150000,Mr. Home Asesores Inmobiliarios,Cap Cana, Bávaro, Punta Cana,Nueva,117,Residencial,NA,FALSE,TRUE,TRUE,FALSE,FALSE,FALSE,FALSE,FALSE,FALSE,150000
2022-01-24,/apartamentos-venta-costa-bavaro/1268033/,NA,NA,NA,US$,129000,CityMax Santo Domingo,Costa Bavaro, Bávaro, Punta Cana,En Planos,NA,Residencial,NA,FALSE,TRUE,TRUE,FALSE,FALSE,FALSE,TRUE,FALSE,FALSE,129000
2022-01-24,/apartamentos-venta-costa-bavaro/1268017/,NA,NA,NA,US$,70000,CityMax Santo Domingo,Costa Bavaro, Bávaro, Punta Cana,En Construcción,NA,Residencial,NA,FALSE,FALSE,TRUE,FALSE,FALSE,TRUE,TRUE,FALSE,TRUE,70000
2022-01-24,"/apartamentos-venta-bavaro,-punta-cana/1264845/",1,2,3,US$,180000,Habitame Inmobiliaria,Bávaro, Punta Cana, Bávaro,Segundo Uso,101,Residencial,2,FALSE,FALSE,FALSE,FALSE,FALSE,FALSE,TRUE,FALSE,FALSE,180000
2022-01-24,/apartamentos-venta-costa-bavaro/1267997/,NA,NA,NA,US$,215000,CityMax Santo Domingo,Costa Bavaro, Bávaro, Punta Cana,Nueva,NA,Residencial,NA,FALSE,TRUE,TRUE,TRUE,FALSE,FALSE,TRUE,FALSE,FALSE,215000
2022-01-24,/apartamentos-venta-costa-bavaro/1267995/,NA,NA,NA,US$,56400,CityMax Santo Domingo,Costa Bavaro, Bávaro, Punta Cana,En Construcción,NA,Residencial,NA,FALSE,TRUE,TRUE,FALSE,FALSE,FALSE,TRUE,TRUE,FALSE,56400
2022-01-24,/apartamentos-venta-cap-cana/1267990/,NA,NA,NA,US$,315000,CityMax Santo Domingo,Cap Cana, Bávaro, Punta Cana,En Construcción,NA,Residencial,NA,FALSE,FALSE,TRUE,FALSE,FALSE,FALSE,TRUE,FALSE,FALSE,315000
2022-01-24,/apartamentos-venta-cortecito/1265710/,NA,2,2,US$,190000,Bonillamultiservice,Cortecito, Bávaro, Punta Cana,Nueva,170,Residencial,3,FALSE,FALSE,TRUE,FALSE,TRUE,FALSE,FALSE,FALSE,FALSE,190000
2022-01-24,"/apartamentos-venta-bavaro,-punta-cana/1248414/",1,1,1,US$,38000,Bonillamultiservice,Bávaro, Punta Cana, Bávaro,Nueva,53,Residencial,NA,FALSE,FALSE,TRUE,FALSE,FALSE,FALSE,FALSE,FALSE,FALSE,38000
2022-01-24,/apartamentos-venta-bavaro-y-punta-cana-general/1242455/,1,2,2,US$,152000,Bonillamultiservice,Bávaro y Punta Cana (General), Bávaro, Punta Cana,Nueva,NA,Mixto,4,FALSE,TRUE,TRUE,FALSE,FALSE,TRUE,TRUE,FALSE,TRUE,152000
2022-01-24,/apartamentos-venta-costa-bavaro/1265804/,NA,1,2,US$,39500,Bonillamultiservice,Costa Bavaro, Bávaro, Punta Cana,Nueva,NA,Residencial,NA,FALSE,FALSE,FALSE,FALSE,FALSE,FALSE,FALSE,FALSE,FALSE,39500
2022-01-24,/apartamentos-venta-costa-bavaro/1267983/,NA,NA,NA,US$,92000,CityMax Santo Domingo,Costa Bavaro, Bávaro, Punta Cana,En Planos,NA,Residencial,NA,FALSE,FALSE,FALSE,FALSE,FALSE,FALSE,TRUE,FALSE,FALSE,92000
2022-01-24,/apartamentos-venta-costa-bavaro/1267982/,NA,NA,NA,US$,135000,CityMax Santo Domingo,Costa Bavaro, Bávaro, Punta Cana,En Planos,NA,Residencial,NA,TRUE,FALSE,TRUE,FALSE,FALSE,FALSE,TRUE,TRUE,TRUE,135000
2022-01-24,/apartamentos-venta-punta-cana/1267980/,1,2,1,US$,69892,Kaza Inmobiliaria,Punta Cana, Bávaro, Punta Cana,En Construcción,63,Residencial,NA,TRUE,TRUE,TRUE,FALSE,FALSE,TRUE,TRUE,TRUE,TRUE,69892
2022-01-24,"/apartamentos-venta-bavaro,-punta-cana/1267968/",1,2,2,US$,195454,X-TRIBA Inmobiliaria,Bávaro, Punta Cana, Bávaro,Nueva,81,Residencial,NA,FALSE,FALSE,TRUE,FALSE,FALSE,FALSE,FALSE,FALSE,TRUE,195454
2022-01-24,"/apartamentos-venta-bavaro,-punta-cana/1267966/",1,2,2,US$,264399,X-TRIBA Inmobiliaria,Bávaro, Punta Cana, Bávaro,Nueva,112,Residencial,NA,TRUE,TRUE,TRUE,FALSE,FALSE,FALSE,TRUE,FALSE,TRUE,264399
2022-01-24,"/apartamentos-venta-bavaro,-punta-cana/1267965/",1,1,1,US$,161399,X-TRIBA Inmobiliaria,Bávaro, Punta Cana, Bávaro,Nueva,75,Residencial,NA,TRUE,FALSE,TRUE,FALSE,FALSE,FALSE,FALSE,FALSE,TRUE,161399
2022-01-24,"/apartamentos-venta-bavaro,-punta-cana/1267955/",1,2,2,US$,342699,X-TRIBA Inmobiliaria,Bávaro, Punta Cana, Bávaro,Nueva,119,Residencial,NA,TRUE,TRUE,TRUE,FALSE,FALSE,FALSE,TRUE,FALSE,TRUE,342699
2022-01-24,"/apartamentos-venta-bavaro,-punta-cana/1267953/",1,1,1,US$,200199,X-TRIBA Inmobiliaria,Bávaro, Punta Cana, Bávaro,Nueva,65,Residencial,NA,TRUE,TRUE,TRUE,FALSE,FALSE,FALSE,TRUE,FALSE,TRUE,200199
2022-01-24,"/apartamentos-venta-bavaro,-punta-cana/1267932/",NA,2,2,US$,322599,X-TRIBA Inmobiliaria,Bávaro, Punta Cana, Bávaro,Nueva,117,Residencial,NA,FALSE,FALSE,TRUE,FALSE,FALSE,FALSE,TRUE,FALSE,TRUE,322599
2022-01-24,"/apartamentos-venta-bavaro,-punta-cana/1267929/",NA,1,1,US$,134499,X-TRIBA Inmobiliaria,Bávaro, Punta Cana, Bávaro,Nueva,42,Mixto,NA,FALSE,FALSE,TRUE,FALSE,FALSE,FALSE,TRUE,FALSE,FALSE,134499
2022-01-24,"/apartamentos-venta-bavaro,-punta-cana/1267927/",NA,2,2,US$,322599,X-TRIBA Inmobiliaria,Bávaro, Punta Cana, Bávaro,Nueva,117,Mixto,NA,FALSE,TRUE,TRUE,FALSE,FALSE,FALSE,TRUE,FALSE,TRUE,322599
2022-01-24,"/apartamentos-venta-bavaro,-punta-cana/1267925/",1,1,1,US$,109450,X-TRIBA Inmobiliaria,Bávaro, Punta Cana, Bávaro,Nueva,30,Mixto,NA,FALSE,TRUE,TRUE,FALSE,FALSE,FALSE,TRUE,FALSE,FALSE,109450
2022-01-24,"/apartamentos-venta-bavaro,-punta-cana/1267919/",1,1,1,US$,139199,X-TRIBA Inmobiliaria,Bávaro, Punta Cana, Bávaro,Nueva,54,Mixto,NA,FALSE,TRUE,TRUE,FALSE,FALSE,TRUE,TRUE,TRUE,TRUE,139199
2022-01-24,"/apartamentos-venta-bavaro,-punta-cana/1267834/",NA,1.5,1,US$,122500,Paez Luxury Real Estate ,Bávaro, Punta Cana, Bávaro,En Planos,66,Residencial,4,FALSE,TRUE,TRUE,FALSE,TRUE,TRUE,TRUE,TRUE,TRUE,122500
2022-01-24,"/apartamentos-venta-bavaro,-punta-cana/1265576/",2,2.5,2,US$,239000,Habitame Inmobiliaria,Bávaro, Punta Cana, Bávaro,En Planos,121,Residencial,NA,FALSE,TRUE,TRUE,FALSE,FALSE,FALSE,TRUE,FALSE,FALSE,239000
2022-01-24,"/apartamentos-venta-bavaro,-punta-cana/1265245/",1,NA,1,US$,49990,KW Capital,Bávaro, Punta Cana, Bávaro,En Planos,NA,Mixto,NA,FALSE,TRUE,TRUE,TRUE,TRUE,TRUE,TRUE,TRUE,TRUE,49990
2022-01-24,/apartamentos-venta-bavaro-y-punta-cana-general/1239868/,1,1.5,1,US$,170000,Ginebra Realty Group,Bávaro y Punta Cana (General), Bávaro, Punta Cana,Nueva,93,Residencial,2,TRUE,FALSE,TRUE,FALSE,FALSE,FALSE,TRUE,FALSE,FALSE,170000
2022-01-24,/apartamentos-venta-cap-cana/1242932/,1,NA,1,US$,178500,Ginebra Realty Group,Cap Cana, Bávaro, Punta Cana,En Construcción,75,Residencial,NA,TRUE,FALSE,TRUE,FALSE,TRUE,TRUE,TRUE,TRUE,FALSE,178500
2022-01-24,/apartamentos-venta-cap-cana/1267060/,1,1,1,US$,261475,Ginebra Realty Group,Cap Cana, Bávaro, Punta Cana,En Construcción,96,Residencial,NA,TRUE,TRUE,TRUE,FALSE,FALSE,FALSE,TRUE,FALSE,TRUE,261475
2022-01-24,/apartamentos-venta-costa-bavaro/1242330/,1,1,1,US$,57900,Ginebra Realty Group,Costa Bavaro, Bávaro, Punta Cana,Nueva,50,Residencial,NA,FALSE,FALSE,FALSE,FALSE,FALSE,FALSE,FALSE,FALSE,FALSE,57900
2022-01-24,"/apartamentos-venta-bavaro,-punta-cana/1264684/",1,1,1,US$,174000,Habitame Inmobiliaria,Bávaro, Punta Cana, Bávaro,En Planos,67,Residencial,NA,FALSE,TRUE,TRUE,FALSE,FALSE,FALSE,TRUE,FALSE,TRUE,174000
2022-01-24,/apartamentos-venta-bavaro/1265474/,1,2.5,2,US$,259000,Inmobiliaria Grupo DYZ,Bávaro, Bávaro, Punta Cana,En Construcción,136,Residencial,2,FALSE,FALSE,TRUE,FALSE,FALSE,FALSE,FALSE,FALSE,FALSE,259000
2022-01-24,"/apartamentos-venta-bavaro,-punta-cana/1267831/",1,2,2,US$,135000,Paez Luxury Real Estate ,Bávaro, Punta Cana, Bávaro,En Planos,NA,Residencial,4,FALSE,TRUE,TRUE,FALSE,FALSE,FALSE,TRUE,FALSE,FALSE,135000
2022-01-24,"/apartamentos-venta-bavaro,-punta-cana/1267791/",1,2,2,US$,244199,X-TRIBA Inmobiliaria,Bávaro, Punta Cana, Bávaro,Nueva,125,Mixto,NA,FALSE,TRUE,TRUE,FALSE,FALSE,FALSE,FALSE,FALSE,TRUE,244199
2022-01-24,"/apartamentos-venta-bavaro,-punta-cana/1267790/",NA,1,1,US$,151999,X-TRIBA Inmobiliaria,Bávaro, Punta Cana, Bávaro,Nueva,76,Residencial,NA,FALSE,TRUE,FALSE,FALSE,FALSE,TRUE,FALSE,FALSE,TRUE,151999
2022-01-24,"/apartamentos-venta-bavaro,-punta-cana/1254459/",NA,3.5,3,US$,395000,Tropical Living,Bávaro, Punta Cana, Bávaro,En Construcción,218,Residencial,NA,TRUE,TRUE,TRUE,FALSE,TRUE,FALSE,FALSE,FALSE,TRUE,395000
2022-01-24,"/apartamentos-venta-bavaro,-punta-cana/1267789/",NA,NA,NA,US$,139199,X-TRIBA Inmobiliaria,Bávaro, Punta Cana, Bávaro,Nueva,43,Residencial,NA,FALSE,TRUE,TRUE,FALSE,TRUE,TRUE,FALSE,TRUE,TRUE,139199
2022-01-24,/apartamentos-venta-pueblo-bavaro/1267727/,1,2,2,US$,69500,JOSE MEDINA,Pueblo Bávaro, Bávaro, Punta Cana,Segundo Uso,113,Residencial,3,FALSE,FALSE,TRUE,FALSE,FALSE,FALSE,TRUE,FALSE,FALSE,69500
2022-01-24,/apartamentos-venta-cap-cana/1242934/,2,2.5,2,US$,266750,Ginebra Realty Group,Cap Cana, Bávaro, Punta Cana,En Construcción,132,Residencial,NA,TRUE,FALSE,TRUE,FALSE,TRUE,TRUE,TRUE,TRUE,TRUE,266750
2022-01-24,"/apartamentos-venta-bavaro,-punta-cana/1267660/",NA,2,2,US$,135000,Tu Casa RD,Bávaro, Punta Cana, Bávaro,En Construcción,NA,Residencial,NA,TRUE,TRUE,FALSE,FALSE,TRUE,FALSE,TRUE,TRUE,FALSE,135000
2022-01-24,"/apartamentos-venta-bavaro,-punta-cana/1267650/",2,2.5,3,US$,130000,Plusval Puente Azul,Bávaro, Punta Cana, Bávaro,En Construcción,130,Mixto,NA,FALSE,FALSE,TRUE,TRUE,TRUE,FALSE,TRUE,TRUE,FALSE,130000
2022-01-24,"/apartamentos-venta-bavaro,-punta-cana/1258231/",NA,NA,1,US$,259000,Premier Real Estate,Bávaro, Punta Cana, Bávaro,En Construcción,NA,Residencial,NA,FALSE,FALSE,FALSE,FALSE,FALSE,FALSE,FALSE,FALSE,FALSE,259000
2022-01-24,"/apartamentos-venta-bavaro,-punta-cana/1267649/",1,2,3,US$,57800,Plusval Puente Azul,Bávaro, Punta Cana, Bávaro,En Construcción,190,Mixto,NA,TRUE,TRUE,FALSE,TRUE,TRUE,TRUE,TRUE,TRUE,TRUE,57800
2022-01-24,/apartamentos-venta-cabeza-de-toro/1250350/,2,2.5,3,US$,480000,Paez Luxury Real Estate ,Cabeza de Toro, Bávaro, Punta Cana,Segundo Uso,200,Residencial,1,TRUE,FALSE,TRUE,FALSE,TRUE,TRUE,TRUE,FALSE,TRUE,480000
2022-01-24,/apartamentos-venta-costa-bavaro/1267293/,NA,3.5,3,US$,415000,Inmobiliaria Hazim Rodriguez,Costa Bavaro, Bávaro, Punta Cana,En Construcción,217,Residencial,3,TRUE,TRUE,TRUE,FALSE,TRUE,FALSE,TRUE,TRUE,TRUE,415000
2022-01-24,/apartamentos-venta-costa-bavaro/1267291/,2,2.5,2,US$,299000,Inmobiliaria Hazim Rodriguez,Costa Bavaro, Bávaro, Punta Cana,En Construcción,171,Residencial,3,TRUE,TRUE,TRUE,FALSE,TRUE,FALSE,TRUE,TRUE,TRUE,299000
2022-01-24,/apartamentos-venta-costa-bavaro/1267287/,1,1.5,1,US$,169000,Inmobiliaria Hazim Rodriguez,Costa Bavaro, Bávaro, Punta Cana,En Construcción,84,Residencial,3,TRUE,TRUE,TRUE,FALSE,TRUE,FALSE,TRUE,TRUE,TRUE,169000
2022-01-24,"/apartamentos-venta-bavaro,-punta-cana/1267556/",1,1,1,US$,103845,Seekers Inmobiliaria,Bávaro, Punta Cana, Bávaro,En Construcción,55,Residencial,NA,TRUE,FALSE,TRUE,FALSE,FALSE,TRUE,FALSE,FALSE,TRUE,103845
2022-01-24,/apartamentos-venta-cap-cana/1256391/,3,3.5,4,US$,1000000,Paez Luxury Real Estate ,Cap Cana, Bávaro, Punta Cana,Segundo Uso,530,Residencial,NA,TRUE,FALSE,TRUE,FALSE,TRUE,FALSE,TRUE,FALSE,FALSE,1000000
2022-01-24,"/apartamentos-venta-bavaro,-punta-cana/1259996/",1,1,1,US$,75009,Remax Blu,Bávaro, Punta Cana, Bávaro,Nueva,76,Residencial,1,TRUE,FALSE,TRUE,FALSE,FALSE,FALSE,TRUE,FALSE,FALSE,75009
2022-01-24,/apartamentos-venta-cap-cana/1233792/,2,2.5,2,US$,450000,Paez Luxury Real Estate ,Cap Cana, Bávaro, Punta Cana,Segundo Uso,184,Residencial,3,TRUE,TRUE,TRUE,FALSE,FALSE,FALSE,TRUE,FALSE,FALSE,450000
2022-01-24,"/apartamentos-venta-bavaro,-punta-cana/1261017/",NA,2,2,US$,239000,Algonovo Real Estate,Bávaro, Punta Cana, Bávaro,En Construcción,123,Residencial,NA,FALSE,FALSE,TRUE,FALSE,FALSE,FALSE,TRUE,FALSE,FALSE,239000
2022-01-24,/apartamentos-venta-costa-bavaro/1267423/,1,1,1,US$,57000,Plusval Puente Azul,Costa Bavaro, Bávaro, Punta Cana,En Construcción,52,N/D,NA,FALSE,TRUE,TRUE,FALSE,TRUE,TRUE,TRUE,FALSE,FALSE,57000
2022-01-24,"/apartamentos-venta-bavaro,-punta-cana/1259464/",NA,NA,2,US$,178000,Algonovo Real Estate,Bávaro, Punta Cana, Bávaro,En Construcción,92,Residencial,NA,FALSE,TRUE,TRUE,FALSE,FALSE,TRUE,TRUE,FALSE,TRUE,178000
2022-01-24,"/apartamentos-venta-bavaro,-punta-cana/1254457/",NA,1,1,US$,215000,Tropical Living,Bávaro, Punta Cana, Bávaro,En Construcción,84,Residencial,NA,TRUE,TRUE,TRUE,FALSE,TRUE,FALSE,FALSE,FALSE,TRUE,215000
2022-01-24,/apartamentos-venta-veron/1267352/,1,3,3,US$,108000,Plusval Puente Azul,Verón, Bávaro, Punta Cana,Nueva,86,Residencial,6,FALSE,TRUE,TRUE,FALSE,TRUE,FALSE,TRUE,FALSE,TRUE,108000
2022-01-24,"/apartamentos-venta-bavaro,-punta-cana/1267334/",1,1,1,US$,116971,Seekers Inmobiliaria,Bávaro, Punta Cana, Bávaro,En Construcción,55,Residencial,1,TRUE,TRUE,TRUE,FALSE,TRUE,TRUE,TRUE,FALSE,TRUE,116971
2022-01-24,"/apartamentos-venta-bavaro,-punta-cana/1251605/",NA,NA,NA,US$,225000,Remax Blu,Bávaro, Punta Cana, Bávaro,Nueva,116,Residencial,NA,FALSE,FALSE,FALSE,FALSE,FALSE,FALSE,FALSE,FALSE,FALSE,225000
2022-01-24,"/apartamentos-venta-bavaro,-punta-cana/1267282/",NA,NA,NA,US$,153450,X-TRIBA Inmobiliaria,Bávaro, Punta Cana, Bávaro,Nueva,70,N/D,NA,FALSE,TRUE,TRUE,FALSE,FALSE,TRUE,FALSE,FALSE,TRUE,153450
2022-01-24,/apartamentos-venta-bavaro-y-punta-cana-general/1233379/,NA,1,NA,US$,145000,Algonovo Real Estate,Bávaro y Punta Cana (General), Bávaro, Punta Cana,Segundo Uso,64,Residencial,1,FALSE,FALSE,TRUE,FALSE,FALSE,FALSE,TRUE,FALSE,FALSE,145000
2022-01-24,"/apartamentos-venta-bavaro,-punta-cana/1264829/",1,2,1,US$,199000,Algonovo Real Estate,Bávaro, Punta Cana, Bávaro,Nueva,NA,Residencial,2,TRUE,TRUE,TRUE,FALSE,FALSE,TRUE,TRUE,FALSE,TRUE,199000
2022-01-24,"/apartamentos-venta-bavaro,-punta-cana/1263495/",1,1.5,1,US$,159000,Seekers Inmobiliaria,Bávaro, Punta Cana, Bávaro,En Planos,66,N/D,3,FALSE,TRUE,TRUE,FALSE,FALSE,FALSE,TRUE,FALSE,FALSE,159000
2022-01-24,/apartamentos-venta-bavaro/1264863/,1,2,1,US$,67892,Keller Williams Gold,Bávaro, Bávaro, Punta Cana,En Construcción,64,Residencial,NA,FALSE,TRUE,TRUE,FALSE,FALSE,TRUE,FALSE,TRUE,TRUE,67892
2022-01-24,/apartamentos-venta-cap-cana/1263171/,2,1.5,1,US$,395000,Keller Williams Gold,Cap Cana, Bávaro, Punta Cana,Segundo Uso,171,Residencial,NA,FALSE,FALSE,FALSE,FALSE,FALSE,FALSE,FALSE,FALSE,FALSE,395000
2022-01-24,/apartamentos-venta-cap-cana/1263384/,1,1,NA,US$,240000,Keller Williams Gold,Cap Cana, Bávaro, Punta Cana,Segundo Uso,64,Residencial,1,FALSE,FALSE,TRUE,FALSE,TRUE,TRUE,FALSE,FALSE,FALSE,240000
2022-01-24,/apartamentos-venta-cap-cana/1263440/,1,1,1,US$,290000,Keller Williams Gold,Cap Cana, Bávaro, Punta Cana,Segundo Uso,79,Residencial,1,FALSE,FALSE,FALSE,FALSE,FALSE,FALSE,FALSE,FALSE,FALSE,290000
2022-01-24,/apartamentos-venta-cap-cana/1263500/,1,1,1,US$,240000,Keller Williams Gold,Cap Cana, Bávaro, Punta Cana,Nueva,61,Residencial,1,FALSE,FALSE,TRUE,FALSE,TRUE,TRUE,FALSE,TRUE,TRUE,240000
2022-01-24,/apartamentos-venta-cap-cana/1267185/,NA,3.5,3,US$,550000,Elite Brokers,Cap Cana, Bávaro, Punta Cana,NA,275,Residencial,NA,TRUE,FALSE,FALSE,FALSE,TRUE,FALSE,FALSE,TRUE,FALSE,550000
2022-01-24,"/apartamentos-venta-bavaro,-punta-cana/1262157/",2,2.5,2,US$,200000,Paez Luxury Real Estate ,Bávaro, Punta Cana, Bávaro,Segundo Uso,115,Residencial,NA,TRUE,FALSE,TRUE,FALSE,FALSE,FALSE,TRUE,FALSE,TRUE,200000
2022-01-24,"/apartamentos-venta-bavaro,-punta-cana/1231625/",NA,NA,2,US$,200000,Paez Luxury Real Estate ,Bávaro, Punta Cana, Bávaro,Nueva,100,Residencial,NA,TRUE,TRUE,TRUE,FALSE,FALSE,TRUE,TRUE,FALSE,FALSE,200000
2022-01-24,/apartamentos-venta-cap-cana/1264806/,NA,3.5,3,US$,475000,Paez Luxury Real Estate ,Cap Cana, Bávaro, Punta Cana,Nueva,407,Residencial,NA,TRUE,FALSE,TRUE,TRUE,TRUE,FALSE,TRUE,TRUE,TRUE,475000
2022-01-24,/apartamentos-venta-cap-cana/1265567/,NA,NA,1,US$,355000,Paez Luxury Real Estate ,Cap Cana, Bávaro, Punta Cana,En Construcción,155,Mixto,NA,TRUE,TRUE,TRUE,TRUE,TRUE,TRUE,TRUE,FALSE,TRUE,355000
2022-01-24,"/apartamentos-venta-bavaro,-punta-cana/1225802/",NA,3.5,3,US$,520000,Paez Luxury Real Estate ,Bávaro, Punta Cana, Bávaro,Segundo Uso,165,Residencial,NA,FALSE,FALSE,FALSE,FALSE,TRUE,FALSE,FALSE,FALSE,FALSE,520000
2022-01-24,"/apartamentos-venta-bavaro,-punta-cana/1225951/",NA,3.5,3,US$,440000,Paez Luxury Real Estate ,Bávaro, Punta Cana, Bávaro,Segundo Uso,NA,Residencial,NA,FALSE,FALSE,TRUE,FALSE,TRUE,FALSE,FALSE,FALSE,FALSE,440000
2022-01-24,/apartamentos-venta-garden/1195480/,2,4,3,US$,240000,Paez Luxury Real Estate ,Garden, Bávaro, Punta Cana,Segundo Uso,195,Residencial,1,TRUE,FALSE,TRUE,TRUE,TRUE,FALSE,TRUE,TRUE,TRUE,240000
2022-01-24,/apartamentos-venta-pueblo-bavaro/1209723/,1,2.5,2,US$,170000,Paez Luxury Real Estate ,Pueblo Bávaro, Bávaro, Punta Cana,Segundo Uso,140,Residencial,2,FALSE,FALSE,TRUE,FALSE,TRUE,FALSE,FALSE,FALSE,FALSE,170000
2022-01-24,/apartamentos-venta-bavaro/1267107/,2,2,2,US$,70220,Seekers Inmobiliaria,Bávaro, Bávaro, Punta Cana,Nueva,70,Residencial,NA,FALSE,TRUE,TRUE,FALSE,FALSE,FALSE,FALSE,FALSE,FALSE,70220
2022-01-24,/apartamentos-venta-cap-cana/1263170/,3,2.5,2,US$,580000,Keller Williams Gold,Cap Cana, Bávaro, Punta Cana,Segundo Uso,232,Residencial,NA,FALSE,FALSE,FALSE,FALSE,TRUE,TRUE,FALSE,TRUE,FALSE,580000
2022-01-24,"/apartamentos-venta-bavaro,-punta-cana/1267100/",2,2.5,2,US$,222360,Seekers Inmobiliaria,Bávaro, Punta Cana, Bávaro,Nueva,110,Residencial,NA,TRUE,TRUE,TRUE,FALSE,TRUE,FALSE,TRUE,FALSE,TRUE,222360
2022-01-24,"/apartamentos-venta-bavaro,-punta-cana/1267093/",1,1,1,US$,236000,Seekers Inmobiliaria,Bávaro, Punta Cana, Bávaro,Nueva,94,Residencial,NA,TRUE,TRUE,TRUE,FALSE,TRUE,TRUE,TRUE,TRUE,TRUE,236000
2022-01-24,/apartamentos-venta-punta-cana/1265431/,1,1,1,US$,52000,Seekers Inmobiliaria,Punta Cana, Bávaro, Punta Cana,En Construcción,52,Residencial,NA,FALSE,FALSE,TRUE,FALSE,FALSE,FALSE,TRUE,FALSE,FALSE,52000
2022-01-24,/apartamentos-venta-cap-cana/1266826/,NA,1,1,US$,239750,Seekers Inmobiliaria,Cap Cana, Bávaro, Punta Cana,En Construcción,65,Residencial,6,FALSE,FALSE,FALSE,FALSE,FALSE,FALSE,FALSE,FALSE,TRUE,239750
2022-01-24,"/apartamentos-venta-bavaro,-punta-cana/1266792/",2,1.5,1,US$,136395,Seekers Inmobiliaria,Bávaro, Punta Cana, Bávaro,En Construcción,56,Residencial,NA,FALSE,TRUE,TRUE,FALSE,TRUE,FALSE,FALSE,FALSE,TRUE,136395
2022-01-24,"/apartamentos-venta-bavaro,-punta-cana/1209272/",2,2,2,US$,147500,New Home Constructora Inmobiliaria,Bávaro, Punta Cana, Bávaro,Nueva,96,Residencial,NA,FALSE,FALSE,TRUE,FALSE,TRUE,FALSE,TRUE,TRUE,FALSE,147500
2022-01-24,"/apartamentos-venta-bavaro,-punta-cana/1261015/",NA,2,2,US$,239000,Algonovo Real Estate,Bávaro, Punta Cana, Bávaro,En Construcción,123,Residencial,NA,FALSE,TRUE,TRUE,FALSE,FALSE,FALSE,TRUE,FALSE,FALSE,239000
2022-01-24,"/apartamentos-venta-bavaro,-punta-cana/1266626/",1,1,1,US$,103845,Seekers Inmobiliaria,Bávaro, Punta Cana, Bávaro,Nueva,55,Residencial,NA,TRUE,FALSE,TRUE,FALSE,TRUE,TRUE,FALSE,FALSE,TRUE,103845
2022-01-24,/apartamentos-venta-costa-bavaro/1266082/,2,2,3,US$,180000,Habitame Inmobiliaria,Costa Bavaro, Bávaro, Punta Cana,Segundo Uso,102,Mixto,NA,FALSE,FALSE,TRUE,FALSE,FALSE,FALSE,FALSE,FALSE,TRUE,180000
2022-01-24,/apartamentos-venta-cap-cana/1266437/,1,1.5,1,US$,335000,Seekers Inmobiliaria,Cap Cana, Bávaro, Punta Cana,En Construcción,155,Residencial,NA,TRUE,TRUE,TRUE,FALSE,TRUE,FALSE,TRUE,TRUE,TRUE,335000
2022-01-24,/apartamentos-venta-cap-cana/1266436/,2,2.5,2,US$,515000,Seekers Inmobiliaria,Cap Cana, Bávaro, Punta Cana,En Construcción,173,Residencial,NA,TRUE,TRUE,TRUE,FALSE,TRUE,FALSE,TRUE,TRUE,TRUE,515000
2022-01-24,/apartamentos-venta-el-cocotal/1266435/,2,2.5,2,US$,239000,Seekers Inmobiliaria,El Cocotal, Bávaro, Punta Cana,En Construcción,122,Residencial,NA,TRUE,TRUE,TRUE,FALSE,TRUE,FALSE,TRUE,TRUE,FALSE,239000
2022-01-24,"/apartamentos-venta-bavaro,-punta-cana/1266377/",NA,2.5,3,US$,85000,Tu Casa RD,Bávaro, Punta Cana, Bávaro,Nueva,NA,Residencial,NA,TRUE,FALSE,TRUE,FALSE,FALSE,TRUE,TRUE,FALSE,FALSE,85000
2022-01-24,"/apartamentos-venta-bavaro,-punta-cana/1266376/",NA,2.5,3,US$,76500,Tu Casa RD,Bávaro, Punta Cana, Bávaro,Nueva,NA,Residencial,NA,TRUE,FALSE,TRUE,TRUE,FALSE,TRUE,TRUE,FALSE,TRUE,76500
2022-01-24,"/apartamentos-venta-bavaro,-punta-cana/1259152/",NA,2,2,US$,175000,Property Inmobiliaria,Bávaro, Punta Cana, Bávaro,Segundo Uso,152,Residencial,2,FALSE,FALSE,FALSE,FALSE,TRUE,FALSE,FALSE,FALSE,FALSE,175000
2022-01-24,"/apartamentos-venta-bavaro,-punta-cana/1266282/",NA,2,2,US$,373599,Seekers Inmobiliaria,Bávaro, Punta Cana, Bávaro,Nueva,111,Residencial,3,FALSE,FALSE,TRUE,FALSE,FALSE,FALSE,FALSE,FALSE,FALSE,373599
2022-01-24,"/apartamentos-venta-bavaro,-punta-cana/1266279/",NA,2,2,US$,230000,Seekers Inmobiliaria,Bávaro, Punta Cana, Bávaro,Segundo Uso,100,Residencial,1,FALSE,FALSE,FALSE,FALSE,FALSE,FALSE,FALSE,FALSE,FALSE,230000
2022-01-24,/apartamentos-venta-veron/1265383/,1,2,2,US$,68500,ABAR Inmobiliaria,Verón, Bávaro, Punta Cana,En Construcción,68,Residencial,NA,FALSE,TRUE,TRUE,FALSE,TRUE,FALSE,TRUE,FALSE,TRUE,68500
2022-01-24,"/apartamentos-venta-bavaro,-punta-cana/1266025/",NA,NA,NA,US$,235000,Remax Metropolitana,Bávaro, Punta Cana, Bávaro,Segundo Uso,NA,Residencial,NA,FALSE,TRUE,TRUE,FALSE,FALSE,TRUE,TRUE,FALSE,FALSE,235000
2022-01-24,/apartamentos-venta-cap-cana/1266022/,NA,NA,NA,US$,199750,Remax Metropolitana,Cap Cana, Bávaro, Punta Cana,En Planos,NA,Residencial,NA,FALSE,FALSE,TRUE,FALSE,FALSE,TRUE,TRUE,TRUE,TRUE,199750
2022-01-24,"/apartamentos-venta-bavaro,-punta-cana/1266021/",2,2,2,US$,249000,Megacasa RD,Bávaro, Punta Cana, Bávaro,Nueva,122,Residencial,NA,TRUE,TRUE,TRUE,FALSE,TRUE,TRUE,FALSE,TRUE,FALSE,249000
2022-01-24,"/apartamentos-venta-bavaro,-punta-cana/1265941/",NA,2,2,US$,84149,Algonovo Real Estate,Bávaro, Punta Cana, Bávaro,Nueva,87,Residencial,NA,FALSE,FALSE,TRUE,FALSE,FALSE,FALSE,TRUE,FALSE,FALSE,84149
2022-01-24,/apartamentos-venta-bavaro/1254129/,NA,NA,NA,US$,215000,BAEZ MUESES INMOBILIARIA,Bávaro, Bávaro, Punta Cana,En Construcción,108,Residencial,NA,TRUE,TRUE,TRUE,TRUE,FALSE,TRUE,TRUE,FALSE,TRUE,215000
2022-01-24,"/apartamentos-venta-bavaro,-punta-cana/1265346/",1,2,2,US$,139500,Megacasa RD,Bávaro, Punta Cana, Bávaro,Nueva,91,Residencial,NA,TRUE,FALSE,TRUE,FALSE,TRUE,TRUE,FALSE,FALSE,TRUE,139500
2022-01-24,/apartamentos-venta-cap-cana/1265338/,1,1.5,1,US$,315000,Megacasa RD,Cap Cana, Bávaro, Punta Cana,Nueva,154,Residencial,NA,TRUE,TRUE,TRUE,FALSE,TRUE,TRUE,FALSE,FALSE,TRUE,315000
2022-01-24,/apartamentos-venta-el-cocotal/184646/,1,NA,2,US$,160000,Centro Juridico Dra. Angela Rojas,El Cocotal, Bávaro, Punta Cana,Segundo Uso,NA,Residencial,2,FALSE,FALSE,TRUE,TRUE,FALSE,FALSE,TRUE,FALSE,FALSE,160000
2022-01-24,"/apartamentos-venta-bavaro,-punta-cana/1264781/",1,2.5,2,US$,157500,Inmobiliaria Vita Home,Bávaro, Punta Cana, Bávaro,En Construcción,53,Residencial,NA,TRUE,FALSE,TRUE,FALSE,FALSE,FALSE,TRUE,TRUE,FALSE,157500
2022-01-24,/apartamentos-venta-pueblo-bavaro/1243378/,NA,2,2,US$,177500,HouseLink,Pueblo Bávaro, Bávaro, Punta Cana,En Construcción,100,Residencial,NA,FALSE,TRUE,TRUE,FALSE,TRUE,TRUE,TRUE,FALSE,TRUE,177500
2022-01-24,"/apartamentos-venta-bavaro,-punta-cana/1264633/",1,3,2,US$,154900,Megacasa RD,Bávaro, Punta Cana, Bávaro,Nueva,130,Residencial,NA,TRUE,TRUE,TRUE,FALSE,TRUE,TRUE,TRUE,FALSE,TRUE,154900
2022-01-24,"/apartamentos-venta-bavaro,-punta-cana/1264630/",1,1.5,1,US$,82500,Megacasa RD,Bávaro, Punta Cana, Bávaro,Nueva,40,Residencial,NA,TRUE,TRUE,TRUE,FALSE,TRUE,FALSE,TRUE,FALSE,TRUE,82500
2022-01-24,"/apartamentos-venta-bavaro,-punta-cana/1263369/",1,3,3,US$,159000,Estrella Inmobiliaria ,Bávaro, Punta Cana, Bávaro,Nueva,84,Residencial,NA,FALSE,FALSE,TRUE,FALSE,TRUE,FALSE,TRUE,FALSE,TRUE,159000
2022-01-24,"/apartamentos-venta-bavaro,-punta-cana/1263826/",2,2.5,3,US$,329000,Estrella Inmobiliaria ,Bávaro, Punta Cana, Bávaro,Nueva,164,Residencial,NA,FALSE,FALSE,TRUE,FALSE,TRUE,FALSE,TRUE,TRUE,FALSE,329000
2022-01-24,"/apartamentos-venta-bavaro,-punta-cana/1263844/",2,3.5,3,US$,855000,Estrella Inmobiliaria ,Bávaro, Punta Cana, Bávaro,Nueva,236,Residencial,NA,FALSE,TRUE,TRUE,FALSE,TRUE,TRUE,FALSE,FALSE,TRUE,855000
2022-01-24,"/apartamentos-venta-bavaro,-punta-cana/1264177/",1,1.5,1,US$,114000,Megacasa RD,Bávaro, Punta Cana, Bávaro,Nueva,58,Residencial,NA,TRUE,FALSE,TRUE,FALSE,TRUE,TRUE,TRUE,FALSE,TRUE,114000
2022-01-24,"/apartamentos-venta-bavaro,-punta-cana/1264072/",1,1,1,US$,61500,Megacasa RD,Bávaro, Punta Cana, Bávaro,Nueva,47,Residencial,NA,TRUE,FALSE,TRUE,FALSE,FALSE,FALSE,TRUE,FALSE,TRUE,61500
2022-01-24,"/apartamentos-venta-bavaro,-punta-cana/1263870/",1,2,2,US$,100000,Megacasa RD,Bávaro, Punta Cana, Bávaro,Nueva,90,Residencial,NA,TRUE,FALSE,TRUE,FALSE,FALSE,TRUE,TRUE,TRUE,TRUE,100000
2022-01-24,"/apartamentos-venta-bavaro,-punta-cana/1260926/",NA,NA,NA,US$,169000,BAEZ MUESES INMOBILIARIA,Bávaro, Punta Cana, Bávaro,En Construcción,NA,Residencial,NA,TRUE,TRUE,TRUE,TRUE,TRUE,FALSE,TRUE,FALSE,TRUE,169000
2022-01-24,"/apartamentos-venta-bavaro,-punta-cana/1254435/",1,2,2,US$,70000,Kaza Inmobiliaria,Bávaro, Punta Cana, Bávaro,Segundo Uso,116,Residencial,2,FALSE,FALSE,TRUE,FALSE,FALSE,FALSE,TRUE,FALSE,FALSE,70000
2022-01-24,"/apartamentos-venta-bavaro,-punta-cana/1254552/",2,2,3,US$,78000,Time Homes Inmobiliaria ,Bávaro, Punta Cana, Bávaro,Segundo Uso,161,Residencial,1,FALSE,FALSE,TRUE,FALSE,FALSE,FALSE,TRUE,FALSE,FALSE,78000
2022-01-24,/apartamentos-venta-punta-cana/1262805/,2,2,2,US$,234000,Megacasa RD,Punta Cana, Bávaro, Punta Cana,Nueva,118,Residencial,NA,TRUE,FALSE,TRUE,FALSE,FALSE,FALSE,TRUE,FALSE,FALSE,234000
2022-01-24,"/apartamentos-venta-bavaro,-punta-cana/1215972/",NA,NA,NA,US$,259000,BAEZ MUESES INMOBILIARIA,Bávaro, Punta Cana, Bávaro,En Construcción,NA,Residencial,NA,TRUE,TRUE,TRUE,TRUE,TRUE,TRUE,TRUE,TRUE,TRUE,259000
2022-01-24,"/apartamentos-venta-bavaro,-punta-cana/1256806/",NA,1.5,1,US$,159000,Tu Casa RD,Bávaro, Punta Cana, Bávaro,En Construcción,NA,Residencial,NA,TRUE,TRUE,TRUE,FALSE,TRUE,TRUE,TRUE,TRUE,TRUE,159000
2022-01-24,"/apartamentos-venta-bavaro,-punta-cana/1261980/",NA,NA,NA,US$,164000,Tu Casa RD,Bávaro, Punta Cana, Bávaro,En Construcción,NA,Residencial,NA,FALSE,TRUE,TRUE,FALSE,TRUE,FALSE,TRUE,FALSE,FALSE,164000
2022-01-24,"/apartamentos-venta-bavaro,-punta-cana/1261252/",NA,2,2,US$,85000,Algonovo Real Estate,Bávaro, Punta Cana, Bávaro,En Construcción,85,Residencial,NA,FALSE,FALSE,TRUE,FALSE,FALSE,FALSE,FALSE,FALSE,FALSE,85000
2022-01-24,/apartamentos-venta-el-cocotal/1251370/,2,2,2,US$,225000,KEYBROKERS INMOBILIARIA,El Cocotal, Bávaro, Punta Cana,En Construcción,126,Residencial,NA,FALSE,TRUE,TRUE,FALSE,FALSE,FALSE,TRUE,FALSE,FALSE,225000
2022-01-24,"/apartamentos-venta-bavaro,-punta-cana/1259459/",1,2,2,US$,260000,Algonovo Real Estate,Bávaro, Punta Cana, Bávaro,En Construcción,127,Residencial,NA,FALSE,TRUE,TRUE,FALSE,FALSE,TRUE,TRUE,TRUE,TRUE,260000
2022-01-24,/apartamentos-venta-pueblo-bavaro/1259783/,2,2,2,US$,55000,ABAR Inmobiliaria,Pueblo Bávaro, Bávaro, Punta Cana,Segundo Uso,78,Residencial,3,FALSE,FALSE,TRUE,FALSE,FALSE,FALSE,TRUE,FALSE,FALSE,55000
2022-01-24,/apartamentos-venta-bavaro/1260099/,1,2,2,US$,185000,Remax Metropolitana,Bávaro, Bávaro, Punta Cana,En Construcción,105,Residencial,2,FALSE,FALSE,TRUE,FALSE,FALSE,FALSE,FALSE,FALSE,FALSE,185000
2022-01-24,"/apartamentos-venta-bavaro,-punta-cana/1233982/",NA,NA,1,US$,57500,Inverfisa,Bávaro, Punta Cana, Bávaro,En Construcción,43,Residencial,NA,FALSE,FALSE,FALSE,FALSE,FALSE,FALSE,TRUE,FALSE,FALSE,57500
2022-01-24,/apartamentos-venta-veron/1259808/,1,1.5,1,US$,57500,ABAR Inmobiliaria,Verón, Bávaro, Punta Cana,En Construcción,51,N/D,5,FALSE,TRUE,TRUE,FALSE,FALSE,FALSE,TRUE,FALSE,TRUE,57500
2022-01-24,"/apartamentos-venta-bavaro,-punta-cana/1259799/",NA,1,1,US$,82500,ABAR Inmobiliaria,Bávaro, Punta Cana, Bávaro,Nueva,NA,Mixto,NA,TRUE,TRUE,TRUE,FALSE,TRUE,TRUE,TRUE,FALSE,TRUE,82500
2022-01-24,/apartamentos-venta-punta-cana/1259775/,NA,NA,2,US$,126500,ABAR Inmobiliaria,Punta Cana, Bávaro, Punta Cana,Nueva,NA,Residencial,NA,TRUE,TRUE,TRUE,FALSE,TRUE,TRUE,TRUE,TRUE,TRUE,126500
2022-01-24,/apartamentos-venta-veron/1259563/,1,3,3,US$,96700,ABAR Inmobiliaria,Verón, Bávaro, Punta Cana,En Construcción,94,N/D,4,FALSE,TRUE,TRUE,FALSE,FALSE,FALSE,TRUE,FALSE,TRUE,96700
2022-01-24,"/apartamentos-venta-bavaro,-punta-cana/1228962/",1,1,1,US$,69160,Tu Casa RD,Bávaro, Punta Cana, Bávaro,En Construcción,NA,Residencial,NA,FALSE,FALSE,TRUE,FALSE,TRUE,FALSE,FALSE,FALSE,FALSE,69160
2022-01-24,"/apartamentos-venta-bavaro,-punta-cana/1256557/",NA,2,2,US$,175000,Tu Casa RD,Bávaro, Punta Cana, Bávaro,Nueva,120,Residencial,NA,TRUE,FALSE,TRUE,FALSE,TRUE,FALSE,TRUE,FALSE,FALSE,175000
2022-01-24,/apartamentos-venta-punta-cana/1238020/,NA,3,3,US$,520000,Tu Casa RD,Punta Cana, Bávaro, Punta Cana,Segundo Uso,NA,Residencial,NA,FALSE,FALSE,TRUE,FALSE,TRUE,FALSE,FALSE,FALSE,FALSE,520000
2022-01-24,"/apartamentos-venta-bavaro,-punta-cana/1220604/",NA,1,1,US$,110000,Premium Real Estate,Bávaro, Punta Cana, Bávaro,En Construcción,81,Residencial,NA,FALSE,TRUE,TRUE,FALSE,FALSE,TRUE,FALSE,FALSE,FALSE,110000
2022-01-24,/apartamentos-venta-bavaro-y-punta-cana-general/1248186/,NA,2.5,2,US$,122500,Tu Casa RD,Bávaro y Punta Cana (General), Bávaro, Punta Cana,En Construcción,103,Residencial,NA,TRUE,FALSE,TRUE,FALSE,TRUE,FALSE,TRUE,TRUE,TRUE,122500
2022-01-24,"/apartamentos-venta-bavaro,-punta-cana/1254412/",1,2,2,US$,250000,KEYBROKERS INMOBILIARIA,Bávaro, Punta Cana, Bávaro,En Construcción,NA,Residencial,NA,FALSE,TRUE,TRUE,FALSE,FALSE,FALSE,TRUE,FALSE,TRUE,250000
2022-01-24,"/apartamentos-venta-bavaro,-punta-cana/1254130/",1,1,1,US$,44000,Remax Metropolitana,Bávaro, Punta Cana, Bávaro,En Construcción,NA,Residencial,NA,FALSE,FALSE,TRUE,FALSE,FALSE,FALSE,TRUE,FALSE,TRUE,44000
2022-01-24,/apartamentos-venta-bavaro-y-punta-cana-general/1250254/,2,2.5,2,US$,155000,Remax Metropolitana,Bávaro y Punta Cana (General), Bávaro, Punta Cana,En Construcción,117,Residencial,1,FALSE,FALSE,FALSE,FALSE,FALSE,FALSE,FALSE,FALSE,FALSE,155000
2022-01-24,"/apartamentos-venta-bavaro,-punta-cana/1250249/",2,2,3,US$,90000,Remax Metropolitana,Bávaro, Punta Cana, Bávaro,Segundo Uso,145,Residencial,NA,FALSE,FALSE,TRUE,FALSE,FALSE,FALSE,TRUE,FALSE,FALSE,90000
2022-01-24,"/apartamentos-venta-bavaro,-punta-cana/1256723/",1,1,1,US$,79999,Remax Metropolitana,Bávaro, Punta Cana, Bávaro,En Construcción,NA,Residencial,NA,FALSE,FALSE,TRUE,FALSE,FALSE,FALSE,TRUE,FALSE,FALSE,79999
2022-01-24,"/apartamentos-venta-bavaro,-punta-cana/1211885/",NA,2,2,US$,165000,Domus Mea Caribe Inmobiliaria,Bávaro, Punta Cana, Bávaro,En Construcción,120,Residencial,NA,TRUE,FALSE,TRUE,TRUE,TRUE,TRUE,TRUE,TRUE,TRUE,165000
2022-01-24,/apartamentos-venta-costa-bavaro/1244153/,1,2,2,US$,150000,Domus Mea Caribe Inmobiliaria,Costa Bavaro, Bávaro, Punta Cana,Segundo Uso,125,Residencial,NA,FALSE,FALSE,TRUE,TRUE,TRUE,FALSE,TRUE,TRUE,TRUE,150000
2022-01-24,"/apartamentos-venta-bavaro,-punta-cana/1212371/",NA,3.5,3,US$,575000,Domus Mea Caribe Inmobiliaria,Bávaro, Punta Cana, Bávaro,Segundo Uso,257,Residencial,NA,TRUE,FALSE,TRUE,FALSE,TRUE,TRUE,TRUE,TRUE,TRUE,575000
2022-01-24,/apartamentos-venta-costa-bavaro/1211891/,1,1,1,US$,57900,Domus Mea Caribe Inmobiliaria,Costa Bavaro, Bávaro, Punta Cana,Nueva,50,Residencial,NA,FALSE,FALSE,TRUE,FALSE,FALSE,FALSE,FALSE,FALSE,FALSE,57900
2022-01-24,"/apartamentos-venta-bavaro,-punta-cana/1255827/",2,3.5,3,US$,425000,Inmobiliaria Vita Home,Bávaro, Punta Cana, Bávaro,En Construcción,292,Residencial,NA,FALSE,FALSE,FALSE,FALSE,FALSE,FALSE,FALSE,FALSE,FALSE,425000
2022-01-24,"/apartamentos-venta-bavaro,-punta-cana/1255820/",1,1.5,1,US$,119500,Inmobiliaria Vita Home,Bávaro, Punta Cana, Bávaro,En Construcción,60,Residencial,NA,FALSE,FALSE,TRUE,FALSE,FALSE,FALSE,TRUE,TRUE,FALSE,119500
2022-01-24,"/apartamentos-venta-bavaro,-punta-cana/1255814/",NA,2.5,2,US$,165000,Inmobiliaria Vita Home,Bávaro, Punta Cana, Bávaro,En Construcción,177,Residencial,NA,FALSE,FALSE,TRUE,FALSE,TRUE,FALSE,TRUE,FALSE,FALSE,165000
2022-01-24,/apartamentos-venta-punta-cana/1255811/,1,2.5,2,US$,275000,Inmobiliaria Vita Home,Punta Cana, Bávaro, Punta Cana,En Construcción,158,Residencial,2,FALSE,FALSE,TRUE,FALSE,TRUE,FALSE,TRUE,FALSE,FALSE,275000
2022-01-24,"/apartamentos-venta-bavaro,-punta-cana/1238776/",1,1.5,1,US$,96499,Remax Metropolitana,Bávaro, Punta Cana, Bávaro,En Construcción,NA,Residencial,NA,TRUE,TRUE,TRUE,TRUE,FALSE,TRUE,TRUE,FALSE,TRUE,96499
2022-01-24,/apartamentos-venta-cortecito/389016/,NA,4,4,US$,349000,Yolec Investment,Cortecito, Bávaro, Punta Cana,NA,165,Residencial,NA,FALSE,FALSE,FALSE,FALSE,FALSE,FALSE,FALSE,FALSE,FALSE,349000
2022-01-24,/apartamentos-venta-avenida-espana/755719/,NA,3,2,US$,119000,Yolec Investment,Avenida España, Bávaro, Punta Cana,NA,115,Residencial,2,FALSE,FALSE,FALSE,FALSE,FALSE,FALSE,FALSE,FALSE,FALSE,119000
2022-01-24,/apartamentos-venta-cap-cana/626735/,NA,3,2,US$,550000,Yolec Investment,Cap Cana, Bávaro, Punta Cana,NA,232,Residencial,NA,FALSE,FALSE,FALSE,FALSE,FALSE,FALSE,FALSE,FALSE,FALSE,550000
2022-01-24,/apartamentos-venta-cortecito/760046/,NA,4,4,US$,299000,Yolec Investment,Cortecito, Bávaro, Punta Cana,NA,250,Residencial,NA,FALSE,FALSE,FALSE,FALSE,FALSE,FALSE,FALSE,FALSE,FALSE,299000
2022-01-24,/apartamentos-venta-el-cocotal/797948/,NA,3,3,US$,220000,Yolec Investment,El Cocotal, Bávaro, Punta Cana,NA,217,Residencial,NA,FALSE,FALSE,FALSE,FALSE,FALSE,FALSE,FALSE,FALSE,FALSE,220000
2022-01-24,/apartamentos-venta-el-cocotal/595331/,NA,3,4,US$,180000,Yolec Investment,El Cocotal, Bávaro, Punta Cana,NA,168,Residencial,NA,FALSE,FALSE,FALSE,FALSE,FALSE,FALSE,FALSE,FALSE,FALSE,180000
2022-01-24,"/apartamentos-venta-bavaro,-punta-cana/1253998/",1,2,2,US$,159000,Remax Metropolitana,Bávaro, Punta Cana, Bávaro,Segundo Uso,135,Residencial,2,FALSE,FALSE,TRUE,FALSE,FALSE,FALSE,FALSE,FALSE,FALSE,159000
2022-01-24,/apartamentos-venta-el-cocotal/1253997/,1,NA,2,US$,205000,Remax Metropolitana,El Cocotal, Bávaro, Punta Cana,Nueva,102,Residencial,1,FALSE,FALSE,TRUE,FALSE,FALSE,FALSE,FALSE,FALSE,FALSE,205000
2022-01-24,/apartamentos-venta-cortecito/1250468/,NA,2.5,2,US$,318000,KEYBROKERS INMOBILIARIA,Cortecito, Bávaro, Punta Cana,En Construcción,NA,Residencial,NA,FALSE,TRUE,TRUE,FALSE,FALSE,FALSE,TRUE,FALSE,TRUE,318000
2022-01-24,/apartamentos-venta-el-cocotal/1244099/,1,2.5,2,US$,205000,Remax Metropolitana,El Cocotal, Bávaro, Punta Cana,Nueva,102,Residencial,1,FALSE,FALSE,FALSE,FALSE,TRUE,FALSE,FALSE,FALSE,FALSE,205000
2022-01-24,/apartamentos-venta-cap-cana/1251303/,1,2,2,US$,251790,Inmobiliaria Hazim Rodriguez,Cap Cana, Bávaro, Punta Cana,En Construcción,109,Residencial,4,TRUE,TRUE,TRUE,FALSE,TRUE,TRUE,TRUE,TRUE,TRUE,251790
2022-01-24,"/apartamentos-venta-bavaro,-punta-cana/1251162/",NA,2,2,US$,213000,KEYBROKERS INMOBILIARIA,Bávaro, Punta Cana, Bávaro,En Construcción,125,Residencial,NA,FALSE,TRUE,TRUE,FALSE,FALSE,TRUE,FALSE,FALSE,TRUE,213000
2022-01-24,"/apartamentos-venta-bavaro,-punta-cana/1230667/",1,1,1,US$,53200,Remax Metropolitana,Bávaro, Punta Cana, Bávaro,En Construcción,43,Residencial,NA,FALSE,FALSE,TRUE,FALSE,FALSE,FALSE,TRUE,FALSE,FALSE,53200
2022-01-24,"/apartamentos-venta-bavaro,-punta-cana/1233587/",NA,2.5,2,US$,298000,Algonovo Real Estate,Bávaro, Punta Cana, Bávaro,Nueva,149,Residencial,1,FALSE,FALSE,TRUE,FALSE,FALSE,FALSE,TRUE,FALSE,TRUE,298000
2022-01-24,/apartamentos-venta-costa-bavaro/1250619/,2,2,2,US$,99000,Megacasa RD,Costa Bavaro, Bávaro, Punta Cana,Nueva,85,Residencial,NA,TRUE,FALSE,TRUE,FALSE,FALSE,FALSE,FALSE,FALSE,FALSE,99000
2022-01-24,/apartamentos-venta-costa-bavaro/1250617/,2,3.5,3,US$,135000,Megacasa RD,Costa Bavaro, Bávaro, Punta Cana,Nueva,120,Residencial,NA,TRUE,FALSE,TRUE,FALSE,FALSE,FALSE,TRUE,FALSE,FALSE,135000
2022-01-24,/apartamentos-venta-cortecito/1250445/,NA,2,2,US$,174000,KEYBROKERS INMOBILIARIA,Cortecito, Bávaro, Punta Cana,En Construcción,109,Residencial,NA,FALSE,FALSE,TRUE,FALSE,FALSE,FALSE,TRUE,FALSE,FALSE,174000
2022-01-24,"/apartamentos-venta-bavaro,-punta-cana/1168778/",1,2,2,US$,189000,Inmobiliaria Famosa,Bávaro, Punta Cana, Bávaro,Nueva,120,N/D,2,FALSE,FALSE,TRUE,FALSE,FALSE,FALSE,TRUE,FALSE,FALSE,189000
2022-01-24,/apartamentos-venta-melia-bavaro/1228547/,2,2,2,US$,199000,Inmobiliaria Famosa,Meliá Bávaro, Bávaro, Punta Cana,Nueva,124,Residencial,2,TRUE,FALSE,TRUE,FALSE,TRUE,FALSE,TRUE,FALSE,TRUE,199000
2022-01-24,/apartamentos-venta-y-alquiler-cortecito/1246006/,1,2,2,US$,159000,Remax Metropolitana,Cortecito, Bávaro, Punta Cana,Segundo Uso,135,Residencial,3,FALSE,FALSE,FALSE,FALSE,TRUE,FALSE,FALSE,FALSE,FALSE,159000
2022-01-24,"/apartamentos-venta-bavaro,-punta-cana/1243401/",1,1,1,US$,69000,Remax Metropolitana,Bávaro, Punta Cana, Bávaro,Nueva,74,Residencial,1,FALSE,FALSE,TRUE,FALSE,FALSE,FALSE,TRUE,FALSE,FALSE,69000
2022-01-24,"/apartamentos-venta-bavaro,-punta-cana/1240780/",NA,NA,NA,US$,58580,Algonovo Real Estate,Bávaro, Punta Cana, Bávaro,En Construcción,NA,Residencial,NA,FALSE,FALSE,FALSE,FALSE,FALSE,FALSE,FALSE,FALSE,FALSE,58580
2022-01-24,/apartamentos-venta-villas-bavaro/1241855/,2,3.5,3,US$,171600,HouseLink,Villas Bávaro, Bávaro, Punta Cana,En Construcción,128,Residencial,1,FALSE,TRUE,TRUE,FALSE,TRUE,TRUE,FALSE,FALSE,TRUE,171600
2022-01-24,"/apartamentos-venta-bavaro,-punta-cana/1241946/",1,1.5,1,US$,72618,HouseLink,Bávaro, Punta Cana, Bávaro,En Construcción,56,Residencial,1,FALSE,TRUE,TRUE,TRUE,TRUE,TRUE,FALSE,FALSE,TRUE,72618
2022-01-24,/apartamentos-venta-cap-cana/1248363/,NA,2,2,US$,360000,Elite Brokers,Cap Cana, Bávaro, Punta Cana,NA,105,Residencial,NA,FALSE,TRUE,FALSE,FALSE,TRUE,FALSE,FALSE,TRUE,TRUE,360000
2022-01-24,/apartamentos-venta-bavaro-y-punta-cana-general/1235580/,1,1,1,US$,139000,Algonovo Real Estate,Bávaro y Punta Cana (General), Bávaro, Punta Cana,Segundo Uso,60,Residencial,1,FALSE,FALSE,TRUE,FALSE,FALSE,FALSE,TRUE,FALSE,FALSE,139000
2022-01-24,/apartamentos-venta-bavaro-y-punta-cana-general/1237598/,1,2,2,US$,85000,Algonovo Real Estate,Bávaro y Punta Cana (General), Bávaro, Punta Cana,Segundo Uso,140,Residencial,2,FALSE,FALSE,FALSE,FALSE,FALSE,FALSE,TRUE,FALSE,FALSE,85000
2022-01-24,"/apartamentos-venta-bavaro,-punta-cana/1246016/",3,3.5,3,US$,475000,Elite Brokers,Bávaro, Punta Cana, Bávaro,NA,407,N/D,1,TRUE,FALSE,TRUE,FALSE,TRUE,FALSE,TRUE,FALSE,TRUE,475000
2022-01-24,/apartamentos-venta-bavaro-y-punta-cana-general/1222258/,NA,NA,NA,US$,310000,BAEZ MUESES INMOBILIARIA,Bávaro y Punta Cana (General), Bávaro, Punta Cana,Nueva,NA,Residencial,NA,TRUE,TRUE,TRUE,TRUE,TRUE,TRUE,TRUE,TRUE,TRUE,310000
2022-01-24,/apartamentos-venta-bavaro/1211098/,2,3,3,US$,96900,New Home Constructora Inmobiliaria,Bávaro, Bávaro, Punta Cana,En Construcción,94,Residencial,NA,FALSE,TRUE,TRUE,FALSE,FALSE,FALSE,TRUE,FALSE,FALSE,96900
2022-01-24,/apartamentos-venta-cap-cana/711488/,NA,3,2,US$,385000,Yolec Investment,Cap Cana, Bávaro, Punta Cana,NA,265,Residencial,NA,FALSE,FALSE,FALSE,FALSE,FALSE,FALSE,FALSE,FALSE,FALSE,385000
2022-01-24,/apartamentos-venta-cap-cana/716044/,NA,1,1,US$,190000,Yolec Investment,Cap Cana, Bávaro, Punta Cana,NA,65,Residencial,NA,FALSE,FALSE,FALSE,FALSE,FALSE,FALSE,FALSE,FALSE,FALSE,190000
2022-01-24,"/apartamentos-venta-bavaro,-punta-cana/1239671/",1,2,1,US$,225000,Inmobiliaria Vita Home,Bávaro, Punta Cana, Bávaro,En Construcción,94,Residencial,NA,FALSE,TRUE,TRUE,FALSE,TRUE,TRUE,TRUE,FALSE,TRUE,225000
2022-01-24,"/apartamentos-venta-bavaro,-punta-cana/1236488/",NA,2,2,US$,228900,HouseLink,Bávaro, Punta Cana, Bávaro,En Construcción,109,Residencial,NA,FALSE,TRUE,TRUE,FALSE,FALSE,TRUE,TRUE,FALSE,TRUE,228900
2022-01-24,"/apartamentos-venta-bavaro,-punta-cana/1167059/",1,2,2,US$,179000,Inmobiliaria Famosa,Bávaro, Punta Cana, Bávaro,En Construcción,122,Residencial,2,FALSE,FALSE,FALSE,FALSE,FALSE,FALSE,FALSE,FALSE,FALSE,179000
2022-01-24,"/apartamentos-venta-bavaro,-punta-cana/1236490/",1,2,1,US$,60900,HouseLink,Bávaro, Punta Cana, Bávaro,En Construcción,74,Residencial,NA,FALSE,FALSE,FALSE,FALSE,FALSE,FALSE,TRUE,FALSE,FALSE,60900
2022-01-24,/apartamentos-venta-white-sands/195843/,NA,2,2,US$,375000,Yolec Investment,White Sands, Bávaro, Punta Cana,NA,95,Residencial,NA,FALSE,FALSE,FALSE,FALSE,FALSE,FALSE,FALSE,FALSE,FALSE,375000
2022-01-24,"/apartamentos-venta-bavaro,-punta-cana/1226050/",NA,NA,NA,US$,121800,Abril Group SRL,Bávaro, Punta Cana, Bávaro,Nueva,51,Residencial,NA,TRUE,TRUE,TRUE,TRUE,TRUE,TRUE,TRUE,TRUE,TRUE,121800
