date,id,parking,bathrooms,bedrooms,currency,price,seller,neighborhood,city,province,status,area,usage,story,planta,lift,pool,pozo,terraza,lobby,balcon,jacuzzi,gimnasio,price.usd
2022-02-10,/apartamentos-venta-la-esperilla/1265519/,2,3.5,3,US$,262500,CityMax Santo Domingo,La Esperilla, Santo Domingo Centro (D.N.), Santo Domingo,Segundo Uso,365,Residencial,NA,TRUE,TRUE,FALSE,TRUE,FALSE,TRUE,TRUE,FALSE,FALSE,262500
2022-02-10,/apartamentos-venta-la-esperilla/1266426/,2,3.5,3,US$,345030,Seekers Inmobiliaria,La Esperilla, Santo Domingo Centro (D.N.), Santo Domingo,En Construcción,255,Residencial,NA,TRUE,TRUE,TRUE,FALSE,TRUE,TRUE,TRUE,TRUE,TRUE,345030
2022-02-10,/apartamentos-venta-la-esperilla/1269858/,2,2.5,2,US$,196500,Domus Mea Caribe Inmobiliaria,La Esperilla, Santo Domingo Centro (D.N.), Santo Domingo,Nueva,149,Residencial,4,TRUE,TRUE,FALSE,FALSE,FALSE,TRUE,TRUE,FALSE,FALSE,196500
2022-02-10,/apartamentos-venta-la-esperilla/1262779/,2,2.5,2,US$,231000,Vivenzas Real Estate ,La Esperilla, Santo Domingo Centro (D.N.), Santo Domingo,En Construcción,125,Residencial,NA,TRUE,TRUE,FALSE,FALSE,TRUE,TRUE,FALSE,TRUE,TRUE,231000
2022-02-10,/apartamentos-venta-la-esperilla/1257587/,2,2,2,US$,245000,Vivenzas Real Estate ,La Esperilla, Santo Domingo Centro (D.N.), Santo Domingo,Segundo Uso,122,Residencial,NA,TRUE,TRUE,TRUE,FALSE,FALSE,TRUE,TRUE,FALSE,TRUE,245000
2022-02-10,/apartamentos-venta-la-esperilla/1262777/,1,1.5,1,US$,132000,Vivenzas Real Estate ,La Esperilla, Santo Domingo Centro (D.N.), Santo Domingo,En Construcción,70,Residencial,NA,TRUE,TRUE,FALSE,FALSE,FALSE,TRUE,FALSE,TRUE,TRUE,132000
2022-02-10,/apartamentos-venta-la-esperilla/1262782/,2,2.5,3,US$,207000,Vivenzas Real Estate ,La Esperilla, Santo Domingo Centro (D.N.), Santo Domingo,Segundo Uso,179,Residencial,NA,TRUE,TRUE,TRUE,FALSE,FALSE,FALSE,FALSE,FALSE,FALSE,207000
2022-02-10,/apartamentos-venta-la-esperilla/1257670/,2,3.5,3,US$,258000,Vivenzas Real Estate ,La Esperilla, Santo Domingo Centro (D.N.), Santo Domingo,En Construcción,143,Residencial,NA,TRUE,TRUE,TRUE,FALSE,TRUE,TRUE,TRUE,TRUE,TRUE,258000
2022-02-10,/apartamentos-venta-la-esperilla/1262780/,1,1.5,1,US$,140800,Vivenzas Real Estate ,La Esperilla, Santo Domingo Centro (D.N.), Santo Domingo,En Construcción,75,Residencial,NA,TRUE,TRUE,FALSE,FALSE,FALSE,TRUE,FALSE,TRUE,TRUE,140800
2022-02-10,/apartamentos-venta-la-esperilla/1254648/,3,3.5,3,US$,444000,Vivenzas Real Estate ,La Esperilla, Santo Domingo Centro (D.N.), Santo Domingo,En Construcción,268,Residencial,NA,TRUE,TRUE,FALSE,FALSE,TRUE,TRUE,TRUE,TRUE,TRUE,444000
2022-02-10,/apartamentos-venta-la-esperilla/1262774/,3,3.5,3,US$,494000,Vivenzas Real Estate ,La Esperilla, Santo Domingo Centro (D.N.), Santo Domingo,Nueva,328,Residencial,NA,TRUE,TRUE,FALSE,FALSE,TRUE,TRUE,TRUE,TRUE,TRUE,494000
2022-02-10,/apartamentos-venta-la-esperilla/1257672/,2,2.5,2,US$,184000,Vivenzas Real Estate ,La Esperilla, Santo Domingo Centro (D.N.), Santo Domingo,En Construcción,112,Residencial,NA,TRUE,TRUE,TRUE,FALSE,TRUE,TRUE,TRUE,FALSE,TRUE,184000
2022-02-10,/apartamentos-venta-y-alquiler-la-esperilla/1249035/,2,2.5,2,US$,290000,Vivenzas Real Estate ,La Esperilla, Santo Domingo Centro (D.N.), Santo Domingo,Nueva,123,Residencial,NA,TRUE,TRUE,FALSE,FALSE,TRUE,TRUE,TRUE,FALSE,TRUE,290000
2022-02-10,/apartamentos-venta-y-alquiler-la-esperilla/1252997/,2,1,1,US$,145000,Vivenzas Real Estate ,La Esperilla, Santo Domingo Centro (D.N.), Santo Domingo,Segundo Uso,84,Residencial,NA,TRUE,TRUE,TRUE,FALSE,FALSE,TRUE,TRUE,FALSE,TRUE,145000
2022-02-10,/apartamentos-venta-la-esperilla/1262912/,2,1.5,1,US$,165000,Vivenzas Real Estate ,La Esperilla, Santo Domingo Centro (D.N.), Santo Domingo,Nueva,85,Residencial,NA,TRUE,TRUE,TRUE,FALSE,FALSE,TRUE,FALSE,TRUE,TRUE,165000
2022-02-10,/apartamentos-venta-la-esperilla/1247961/,1,1.5,1,US$,151000,Vivenzas Real Estate ,La Esperilla, Santo Domingo Centro (D.N.), Santo Domingo,Nueva,68,Residencial,NA,TRUE,TRUE,TRUE,TRUE,FALSE,TRUE,TRUE,FALSE,TRUE,151000
2022-02-10,/apartamentos-venta-la-esperilla/1257760/,2,3.5,3,US$,284000,Vivenzas Real Estate ,La Esperilla, Santo Domingo Centro (D.N.), Santo Domingo,En Construcción,127,Residencial,NA,TRUE,TRUE,TRUE,FALSE,TRUE,TRUE,TRUE,TRUE,TRUE,284000
2022-02-10,/apartamentos-venta-la-esperilla/1265896/,2,2.5,3,US$,220000,Vivenzas Real Estate ,La Esperilla, Santo Domingo Centro (D.N.), Santo Domingo,Segundo Uso,185,Residencial,NA,TRUE,TRUE,FALSE,FALSE,TRUE,TRUE,TRUE,FALSE,TRUE,220000
2022-02-10,/apartamentos-venta-la-esperilla/1251840/,1,1,1,US$,178000,Vivenzas Real Estate ,La Esperilla, Santo Domingo Centro (D.N.), Santo Domingo,En Planos,51,Residencial,NA,TRUE,TRUE,TRUE,FALSE,FALSE,TRUE,TRUE,FALSE,TRUE,178000
2022-02-10,/apartamentos-venta-la-esperilla/1262895/,3,3.5,3,US$,420000,Vivenzas Real Estate ,La Esperilla, Santo Domingo Centro (D.N.), Santo Domingo,Nueva,255,Residencial,NA,TRUE,TRUE,TRUE,FALSE,TRUE,TRUE,TRUE,TRUE,TRUE,420000
2022-02-10,/apartamentos-venta-la-esperilla/1259961/,2,2.5,2,US$,250000,Vivenzas Real Estate ,La Esperilla, Santo Domingo Centro (D.N.), Santo Domingo,Segundo Uso,160,Residencial,NA,TRUE,TRUE,TRUE,FALSE,FALSE,TRUE,TRUE,FALSE,TRUE,250000
2022-02-10,/apartamentos-venta-la-esperilla/1252354/,2,1,1,US$,185000,Vivenzas Real Estate ,La Esperilla, Santo Domingo Centro (D.N.), Santo Domingo,Segundo Uso,83,Residencial,NA,TRUE,TRUE,TRUE,FALSE,FALSE,TRUE,TRUE,FALSE,TRUE,185000
2022-02-10,/apartamentos-venta-la-esperilla/1217997/,2,3.5,3,US$,400000,Vivenzas Real Estate ,La Esperilla, Santo Domingo Centro (D.N.), Santo Domingo,Segundo Uso,330,Residencial,NA,TRUE,TRUE,TRUE,FALSE,TRUE,TRUE,TRUE,TRUE,TRUE,400000
2022-02-10,/apartamentos-venta-la-esperilla/1262894/,3,3.5,3,US$,289000,Vivenzas Real Estate ,La Esperilla, Santo Domingo Centro (D.N.), Santo Domingo,Nueva,225,Residencial,NA,TRUE,TRUE,TRUE,TRUE,TRUE,TRUE,TRUE,TRUE,TRUE,289000
2022-02-10,/apartamentos-venta-la-esperilla/1258580/,1,1.5,1,US$,136000,BELFER INNOVARTHOMERD,La Esperilla, Santo Domingo Centro (D.N.), Santo Domingo,Nueva,81,Residencial,2,TRUE,TRUE,TRUE,FALSE,FALSE,TRUE,TRUE,FALSE,TRUE,136000
2022-02-10,/apartamentos-venta-la-esperilla/1254069/,2,2.5,2,US$,160000,Algonovo Real Estate,La Esperilla, Santo Domingo Centro (D.N.), Santo Domingo,En Construcción,88,N/D,NA,TRUE,TRUE,TRUE,FALSE,FALSE,FALSE,FALSE,FALSE,TRUE,160000
2022-02-10,/apartamentos-venta-la-esperilla/1260546/,3,3.5,3,US$,357000,Premium Real Estate,La Esperilla, Santo Domingo Centro (D.N.), Santo Domingo,Segundo Uso,196,Residencial,4,TRUE,TRUE,TRUE,FALSE,TRUE,TRUE,TRUE,FALSE,TRUE,357000
2022-02-10,/apartamentos-venta-la-esperilla/1248730/,2,1.5,1,US$,165000,Algonovo Real Estate,La Esperilla, Santo Domingo Centro (D.N.), Santo Domingo,Nueva,92,Residencial,NA,TRUE,TRUE,TRUE,FALSE,TRUE,TRUE,TRUE,TRUE,TRUE,165000
2022-02-10,/apartamentos-venta-la-esperilla/1248731/,2,2.5,2,US$,245000,Algonovo Real Estate,La Esperilla, Santo Domingo Centro (D.N.), Santo Domingo,Nueva,162,Residencial,NA,TRUE,TRUE,TRUE,FALSE,TRUE,TRUE,TRUE,TRUE,TRUE,245000
2022-02-10,/apartamentos-venta-la-esperilla/1256968/,2,1.5,1,US$,123000,Algonovo Real Estate,La Esperilla, Santo Domingo Centro (D.N.), Santo Domingo,En Construcción,NA,N/D,11,TRUE,TRUE,TRUE,FALSE,TRUE,FALSE,FALSE,FALSE,TRUE,123000
2022-02-10,/apartamentos-venta-la-esperilla/1248734/,3,3.5,3,US$,284000,Algonovo Real Estate,La Esperilla, Santo Domingo Centro (D.N.), Santo Domingo,Nueva,230,Residencial,NA,TRUE,TRUE,TRUE,FALSE,TRUE,FALSE,TRUE,TRUE,TRUE,284000
2022-02-10,/apartamentos-venta-la-esperilla/1265546/,1,1.5,1,US$,150000,Habitame Inmobiliaria,La Esperilla, Santo Domingo Centro (D.N.), Santo Domingo,En Construcción,68,Residencial,NA,FALSE,FALSE,TRUE,FALSE,FALSE,FALSE,TRUE,FALSE,TRUE,150000
2022-02-10,/apartamentos-venta-la-esperilla/1238435/,2,2.5,2,US$,257500,Juan Ventura,La Esperilla, Santo Domingo Centro (D.N.), Santo Domingo,Nueva,162,Residencial,5,TRUE,TRUE,TRUE,TRUE,TRUE,TRUE,TRUE,FALSE,TRUE,257500
2022-02-10,/apartamentos-venta-la-esperilla/1238432/,3,3.5,3,US$,294000,Juan Ventura,La Esperilla, Santo Domingo Centro (D.N.), Santo Domingo,Nueva,230,Residencial,5,TRUE,TRUE,TRUE,TRUE,TRUE,TRUE,TRUE,TRUE,TRUE,294000
2022-02-10,/apartamentos-venta-la-esperilla/1250130/,2,2.5,3,US$,199900,Inmobiliaria Grupal,La Esperilla, Santo Domingo Centro (D.N.), Santo Domingo,Segundo Uso,320,Residencial,4,FALSE,FALSE,FALSE,TRUE,TRUE,FALSE,FALSE,FALSE,FALSE,199900
2022-02-10,/apartamentos-venta-la-esperilla/1261706/,1,1.5,1,US$,148000,Republic Real State,La Esperilla, Santo Domingo Centro (D.N.), Santo Domingo,En Planos,68,Residencial,NA,TRUE,TRUE,TRUE,FALSE,FALSE,TRUE,TRUE,FALSE,TRUE,148000
2022-02-10,/apartamentos-venta-la-esperilla/1217628/,2,2.5,2,US$,170000,Inmobiliaria e Inversiones Peguero & Asociados,La Esperilla, Santo Domingo Centro (D.N.), Santo Domingo,En Construcción,NA,Residencial,3,TRUE,TRUE,TRUE,TRUE,TRUE,TRUE,TRUE,FALSE,TRUE,170000
2022-02-10,/apartamentos-venta-la-esperilla/1263561/,2,3.5,3,US$,335000,MBello Bienes Raices,La Esperilla, Santo Domingo Centro (D.N.), Santo Domingo,Segundo Uso,336,Residencial,7,TRUE,TRUE,TRUE,TRUE,TRUE,TRUE,TRUE,TRUE,TRUE,335000
2022-02-10,/apartamentos-venta-la-esperilla/1212187/,2,3.5,3,US$,278000,Domus Mea Caribe Inmobiliaria,La Esperilla, Santo Domingo Centro (D.N.), Santo Domingo,En Construcción,163,Residencial,NA,TRUE,TRUE,TRUE,FALSE,TRUE,TRUE,TRUE,TRUE,TRUE,278000
2022-02-10,/apartamentos-venta-la-esperilla/1267876/,1,1.5,1,US$,132000,Domus Mea Caribe Inmobiliaria,La Esperilla, Santo Domingo Centro (D.N.), Santo Domingo,En Construcción,70,Residencial,NA,TRUE,TRUE,FALSE,FALSE,FALSE,TRUE,TRUE,TRUE,TRUE,132000
2022-02-10,/apartamentos-venta-la-esperilla/1267877/,NA,NA,NA,US$,231000,Domus Mea Caribe Inmobiliaria,La Esperilla, Santo Domingo Centro (D.N.), Santo Domingo,En Construcción,NA,Residencial,NA,TRUE,TRUE,FALSE,FALSE,FALSE,TRUE,TRUE,TRUE,TRUE,231000
2022-02-10,/apartamentos-venta-la-esperilla/1258550/,2,2.5,2,US$,200000,Dreamhome Real Estate,La Esperilla, Santo Domingo Centro (D.N.), Santo Domingo,Segundo Uso,138,Residencial,NA,TRUE,TRUE,TRUE,FALSE,FALSE,TRUE,TRUE,FALSE,TRUE,200000
2022-02-10,/apartamentos-venta-la-esperilla/1255928/,2,1,1,US$,185000,Dreamhome Real Estate,La Esperilla, Santo Domingo Centro (D.N.), Santo Domingo,Segundo Uso,115,Residencial,11,TRUE,TRUE,TRUE,TRUE,TRUE,TRUE,TRUE,TRUE,TRUE,185000
2022-02-10,/apartamentos-venta-la-esperilla/1254689/,1,1,1,US$,140800,Bonillamultiservice,La Esperilla, Santo Domingo Centro (D.N.), Santo Domingo,Nueva,70,Residencial,NA,FALSE,TRUE,FALSE,FALSE,FALSE,TRUE,TRUE,TRUE,TRUE,140800
2022-02-10,/apartamentos-venta-la-esperilla/1242347/,1,1,1,US$,158400,Bonillamultiservice,La Esperilla, Santo Domingo Centro (D.N.), Santo Domingo,Nueva,100,Residencial,NA,FALSE,FALSE,FALSE,FALSE,FALSE,FALSE,TRUE,FALSE,FALSE,158400
2022-02-10,/apartamentos-venta-la-esperilla/1227620/,2,2.5,2,US$,187500,Home Master SRL,La Esperilla, Santo Domingo Centro (D.N.), Santo Domingo,En Construcción,125,N/D,NA,TRUE,TRUE,FALSE,FALSE,FALSE,FALSE,TRUE,TRUE,TRUE,187500
2022-02-10,/apartamentos-venta-la-esperilla/1259138/,1,NA,3,US$,210000,Property Inmobiliaria,La Esperilla, Santo Domingo Centro (D.N.), Santo Domingo,Segundo Uso,250,Residencial,NA,FALSE,FALSE,TRUE,FALSE,FALSE,FALSE,TRUE,FALSE,FALSE,210000
2022-02-10,/apartamentos-venta-la-esperilla/1258835/,NA,2.5,2,US$,190000,Property Inmobiliaria,La Esperilla, Santo Domingo Centro (D.N.), Santo Domingo,Segundo Uso,145,Residencial,NA,FALSE,FALSE,TRUE,FALSE,FALSE,TRUE,TRUE,FALSE,TRUE,190000
2022-02-10,/apartamentos-venta-la-esperilla/1252850/,2,2,3,US$,278000,Mr. Home Asesores Inmobiliarios,La Esperilla, Santo Domingo Centro (D.N.), Santo Domingo,NA,163,Residencial,NA,FALSE,FALSE,FALSE,FALSE,FALSE,FALSE,FALSE,FALSE,FALSE,278000
2022-02-10,/apartamentos-venta-la-esperilla/1259026/,2,3.5,3,US$,275000,Mr. Home Asesores Inmobiliarios,La Esperilla, Santo Domingo Centro (D.N.), Santo Domingo,NA,250,Residencial,NA,FALSE,FALSE,FALSE,FALSE,TRUE,TRUE,TRUE,FALSE,FALSE,275000
2022-02-10,/apartamentos-venta-la-esperilla/1259000/,2,3.5,3,US$,225000,Mr. Home Asesores Inmobiliarios,La Esperilla, Santo Domingo Centro (D.N.), Santo Domingo,NA,293,Residencial,NA,TRUE,FALSE,FALSE,FALSE,FALSE,FALSE,FALSE,FALSE,FALSE,225000
2022-02-10,/apartamentos-venta-la-esperilla/1234342/,1,1.5,1,US$,140800,Virna Reyes,La Esperilla, Santo Domingo Centro (D.N.), Santo Domingo,En Construcción,75,Residencial,2,TRUE,TRUE,FALSE,FALSE,FALSE,TRUE,FALSE,FALSE,FALSE,140800
2022-02-10,/apartamentos-venta-la-esperilla/1269030/,NA,2.5,3,US$,395000,Mr. Home Asesores Inmobiliarios,La Esperilla, Santo Domingo Centro (D.N.), Santo Domingo,NA,295,Residencial,NA,FALSE,TRUE,TRUE,FALSE,TRUE,FALSE,FALSE,FALSE,TRUE,395000
2022-02-10,/apartamentos-venta-la-esperilla/1267794/,2,2.5,3,US$,235000,Mr. Home Asesores Inmobiliarios,La Esperilla, Santo Domingo Centro (D.N.), Santo Domingo,NA,305,Residencial,NA,TRUE,TRUE,FALSE,FALSE,FALSE,TRUE,FALSE,FALSE,FALSE,235000
2022-02-10,/apartamentos-venta-la-esperilla/1269816/,2,3.5,3,US$,350000,Global Realty Group,La Esperilla, Santo Domingo Centro (D.N.), Santo Domingo,Segundo Uso,360,Residencial,6,TRUE,TRUE,FALSE,TRUE,TRUE,TRUE,TRUE,TRUE,FALSE,350000
2022-02-10,/apartamentos-venta-la-esperilla/1269815/,3,3,2,US$,380000,Global Realty Group,La Esperilla, Santo Domingo Centro (D.N.), Santo Domingo,Remodelada,398,Residencial,7,TRUE,TRUE,FALSE,TRUE,FALSE,TRUE,TRUE,FALSE,FALSE,380000
2022-02-10,/apartamentos-venta-la-esperilla/1269703/,3,2.5,3,US$,215000,Inmobiliaria Grupal,La Esperilla, Santo Domingo Centro (D.N.), Santo Domingo,Segundo Uso,162,Residencial,7,TRUE,TRUE,FALSE,TRUE,FALSE,TRUE,TRUE,FALSE,TRUE,215000
2022-02-10,/apartamentos-venta-la-esperilla/1268681/,2,3.5,3,US$,275000,Inmobiliaria Grupal,La Esperilla, Santo Domingo Centro (D.N.), Santo Domingo,Nueva,180,Residencial,NA,TRUE,TRUE,FALSE,FALSE,TRUE,TRUE,TRUE,FALSE,TRUE,275000
2022-02-10,/apartamentos-venta-la-esperilla/1247862/,2,2.5,2,US$,250000,Keller Williams Gold ,La Esperilla, Santo Domingo Centro (D.N.), Santo Domingo,Nueva,123,Residencial,2,TRUE,TRUE,TRUE,FALSE,FALSE,TRUE,TRUE,FALSE,TRUE,250000
2022-02-10,/apartamentos-venta-la-esperilla/1262756/,2,3.5,3,US$,395000,Estrella Inmobiliaria ,La Esperilla, Santo Domingo Centro (D.N.), Santo Domingo,Segundo Uso,297,Residencial,12,TRUE,TRUE,TRUE,TRUE,FALSE,TRUE,TRUE,FALSE,TRUE,395000
2022-02-10,/apartamentos-venta-la-esperilla/1228990/,2,3.5,3,US$,315000,Marrero Luxury,La Esperilla, Santo Domingo Centro (D.N.), Santo Domingo,Segundo Uso,365,Residencial,11,TRUE,TRUE,FALSE,TRUE,TRUE,TRUE,TRUE,TRUE,FALSE,315000
2022-02-10,/apartamentos-venta-la-esperilla/1249661/,2,NA,3,US$,284000,DARAD Real Estate RD,La Esperilla, Santo Domingo Centro (D.N.), Santo Domingo,En Construcción,NA,Residencial,NA,TRUE,TRUE,TRUE,TRUE,TRUE,TRUE,TRUE,FALSE,TRUE,284000
2022-02-10,/apartamentos-venta-la-esperilla/1253929/,2,1.5,1,US$,190000,Seekers Inmobiliaria,La Esperilla, Santo Domingo Centro (D.N.), Santo Domingo,Segundo Uso,85,Residencial,NA,FALSE,TRUE,TRUE,FALSE,FALSE,FALSE,FALSE,FALSE,TRUE,190000
2022-02-10,/apartamentos-venta-la-esperilla/1265819/,1,1,1,US$,150000,Seekers Inmobiliaria,La Esperilla, Santo Domingo Centro (D.N.), Santo Domingo,En Construcción,NA,Residencial,8,TRUE,TRUE,TRUE,FALSE,TRUE,FALSE,FALSE,FALSE,TRUE,150000
2022-02-10,/apartamentos-venta-la-esperilla/1245415/,2,3,3,US$,278000,Seekers Inmobiliaria,La Esperilla, Santo Domingo Centro (D.N.), Santo Domingo,Nueva,163,Residencial,NA,FALSE,FALSE,FALSE,FALSE,TRUE,FALSE,FALSE,FALSE,FALSE,278000
2022-02-10,/apartamentos-venta-la-esperilla/1241278/,1,1.5,1,US$,144000,Seekers Inmobiliaria,La Esperilla, Santo Domingo Centro (D.N.), Santo Domingo,En Construcción,68,Residencial,NA,TRUE,TRUE,FALSE,FALSE,FALSE,TRUE,FALSE,FALSE,TRUE,144000
2022-02-10,/apartamentos-venta-la-esperilla/1252930/,2,3,3,US$,28938000,Seekers Inmobiliaria,La Esperilla, Santo Domingo Centro (D.N.), Santo Domingo,En Construcción,138,Residencial,NA,FALSE,TRUE,TRUE,FALSE,TRUE,TRUE,FALSE,FALSE,TRUE,28938000
2022-02-10,/apartamentos-venta-la-esperilla/1252929/,1,1,1,US$,178080,Seekers Inmobiliaria,La Esperilla, Santo Domingo Centro (D.N.), Santo Domingo,En Construcción,51,Residencial,NA,FALSE,TRUE,TRUE,FALSE,TRUE,TRUE,FALSE,FALSE,TRUE,178080
2022-02-10,/apartamentos-venta-la-esperilla/1252927/,1,1,1,US$,178080,Seekers Inmobiliaria,La Esperilla, Santo Domingo Centro (D.N.), Santo Domingo,En Construcción,51,Residencial,NA,FALSE,TRUE,TRUE,FALSE,TRUE,TRUE,FALSE,FALSE,TRUE,178080
2022-02-10,/apartamentos-venta-la-esperilla/1258511/,2,1.5,1,US$,123000,Algonovo Real Estate,La Esperilla, Santo Domingo Centro (D.N.), Santo Domingo,En Construcción,50,Residencial,NA,TRUE,TRUE,TRUE,FALSE,FALSE,TRUE,TRUE,FALSE,TRUE,123000
2022-02-10,/apartamentos-venta-la-esperilla/1253111/,2,2.5,2,US$,257500,CityMax Santo Domingo,La Esperilla, Santo Domingo Centro (D.N.), Santo Domingo,Nueva,168,Residencial,5,TRUE,TRUE,TRUE,FALSE,FALSE,TRUE,TRUE,FALSE,TRUE,257500
2022-02-10,/apartamentos-venta-la-esperilla/1253383/,2,3.5,3,US$,262500,CityMax Santo Domingo,La Esperilla, Santo Domingo Centro (D.N.), Santo Domingo,Segundo Uso,365,Residencial,13,TRUE,TRUE,FALSE,FALSE,FALSE,FALSE,TRUE,FALSE,FALSE,262500
2022-02-10,/apartamentos-venta-la-esperilla/1268657/,2,2.5,2,US$,231000,CityMax Santo Domingo,La Esperilla, Santo Domingo Centro (D.N.), Santo Domingo,En Construcción,125,Residencial,2,TRUE,TRUE,FALSE,FALSE,FALSE,TRUE,FALSE,FALSE,TRUE,231000
2022-02-10,/apartamentos-venta-la-esperilla/1253379/,2,1.5,1,US$,167500,CityMax Santo Domingo,La Esperilla, Santo Domingo Centro (D.N.), Santo Domingo,Nueva,92,Residencial,9,FALSE,FALSE,FALSE,FALSE,FALSE,FALSE,FALSE,FALSE,FALSE,167500
2022-02-10,/apartamentos-venta-la-esperilla/1253119/,2,3.5,3,US$,284000,CityMax Santo Domingo,La Esperilla, Santo Domingo Centro (D.N.), Santo Domingo,En Construcción,143,Residencial,6,FALSE,FALSE,FALSE,FALSE,FALSE,FALSE,FALSE,FALSE,FALSE,284000
2022-02-10,/apartamentos-venta-la-esperilla/1268662/,3,3.5,3,US$,294000,CityMax Santo Domingo,La Esperilla, Santo Domingo Centro (D.N.), Santo Domingo,Nueva,229,Residencial,5,TRUE,TRUE,TRUE,FALSE,FALSE,TRUE,TRUE,FALSE,TRUE,294000
2022-02-10,/apartamentos-venta-la-esperilla/1269569/,3,3.5,3,US$,365000,CityMax Santo Domingo,La Esperilla, Santo Domingo Centro (D.N.), Santo Domingo,Nueva,260,Residencial,2,TRUE,TRUE,TRUE,TRUE,TRUE,TRUE,TRUE,FALSE,TRUE,365000
2022-02-10,/apartamentos-venta-la-esperilla/1269570/,3,3.5,3,RD$,284000,CityMax Santo Domingo,La Esperilla, Santo Domingo Centro (D.N.), Santo Domingo,Nueva,230,Residencial,5,TRUE,TRUE,FALSE,FALSE,TRUE,TRUE,TRUE,FALSE,TRUE,4854.7008547008545
2022-02-10,/apartamentos-venta-la-esperilla/1265615/,2,3,3,US$,262000,CityMax Santo Domingo,La Esperilla, Santo Domingo Centro (D.N.), Santo Domingo,Segundo Uso,365,Residencial,NA,TRUE,TRUE,FALSE,TRUE,FALSE,TRUE,TRUE,FALSE,TRUE,262000
2022-02-10,/apartamentos-venta-la-esperilla/1266508/,3,4,3,US$,360000,CityMax Santo Domingo,La Esperilla, Santo Domingo Centro (D.N.), Santo Domingo,Segundo Uso,226,Residencial,8,TRUE,TRUE,TRUE,FALSE,TRUE,FALSE,TRUE,TRUE,TRUE,360000
2022-02-10,/apartamentos-venta-la-esperilla/1269788/,2,2.5,3,US$,395000,Top inmobiliario Srl,La Esperilla, Santo Domingo Centro (D.N.), Santo Domingo,Segundo Uso,292,Residencial,12,TRUE,TRUE,TRUE,FALSE,TRUE,TRUE,TRUE,FALSE,TRUE,395000
2022-02-10,/apartamentos-venta-la-esperilla/1252219/,2,1.5,1,US$,165000,Algonovo Real Estate,La Esperilla, Santo Domingo Centro (D.N.), Santo Domingo,Nueva,92,Residencial,NA,FALSE,TRUE,TRUE,FALSE,FALSE,TRUE,FALSE,FALSE,TRUE,165000
2022-02-10,/apartamentos-venta-la-esperilla/1196505/,2,3.5,3,US$,180500,Mudate,La Esperilla, Santo Domingo Centro (D.N.), Santo Domingo,Nueva,127,Residencial,NA,FALSE,FALSE,FALSE,FALSE,FALSE,FALSE,FALSE,FALSE,FALSE,180500
2022-02-10,/apartamentos-venta-la-esperilla/1264184/,2,3.5,3,US$,475000,Mudate,La Esperilla, Santo Domingo Centro (D.N.), Santo Domingo,Nueva,330,Residencial,NA,FALSE,FALSE,FALSE,FALSE,FALSE,FALSE,FALSE,FALSE,FALSE,475000
2022-02-10,/apartamentos-venta-la-esperilla/1256063/,2,3.5,3,US$,278000,Mudate,La Esperilla, Santo Domingo Centro (D.N.), Santo Domingo,Nueva,163,Residencial,NA,FALSE,FALSE,FALSE,FALSE,FALSE,FALSE,FALSE,FALSE,FALSE,278000
2022-02-10,/apartamentos-venta-la-esperilla/1258468/,1,1.5,1,US$,142000,Mudate,La Esperilla, Santo Domingo Centro (D.N.), Santo Domingo,Nueva,68,Residencial,NA,FALSE,FALSE,FALSE,FALSE,FALSE,FALSE,FALSE,FALSE,FALSE,142000
2022-02-10,/apartamentos-venta-la-esperilla/1196506/,2,2.5,2,US$,141500,Mudate,La Esperilla, Santo Domingo Centro (D.N.), Santo Domingo,Nueva,91,Residencial,NA,FALSE,FALSE,FALSE,FALSE,FALSE,FALSE,FALSE,FALSE,FALSE,141500
2022-02-10,/apartamentos-venta-la-esperilla/1258465/,2,2.5,2,US$,208000,Mudate,La Esperilla, Santo Domingo Centro (D.N.), Santo Domingo,Nueva,115,Residencial,NA,FALSE,FALSE,FALSE,FALSE,FALSE,FALSE,FALSE,FALSE,FALSE,208000
2022-02-10,/apartamentos-venta-la-esperilla/1258463/,2,3.5,3,US$,277000,Mudate,La Esperilla, Santo Domingo Centro (D.N.), Santo Domingo,Nueva,143,Residencial,NA,FALSE,FALSE,FALSE,FALSE,FALSE,FALSE,FALSE,FALSE,FALSE,277000
2022-02-10,/apartamentos-venta-la-esperilla/1253403/,2,2.5,3,US$,323400,CityMax Santo Domingo,La Esperilla, Santo Domingo Centro (D.N.), Santo Domingo,En Construcción,124,Residencial,17,TRUE,TRUE,FALSE,FALSE,FALSE,FALSE,TRUE,TRUE,TRUE,323400
2022-02-10,/apartamentos-venta-y-alquiler-la-esperilla/1268840/,2,3.5,3,US$,240000,Kw Gold,La Esperilla, Santo Domingo Centro (D.N.), Santo Domingo,Segundo Uso,197,Residencial,3,TRUE,TRUE,TRUE,FALSE,FALSE,FALSE,TRUE,FALSE,TRUE,240000
2022-02-10,/apartamentos-venta-la-esperilla/1264770/,2,2.5,2,US$,195000,Kw Gold,La Esperilla, Santo Domingo Centro (D.N.), Santo Domingo,Nueva,147,Residencial,8,TRUE,TRUE,FALSE,FALSE,FALSE,FALSE,TRUE,TRUE,FALSE,195000
2022-02-10,/apartamentos-venta-y-alquiler-la-esperilla/1264777/,2,3.5,3,US$,315000,Kw Gold,La Esperilla, Santo Domingo Centro (D.N.), Santo Domingo,Segundo Uso,260,Residencial,6,TRUE,TRUE,FALSE,FALSE,FALSE,FALSE,TRUE,TRUE,FALSE,315000
2022-02-10,/apartamentos-venta-la-esperilla/1265029/,3,3.5,3,US$,670000,Kw Gold,La Esperilla, Santo Domingo Centro (D.N.), Santo Domingo,Segundo Uso,NA,Residencial,19,TRUE,TRUE,TRUE,FALSE,FALSE,TRUE,TRUE,FALSE,TRUE,670000
2022-02-10,/apartamentos-venta-la-esperilla/1261692/,2,3.5,3,US$,270000,CityMax Santo Domingo,La Esperilla, Santo Domingo Centro (D.N.), Santo Domingo,En Construcción,143,Residencial,8,TRUE,TRUE,TRUE,FALSE,FALSE,TRUE,TRUE,FALSE,TRUE,270000
2022-02-10,/apartamentos-venta-la-esperilla/1267963/,2,3.5,3,US$,360000,CityMax Santo Domingo,La Esperilla, Santo Domingo Centro (D.N.), Santo Domingo,Nueva,226,Residencial,8,TRUE,TRUE,TRUE,FALSE,TRUE,TRUE,TRUE,TRUE,FALSE,360000
2022-02-10,/apartamentos-venta-y-alquiler-la-esperilla/1265841/,2,NA,2,US$,204000,Kw Gold,La Esperilla, Santo Domingo Centro (D.N.), Santo Domingo,Segundo Uso,150,Residencial,11,TRUE,TRUE,FALSE,FALSE,FALSE,FALSE,TRUE,FALSE,FALSE,204000
2022-02-10,/apartamentos-venta-la-esperilla/1269153/,1,1.5,1,US$,140,Inmobiliaria Grupal,La Esperilla, Santo Domingo Centro (D.N.), Santo Domingo,En Construcción,NA,Residencial,5,TRUE,TRUE,FALSE,FALSE,FALSE,FALSE,FALSE,TRUE,TRUE,140
2022-02-10,/apartamentos-venta-la-esperilla/1269134/,2,2.5,3,US$,395000,Maravila Properties,La Esperilla, Santo Domingo Centro (D.N.), Santo Domingo,Segundo Uso,295,Residencial,5,TRUE,TRUE,TRUE,FALSE,FALSE,TRUE,TRUE,FALSE,TRUE,395000
2022-02-10,/apartamentos-venta-la-esperilla/1268535/,2,2.5,2,US$,231000,Maravila Properties,La Esperilla, Santo Domingo Centro (D.N.), Santo Domingo,En Construcción,125,Residencial,NA,TRUE,TRUE,FALSE,FALSE,FALSE,TRUE,TRUE,TRUE,TRUE,231000
2022-02-10,/apartamentos-venta-la-esperilla/1268537/,1,1.5,1,US$,140800,Maravila Properties,La Esperilla, Santo Domingo Centro (D.N.), Santo Domingo,En Construcción,75,Residencial,NA,TRUE,TRUE,FALSE,FALSE,TRUE,TRUE,FALSE,FALSE,TRUE,140800
2022-02-10,/apartamentos-venta-y-alquiler-la-esperilla/1262032/,2,3.5,3,US$,390000,Juriluz,La Esperilla, Santo Domingo Centro (D.N.), Santo Domingo,Nueva,358,Residencial,6,FALSE,FALSE,TRUE,FALSE,TRUE,FALSE,FALSE,TRUE,FALSE,390000
2022-02-10,/apartamentos-venta-la-esperilla/1267797/,1,1.5,1,US$,140800,Inmobiliaria Inversión Segura RD ,La Esperilla, Santo Domingo Centro (D.N.), Santo Domingo,En Construcción,75,Residencial,NA,TRUE,TRUE,FALSE,TRUE,TRUE,TRUE,TRUE,TRUE,FALSE,140800
2022-02-10,/apartamentos-venta-la-esperilla/1264013/,1,1.5,1,US$,121425,Inmobiliaria Inversión Segura RD ,La Esperilla, Santo Domingo Centro (D.N.), Santo Domingo,En Construcción,51,Residencial,NA,TRUE,TRUE,TRUE,TRUE,TRUE,TRUE,TRUE,FALSE,TRUE,121425
2022-02-10,/apartamentos-venta-la-esperilla/1261781/,1,1.5,1,US$,106800,Premium Real Estate ,La Esperilla, Santo Domingo Centro (D.N.), Santo Domingo,En Planos,NA,Residencial,NA,FALSE,TRUE,TRUE,FALSE,FALSE,TRUE,TRUE,FALSE,TRUE,106800
2022-02-10,/apartamentos-venta-la-esperilla/1268756/,1,1.5,1,US$,146000,Ciudad Inmobiliaria ,La Esperilla, Santo Domingo Centro (D.N.), Santo Domingo,En Construcción,68,Residencial,NA,TRUE,TRUE,TRUE,TRUE,FALSE,TRUE,TRUE,FALSE,FALSE,146000
2022-02-10,/apartamentos-venta-la-esperilla/1251352/,2,2.5,3,US$,211464,Ciudad Inmobiliaria ,La Esperilla, Santo Domingo Centro (D.N.), Santo Domingo,En Planos,128,Residencial,NA,TRUE,TRUE,TRUE,FALSE,TRUE,TRUE,TRUE,FALSE,TRUE,211464
2022-02-10,/apartamentos-venta-la-esperilla/1251353/,2,3,3,US$,219000,Ciudad Inmobiliaria ,La Esperilla, Santo Domingo Centro (D.N.), Santo Domingo,En Planos,140,Residencial,NA,TRUE,TRUE,TRUE,FALSE,TRUE,FALSE,TRUE,FALSE,TRUE,219000
2022-02-10,/apartamentos-venta-la-esperilla/1268655/,2,2.5,2,US$,231000,CityMax Santo Domingo,La Esperilla, Santo Domingo Centro (D.N.), Santo Domingo,En Construcción,NA,Residencial,NA,TRUE,TRUE,FALSE,TRUE,FALSE,TRUE,TRUE,FALSE,TRUE,231000
2022-02-10,/apartamentos-venta-la-esperilla/1267928/,3,3.5,3,US$,360000,CityMax Santo Domingo,La Esperilla, Santo Domingo Centro (D.N.), Santo Domingo,Segundo Uso,226,Residencial,NA,TRUE,TRUE,TRUE,TRUE,FALSE,TRUE,TRUE,FALSE,FALSE,360000
2022-02-10,/apartamentos-venta-la-esperilla/1265349/,1,1,1,US$,168000,URBANET,La Esperilla, Santo Domingo Centro (D.N.), Santo Domingo,En Construcción,NA,Residencial,NA,TRUE,TRUE,TRUE,TRUE,TRUE,TRUE,TRUE,TRUE,TRUE,168000
2022-02-10,/apartamentos-venta-la-esperilla/1265332/,2,2.5,2,US$,208000,URBANET,La Esperilla, Santo Domingo Centro (D.N.), Santo Domingo,En Construcción,NA,Residencial,NA,TRUE,TRUE,TRUE,TRUE,TRUE,TRUE,TRUE,TRUE,TRUE,208000
2022-02-10,/apartamentos-venta-la-esperilla/1265329/,2,3.5,3,US$,277000,URBANET,La Esperilla, Santo Domingo Centro (D.N.), Santo Domingo,En Construcción,NA,Residencial,NA,TRUE,TRUE,TRUE,TRUE,TRUE,TRUE,TRUE,TRUE,TRUE,277000
2022-02-10,/apartamentos-venta-la-esperilla/1265325/,1,1.5,1,US$,140000,URBANET,La Esperilla, Santo Domingo Centro (D.N.), Santo Domingo,En Construcción,NA,Residencial,NA,TRUE,TRUE,TRUE,TRUE,TRUE,TRUE,TRUE,TRUE,TRUE,140000
2022-02-10,/apartamentos-venta-la-esperilla/1265061/,3,3.5,3,US$,636650,URBANET,La Esperilla, Santo Domingo Centro (D.N.), Santo Domingo,Nueva,NA,Residencial,NA,TRUE,TRUE,TRUE,TRUE,TRUE,TRUE,TRUE,TRUE,TRUE,636650
2022-02-10,/apartamentos-venta-la-esperilla/1265060/,3,3.5,3,US$,444050,URBANET,La Esperilla, Santo Domingo Centro (D.N.), Santo Domingo,Nueva,NA,Residencial,NA,TRUE,TRUE,TRUE,TRUE,TRUE,TRUE,TRUE,TRUE,TRUE,444050
2022-02-10,/apartamentos-venta-la-esperilla/1264943/,2,2.5,3,US$,283815,URBANET,La Esperilla, Santo Domingo Centro (D.N.), Santo Domingo,En Construcción,NA,Residencial,NA,TRUE,TRUE,TRUE,TRUE,TRUE,TRUE,TRUE,TRUE,TRUE,283815
2022-02-10,/apartamentos-venta-la-esperilla/1268596/,1,1.5,1,US$,140000,Inmobiliaria Grupal,La Esperilla, Santo Domingo Centro (D.N.), Santo Domingo,En Construcción,75,Residencial,5,TRUE,TRUE,TRUE,TRUE,TRUE,TRUE,FALSE,FALSE,TRUE,140000
2022-02-10,/apartamentos-venta-la-esperilla/1269358/,3,3.5,3,US$,280000,Inmobiliaria Grupal,La Esperilla, Santo Domingo Centro (D.N.), Santo Domingo,Nueva,191,Residencial,NA,TRUE,TRUE,FALSE,FALSE,TRUE,TRUE,TRUE,FALSE,FALSE,280000
2022-02-10,/apartamentos-venta-la-esperilla/1269702/,2,4.5,3,US$,325000,Inmobiliaria Paf SRL,La Esperilla, Santo Domingo Centro (D.N.), Santo Domingo,Segundo Uso,332,Residencial,7,FALSE,FALSE,FALSE,FALSE,FALSE,FALSE,FALSE,FALSE,FALSE,325000
2022-02-10,/apartamentos-venta-la-esperilla/1210202/,2,3.5,3,US$,318000,Dreamhome Real Estate,La Esperilla, Santo Domingo Centro (D.N.), Santo Domingo,Segundo Uso,365,Residencial,NA,TRUE,TRUE,FALSE,FALSE,FALSE,TRUE,TRUE,FALSE,FALSE,318000
2022-02-10,/apartamentos-venta-la-esperilla/1267484/,2,3.5,3,US$,210000,Dreamhome Real Estate,La Esperilla, Santo Domingo Centro (D.N.), Santo Domingo,Segundo Uso,350,Residencial,4,TRUE,TRUE,FALSE,FALSE,FALSE,TRUE,FALSE,FALSE,FALSE,210000
2022-02-10,/apartamentos-venta-la-esperilla/1239493/,3,3.5,3,US$,390000,Dreamhome Real Estate,La Esperilla, Santo Domingo Centro (D.N.), Santo Domingo,Segundo Uso,335,Residencial,3,TRUE,TRUE,TRUE,FALSE,TRUE,TRUE,TRUE,TRUE,TRUE,390000
2022-02-10,/apartamentos-venta-la-esperilla/1239861/,2,2.5,2,US$,160000,Dreamhome Real Estate,La Esperilla, Santo Domingo Centro (D.N.), Santo Domingo,En Construcción,112,Residencial,NA,TRUE,TRUE,TRUE,FALSE,TRUE,TRUE,TRUE,FALSE,TRUE,160000
2022-02-10,/apartamentos-venta-la-esperilla/1205592/,2,2.5,2,US$,257500,Dreamhome Real Estate,La Esperilla, Santo Domingo Centro (D.N.), Santo Domingo,Nueva,163,Residencial,5,TRUE,TRUE,TRUE,TRUE,TRUE,TRUE,TRUE,FALSE,TRUE,257500
2022-02-10,/apartamentos-venta-la-esperilla/1205594/,3,3.5,3,US$,294000,Dreamhome Real Estate,La Esperilla, Santo Domingo Centro (D.N.), Santo Domingo,Nueva,230,Residencial,5,TRUE,TRUE,TRUE,TRUE,TRUE,TRUE,TRUE,FALSE,TRUE,294000
2022-02-10,/apartamentos-venta-la-esperilla/1251996/,2,3.5,3,US$,295000,Inmobiliaria Grupal,La Esperilla, Santo Domingo Centro (D.N.), Santo Domingo,Segundo Uso,226,Residencial,4,TRUE,TRUE,TRUE,TRUE,FALSE,TRUE,TRUE,FALSE,TRUE,295000
2022-02-10,/apartamentos-venta-la-esperilla/1233914/,2,2.5,3,US$,203000,Inmobiliaria Grupal,La Esperilla, Santo Domingo Centro (D.N.), Santo Domingo,En Construcción,93,Residencial,4,TRUE,TRUE,FALSE,TRUE,TRUE,TRUE,TRUE,FALSE,TRUE,203000
2022-02-10,/apartamentos-venta-la-esperilla/1242348/,1,1.5,1,US$,132000,Ginebra Realty Group,La Esperilla, Santo Domingo Centro (D.N.), Santo Domingo,Nueva,75,Residencial,NA,FALSE,TRUE,FALSE,TRUE,FALSE,FALSE,TRUE,TRUE,TRUE,132000
2022-02-10,/apartamentos-venta-la-esperilla/1260800/,2,2.5,2,US$,190000,Ginebra Realty Group,La Esperilla, Santo Domingo Centro (D.N.), Santo Domingo,Nueva,112,Residencial,NA,TRUE,TRUE,TRUE,FALSE,FALSE,TRUE,TRUE,FALSE,TRUE,190000
2022-02-10,/apartamentos-venta-la-esperilla/1237221/,4,4.5,4,US$,435000,Ginebra Realty Group,La Esperilla, Santo Domingo Centro (D.N.), Santo Domingo,Segundo Uso,446,Residencial,3,TRUE,TRUE,TRUE,FALSE,FALSE,TRUE,TRUE,TRUE,TRUE,435000
2022-02-10,/apartamentos-venta-la-esperilla/1261071/,3,3.5,3,US$,357000,Premium Real Estate,La Esperilla, Santo Domingo Centro (D.N.), Santo Domingo,Segundo Uso,190,Residencial,4,TRUE,TRUE,TRUE,FALSE,TRUE,TRUE,TRUE,FALSE,TRUE,357000
2022-02-10,/apartamentos-venta-la-esperilla/1263182/,2,2.5,2,US$,220000,Marco Rivero,La Esperilla, Santo Domingo Centro (D.N.), Santo Domingo,En Planos,102,Mixto,NA,TRUE,TRUE,TRUE,TRUE,TRUE,TRUE,TRUE,FALSE,TRUE,220000
2022-02-10,/apartamentos-venta-la-esperilla/1263181/,1,1.5,1,US$,125000,Marco Rivero,La Esperilla, Santo Domingo Centro (D.N.), Santo Domingo,En Planos,51,Mixto,NA,TRUE,TRUE,TRUE,FALSE,TRUE,TRUE,TRUE,FALSE,TRUE,125000
2022-02-10,/apartamentos-venta-la-esperilla/1269203/,4,3.5,3,US$,410000,Remax Blu,La Esperilla, Santo Domingo Centro (D.N.), Santo Domingo,Segundo Uso,381,Residencial,15,TRUE,TRUE,FALSE,FALSE,FALSE,FALSE,FALSE,FALSE,FALSE,410000
2022-02-10,/apartamentos-venta-la-esperilla/1268916/,2,2.5,2,US$,239500,KW Capital,La Esperilla, Santo Domingo Centro (D.N.), Santo Domingo,Segundo Uso,128,Residencial,NA,TRUE,TRUE,TRUE,TRUE,TRUE,TRUE,TRUE,TRUE,TRUE,239500
2022-02-10,/apartamentos-venta-la-esperilla/1246365/,3,3.5,3,US$,480000,Premium Real Estate,La Esperilla, Santo Domingo Centro (D.N.), Santo Domingo,Segundo Uso,376,Residencial,4,TRUE,TRUE,TRUE,TRUE,FALSE,TRUE,TRUE,TRUE,TRUE,480000
2022-02-10,/apartamentos-venta-la-esperilla/1231628/,3,4.5,4,US$,595000,Top International Realty,La Esperilla, Santo Domingo Centro (D.N.), Santo Domingo,Segundo Uso,515,Residencial,4,TRUE,TRUE,FALSE,TRUE,FALSE,TRUE,FALSE,FALSE,FALSE,595000
2022-02-10,/apartamentos-venta-la-esperilla/1222635/,2,2.5,2,US$,231000,Top International Realty,La Esperilla, Santo Domingo Centro (D.N.), Santo Domingo,En Construcción,105,Residencial,5,TRUE,TRUE,TRUE,TRUE,TRUE,TRUE,TRUE,TRUE,TRUE,231000
2022-02-10,/apartamentos-venta-y-alquiler-la-esperilla/1252403/,2,2.5,2,US$,259800,Top International Realty,La Esperilla, Santo Domingo Centro (D.N.), Santo Domingo,Nueva,133,Residencial,11,TRUE,TRUE,TRUE,TRUE,FALSE,TRUE,TRUE,TRUE,TRUE,259800
2022-02-10,/apartamentos-venta-la-esperilla/1260032/,4,4.5,4,US$,435000,Premier Real Estate,La Esperilla, Santo Domingo Centro (D.N.), Santo Domingo,Segundo Uso,445,Residencial,NA,TRUE,TRUE,TRUE,FALSE,FALSE,TRUE,TRUE,TRUE,TRUE,435000
2022-02-10,/apartamentos-venta-la-esperilla/1236662/,2,2.5,2,US$,203000,Remax Plus,La Esperilla, Santo Domingo Centro (D.N.), Santo Domingo,Segundo Uso,175,Residencial,11,TRUE,TRUE,FALSE,FALSE,FALSE,FALSE,TRUE,FALSE,FALSE,203000
2022-02-10,/apartamentos-venta-la-esperilla/1256123/,1,1.5,1,US$,140800,Inmobiliaria Hazim Rodriguez,La Esperilla, Santo Domingo Centro (D.N.), Santo Domingo,En Construcción,75,Residencial,5,TRUE,TRUE,FALSE,FALSE,FALSE,TRUE,FALSE,TRUE,TRUE,140800
2022-02-10,/apartamentos-venta-la-esperilla/1256156/,2,2.5,2,US$,231000,Inmobiliaria Hazim Rodriguez,La Esperilla, Santo Domingo Centro (D.N.), Santo Domingo,En Construcción,125,Residencial,2,TRUE,TRUE,FALSE,FALSE,TRUE,TRUE,TRUE,TRUE,TRUE,231000
2022-02-10,/apartamentos-venta-la-esperilla/1196508/,2,2.5,2,US$,187700,Mudate,La Esperilla, Santo Domingo Centro (D.N.), Santo Domingo,Nueva,149,Residencial,NA,FALSE,FALSE,FALSE,FALSE,FALSE,FALSE,FALSE,FALSE,FALSE,187700
2022-02-10,/apartamentos-venta-la-esperilla/1251023/,3,3.5,3,US$,350000,Inmobiliaria Grupal,La Esperilla, Santo Domingo Centro (D.N.), Santo Domingo,Nueva,229,Residencial,9,TRUE,TRUE,TRUE,TRUE,TRUE,TRUE,TRUE,TRUE,TRUE,350000
2022-02-10,/apartamentos-venta-la-esperilla/1231565/,4,3.5,3,US$,430000,Paez Luxury Real Estate ,La Esperilla, Santo Domingo Centro (D.N.), Santo Domingo,Segundo Uso,260,Residencial,13,TRUE,TRUE,FALSE,FALSE,FALSE,TRUE,TRUE,FALSE,TRUE,430000
2022-02-10,/apartamentos-venta-la-esperilla/1020653/,2,3.5,3,US$,410000,Paez Luxury Real Estate ,La Esperilla, Santo Domingo Centro (D.N.), Santo Domingo,Segundo Uso,360,Residencial,17,FALSE,FALSE,FALSE,FALSE,FALSE,FALSE,FALSE,FALSE,FALSE,410000
2022-02-10,/apartamentos-venta-la-esperilla/1188135/,3,3.5,3,US$,700000,Paez Luxury Real Estate ,La Esperilla, Santo Domingo Centro (D.N.), Santo Domingo,Segundo Uso,385,Residencial,NA,TRUE,TRUE,TRUE,FALSE,FALSE,FALSE,TRUE,TRUE,TRUE,700000
2022-02-10,/apartamentos-venta-la-esperilla/1267835/,1,1,1,US$,178080,Paez Luxury Real Estate ,La Esperilla, Santo Domingo Centro (D.N.), Santo Domingo,En Construcción,51,Residencial,17,FALSE,TRUE,TRUE,FALSE,TRUE,TRUE,TRUE,TRUE,TRUE,178080
2022-02-10,/apartamentos-venta-la-esperilla/1264797/,2,2.5,3,US$,395000,Paez Luxury Real Estate ,La Esperilla, Santo Domingo Centro (D.N.), Santo Domingo,Remodelada,292,Residencial,NA,TRUE,TRUE,TRUE,TRUE,FALSE,TRUE,TRUE,FALSE,FALSE,395000
2022-02-10,/apartamentos-venta-la-esperilla/1212733/,4,3.5,3,US$,460000,Paez Luxury Real Estate ,La Esperilla, Santo Domingo Centro (D.N.), Santo Domingo,Segundo Uso,310,Residencial,NA,FALSE,FALSE,FALSE,FALSE,FALSE,FALSE,FALSE,FALSE,FALSE,460000
2022-02-10,/apartamentos-venta-la-esperilla/1194201/,2,NA,3,US$,430000,Paez Luxury Real Estate ,La Esperilla, Santo Domingo Centro (D.N.), Santo Domingo,Segundo Uso,360,Residencial,9,TRUE,TRUE,TRUE,FALSE,FALSE,TRUE,TRUE,FALSE,TRUE,430000
2022-02-10,/apartamentos-venta-la-esperilla/1196524/,4,3.5,3,US$,950000,Paez Luxury Real Estate ,La Esperilla, Santo Domingo Centro (D.N.), Santo Domingo,Segundo Uso,530,Residencial,8,TRUE,TRUE,FALSE,TRUE,FALSE,TRUE,FALSE,FALSE,FALSE,950000
2022-02-10,/apartamentos-venta-la-esperilla/1250669/,2,3.5,3,US$,260000,Paez Luxury Real Estate ,La Esperilla, Santo Domingo Centro (D.N.), Santo Domingo,Segundo Uso,255,Residencial,NA,FALSE,FALSE,FALSE,FALSE,FALSE,FALSE,FALSE,FALSE,FALSE,260000
2022-02-10,/apartamentos-venta-la-esperilla/1256952/,NA,NA,NA,US$,168000,Paez Luxury Real Estate ,La Esperilla, Santo Domingo Centro (D.N.), Santo Domingo,En Construcción,NA,N/D,NA,FALSE,FALSE,FALSE,FALSE,FALSE,FALSE,FALSE,FALSE,FALSE,168000
2022-02-10,/apartamentos-venta-la-esperilla/1212934/,2,3.5,3,US$,360000,Paez Luxury Real Estate ,La Esperilla, Santo Domingo Centro (D.N.), Santo Domingo,Segundo Uso,350,Residencial,NA,FALSE,TRUE,TRUE,FALSE,TRUE,TRUE,TRUE,FALSE,TRUE,360000
2022-02-10,/apartamentos-venta-la-esperilla/1202788/,4,3,3,US$,460000,Paez Luxury Real Estate ,La Esperilla, Santo Domingo Centro (D.N.), Santo Domingo,Remodelada,310,Residencial,15,TRUE,FALSE,FALSE,FALSE,FALSE,FALSE,TRUE,FALSE,FALSE,460000
2022-02-10,/apartamentos-venta-la-esperilla/1256975/,NA,NA,NA,US$,168000,Paez Luxury Real Estate ,La Esperilla, Santo Domingo Centro (D.N.), Santo Domingo,En Construcción,NA,N/D,NA,FALSE,FALSE,FALSE,FALSE,FALSE,FALSE,FALSE,FALSE,FALSE,168000
2022-02-10,/apartamentos-venta-la-esperilla/1221851/,4,6,4,US$,950000,Paez Luxury Real Estate ,La Esperilla, Santo Domingo Centro (D.N.), Santo Domingo,Segundo Uso,890,Residencial,2,FALSE,FALSE,FALSE,FALSE,FALSE,FALSE,FALSE,FALSE,FALSE,950000
2022-02-10,/apartamentos-venta-y-alquiler-la-esperilla/1267763/,3,3.5,3,US$,360000,CityMax Santo Domingo,La Esperilla, Santo Domingo Centro (D.N.), Santo Domingo,Segundo Uso,226,Residencial,8,TRUE,TRUE,TRUE,FALSE,TRUE,TRUE,TRUE,FALSE,TRUE,360000
2022-02-10,/apartamentos-venta-la-esperilla/1238232/,2,3.5,3,US$,295000,Premier Real Estate,La Esperilla, Santo Domingo Centro (D.N.), Santo Domingo,Segundo Uso,220,Residencial,4,FALSE,TRUE,FALSE,FALSE,FALSE,TRUE,TRUE,FALSE,TRUE,295000
2022-02-10,/apartamentos-venta-y-alquiler-la-esperilla/1269595/,3,3.5,3,US$,430000,Best Team Inmobiliaria ,La Esperilla, Santo Domingo Centro (D.N.), Santo Domingo,Segundo Uso,380,Residencial,2,TRUE,TRUE,TRUE,FALSE,FALSE,TRUE,FALSE,FALSE,TRUE,430000
2022-02-10,/apartamentos-venta-la-esperilla/1269592/,2,2.5,2,US$,170000,Best Team Inmobiliaria ,La Esperilla, Santo Domingo Centro (D.N.), Santo Domingo,Nueva,NA,Residencial,3,TRUE,TRUE,TRUE,FALSE,TRUE,FALSE,TRUE,FALSE,TRUE,170000
2022-02-10,/apartamentos-venta-y-alquiler-la-esperilla/1253414/,3,3.5,3,US$,360000,CityMax Santo Domingo,La Esperilla, Santo Domingo Centro (D.N.), Santo Domingo,Segundo Uso,190,Residencial,8,TRUE,TRUE,TRUE,FALSE,FALSE,TRUE,TRUE,FALSE,TRUE,360000
2022-02-10,/apartamentos-venta-la-esperilla/1259007/,1,2.5,3,RD$,7500000,Plusval Homes Realty Group,La Esperilla, Santo Domingo Centro (D.N.), Santo Domingo,Segundo Uso,124,Residencial,1,FALSE,FALSE,FALSE,FALSE,FALSE,FALSE,TRUE,FALSE,FALSE,128205.1282051282
2022-02-10,/apartamentos-venta-la-esperilla/1258932/,1,1,1,US$,175000,Plusval Homes Realty Group,La Esperilla, Santo Domingo Centro (D.N.), Santo Domingo,Nueva,70,N/D,3,TRUE,FALSE,TRUE,FALSE,TRUE,TRUE,TRUE,FALSE,FALSE,175000
2022-02-10,/apartamentos-venta-la-esperilla/1259220/,2,3,2,US$,203000,Plusval Homes Realty Group,La Esperilla, Santo Domingo Centro (D.N.), Santo Domingo,Remodelada,150,Residencial,11,FALSE,TRUE,FALSE,FALSE,FALSE,TRUE,TRUE,FALSE,FALSE,203000
2022-02-10,/apartamentos-venta-la-esperilla/1264665/,2,2.5,2,US$,231000,Habitame Inmobiliaria,La Esperilla, Santo Domingo Centro (D.N.), Santo Domingo,En Construcción,125,Residencial,2,TRUE,TRUE,FALSE,FALSE,TRUE,TRUE,TRUE,FALSE,TRUE,231000
2022-02-10,/apartamentos-venta-la-esperilla/1264664/,1,1.5,1,US$,132000,Habitame Inmobiliaria,La Esperilla, Santo Domingo Centro (D.N.), Santo Domingo,En Construcción,70,Residencial,2,TRUE,TRUE,FALSE,FALSE,TRUE,FALSE,TRUE,FALSE,TRUE,132000
2022-02-10,/apartamentos-venta-la-esperilla/1263606/,2,2.5,2,US$,170000,Vidalpe Inmobiliaria,La Esperilla, Santo Domingo Centro (D.N.), Santo Domingo,Nueva,112,Residencial,NA,TRUE,TRUE,TRUE,FALSE,FALSE,FALSE,FALSE,FALSE,TRUE,170000
2022-02-10,/apartamentos-venta-la-esperilla/1268644/,1,1.5,1,US$,152000,Vidalpe Inmobiliaria,La Esperilla, Santo Domingo Centro (D.N.), Santo Domingo,Nueva,73,Residencial,NA,TRUE,TRUE,TRUE,FALSE,FALSE,TRUE,TRUE,FALSE,TRUE,152000
2022-02-10,/apartamentos-venta-la-esperilla/1252760/,1,1.5,1,US$,168076,Vidalpe Inmobiliaria,La Esperilla, Santo Domingo Centro (D.N.), Santo Domingo,En Construcción,NA,Residencial,NA,TRUE,TRUE,TRUE,FALSE,TRUE,TRUE,TRUE,FALSE,TRUE,168076
2022-02-10,/apartamentos-venta-la-esperilla/1247180/,2,2.5,2,US$,170000,Vidalpe Inmobiliaria,La Esperilla, Santo Domingo Centro (D.N.), Santo Domingo,Nueva,112,Residencial,NA,TRUE,TRUE,TRUE,FALSE,FALSE,TRUE,TRUE,FALSE,TRUE,170000
2022-02-10,/apartamentos-venta-y-alquiler-la-esperilla/1257845/,3,3.5,3,US$,1000000,Flavia Cortina Unique Properties,La Esperilla, Santo Domingo Centro (D.N.), Santo Domingo,Segundo Uso,340,Residencial,NA,TRUE,TRUE,TRUE,FALSE,TRUE,TRUE,TRUE,FALSE,TRUE,1000000
2022-02-10,/apartamentos-venta-la-esperilla/1268804/,3,3.5,3,US$,970000,Flavia Cortina Unique Properties,La Esperilla, Santo Domingo Centro (D.N.), Santo Domingo,Segundo Uso,515,Residencial,NA,TRUE,TRUE,FALSE,FALSE,FALSE,TRUE,FALSE,FALSE,TRUE,970000
2022-02-10,/apartamentos-venta-la-esperilla/1255439/,4,4,4,US$,435000,Mario Alberto Aquino,La Esperilla, Santo Domingo Centro (D.N.), Santo Domingo,Segundo Uso,445,Residencial,2,TRUE,TRUE,TRUE,FALSE,FALSE,FALSE,TRUE,TRUE,TRUE,435000
2022-02-10,/apartamentos-venta-la-esperilla/1249321/,2,3.5,3,US$,284000,Mario Alberto Aquino,La Esperilla, Santo Domingo Centro (D.N.), Santo Domingo,En Construcción,168,Residencial,6,TRUE,TRUE,TRUE,FALSE,TRUE,TRUE,TRUE,TRUE,TRUE,284000
2022-02-10,/apartamentos-venta-la-esperilla/1220852/,2,2.5,2,US$,186000,Top International Realty,La Esperilla, Santo Domingo Centro (D.N.), Santo Domingo,En Construcción,130,Residencial,10,TRUE,TRUE,TRUE,TRUE,TRUE,TRUE,TRUE,TRUE,TRUE,186000
2022-02-10,/apartamentos-venta-la-esperilla/1229345/,3,3.5,3,US$,444050,Top International Realty,La Esperilla, Santo Domingo Centro (D.N.), Santo Domingo,En Construcción,268,Residencial,4,TRUE,TRUE,FALSE,TRUE,TRUE,TRUE,TRUE,FALSE,TRUE,444050
2022-02-10,/apartamentos-venta-la-esperilla/1269342/,2,3.5,3,US$,275000,Inmobiliaria Grupal,La Esperilla, Santo Domingo Centro (D.N.), Santo Domingo,Nueva,180,Residencial,NA,TRUE,TRUE,FALSE,TRUE,TRUE,TRUE,TRUE,FALSE,TRUE,275000
2022-02-10,/apartamentos-venta-la-esperilla/1254484/,2,1.5,1,US$,195000,Seekers Inmobiliaria,La Esperilla, Santo Domingo Centro (D.N.), Santo Domingo,Remodelada,85,Residencial,13,TRUE,TRUE,TRUE,FALSE,FALSE,TRUE,TRUE,FALSE,TRUE,195000
2022-02-10,/apartamentos-venta-la-esperilla/1253025/,1,1.5,1,US$,178080,Seekers Inmobiliaria,La Esperilla, Santo Domingo Centro (D.N.), Santo Domingo,Nueva,51,Residencial,NA,TRUE,TRUE,TRUE,TRUE,TRUE,TRUE,TRUE,FALSE,TRUE,178080
2022-02-10,/apartamentos-venta-la-esperilla/1240067/,1,1.5,1,US$,140800,Seekers Inmobiliaria,La Esperilla, Santo Domingo Centro (D.N.), Santo Domingo,En Construcción,70,Residencial,NA,TRUE,TRUE,FALSE,TRUE,TRUE,TRUE,TRUE,TRUE,TRUE,140800
2022-02-10,/apartamentos-venta-la-esperilla/1254990/,2,2,1,US$,225000,Inmobiliaria Hazim Rodriguez,La Esperilla, Santo Domingo Centro (D.N.), Santo Domingo,Segundo Uso,85,Residencial,15,TRUE,TRUE,TRUE,FALSE,TRUE,TRUE,TRUE,TRUE,TRUE,225000
2022-02-10,/apartamentos-venta-la-esperilla/1261960/,1,1.5,1,US$,102600,Premium Real Estate ,La Esperilla, Santo Domingo Centro (D.N.), Santo Domingo,En Planos,51,Residencial,NA,TRUE,TRUE,TRUE,FALSE,TRUE,FALSE,TRUE,TRUE,TRUE,102600
2022-02-10,/apartamentos-venta-la-esperilla/1261705/,2,2.5,2,RD$,11000000,Top Side Brokers Realty Group,La Esperilla, Santo Domingo Centro (D.N.), Santo Domingo,Segundo Uso,220,Residencial,2,TRUE,TRUE,FALSE,FALSE,TRUE,TRUE,TRUE,FALSE,TRUE,188034.18803418803
2022-02-10,/apartamentos-venta-la-esperilla/1269395/,1,2,3,US$,195000,Remax Blu,La Esperilla, Santo Domingo Centro (D.N.), Santo Domingo,Segundo Uso,250,Residencial,4,TRUE,TRUE,TRUE,TRUE,FALSE,FALSE,FALSE,FALSE,FALSE,195000
2022-02-10,/apartamentos-venta-la-esperilla/1255128/,1,1,1,US$,110250,Seekers Inmobiliaria,La Esperilla, Santo Domingo Centro (D.N.), Santo Domingo,En Construcción,51,Residencial,NA,TRUE,TRUE,TRUE,FALSE,FALSE,TRUE,TRUE,FALSE,TRUE,110250
2022-02-10,/apartamentos-venta-la-esperilla/1253014/,1,1,1,US$,110250,Seekers Inmobiliaria,La Esperilla, Santo Domingo Centro (D.N.), Santo Domingo,En Construcción,51,Residencial,NA,TRUE,TRUE,TRUE,FALSE,FALSE,TRUE,TRUE,FALSE,TRUE,110250
2022-02-10,/apartamentos-venta-la-esperilla/1253016/,1,1,1,US$,178000,Seekers Inmobiliaria,La Esperilla, Santo Domingo Centro (D.N.), Santo Domingo,En Construcción,51,Residencial,NA,TRUE,TRUE,TRUE,FALSE,FALSE,TRUE,TRUE,FALSE,TRUE,178000
2022-02-10,/apartamentos-venta-la-esperilla/1246873/,1,1.5,1,US$,120000,Inmobiliaria Grupal,La Esperilla, Santo Domingo Centro (D.N.), Santo Domingo,En Construcción,120,Residencial,3,TRUE,TRUE,FALSE,TRUE,FALSE,TRUE,TRUE,TRUE,TRUE,120000
2022-02-10,/apartamentos-venta-y-alquiler-la-esperilla/1268043/,2,2.5,2,US$,295000,Time Homes Inmobiliaria ,La Esperilla, Santo Domingo Centro (D.N.), Santo Domingo,Nueva,123,Residencial,2,TRUE,TRUE,FALSE,TRUE,FALSE,TRUE,TRUE,FALSE,FALSE,295000
2022-02-10,/apartamentos-venta-y-alquiler-la-esperilla/1267605/,2,3.5,3,US$,390000,Time Homes Inmobiliaria ,La Esperilla, Santo Domingo Centro (D.N.), Santo Domingo,Segundo Uso,332,Residencial,NA,TRUE,TRUE,TRUE,TRUE,TRUE,TRUE,FALSE,FALSE,TRUE,390000
2022-02-10,/apartamentos-venta-la-esperilla/1269365/,4,3.5,3,US$,410000,Remax Blu,La Esperilla, Santo Domingo Centro (D.N.), Santo Domingo,Segundo Uso,381,Residencial,15,TRUE,TRUE,FALSE,TRUE,TRUE,TRUE,TRUE,FALSE,FALSE,410000
2022-02-10,/apartamentos-venta-la-esperilla/1259112/,2,3.5,3,US$,243000,Plusval Homes Realty Group,La Esperilla, Santo Domingo Centro (D.N.), Santo Domingo,Nueva,150,N/D,3,TRUE,TRUE,FALSE,TRUE,TRUE,TRUE,TRUE,FALSE,TRUE,243000
2022-02-10,/apartamentos-venta-la-esperilla/1259069/,2,2.5,2,US$,200000,Plusval Homes Realty Group,La Esperilla, Santo Domingo Centro (D.N.), Santo Domingo,Nueva,120,N/D,3,TRUE,TRUE,FALSE,FALSE,TRUE,TRUE,TRUE,FALSE,TRUE,200000
2022-02-10,/apartamentos-venta-la-esperilla/1266676/,3,3.5,3,US$,240000,Tropical Living,La Esperilla, Santo Domingo Centro (D.N.), Santo Domingo,Segundo Uso,256,Residencial,6,TRUE,TRUE,FALSE,FALSE,TRUE,FALSE,TRUE,FALSE,TRUE,240000
2022-02-10,/apartamentos-venta-la-esperilla/1263873/,3,3.5,3,US$,444050,Tropical Living,La Esperilla, Santo Domingo Centro (D.N.), Santo Domingo,Segundo Uso,268,Residencial,NA,TRUE,TRUE,FALSE,FALSE,TRUE,FALSE,TRUE,FALSE,TRUE,444050
2022-02-10,/apartamentos-venta-la-esperilla/1253512/,3,3.5,3,US$,289000,Tropical Living,La Esperilla, Santo Domingo Centro (D.N.), Santo Domingo,Nueva,230,Residencial,NA,TRUE,TRUE,TRUE,FALSE,TRUE,FALSE,TRUE,FALSE,TRUE,289000
2022-02-10,/apartamentos-venta-la-esperilla/1258274/,1,1.5,1,US$,132000,Tropical Living,La Esperilla, Santo Domingo Centro (D.N.), Santo Domingo,En Construcción,81,Residencial,NA,TRUE,TRUE,TRUE,FALSE,TRUE,FALSE,TRUE,FALSE,TRUE,132000
2022-02-10,/apartamentos-venta-la-esperilla/1258292/,1,1.5,1,US$,132000,Tropical Living,La Esperilla, Santo Domingo Centro (D.N.), Santo Domingo,En Construcción,70,Residencial,NA,FALSE,TRUE,FALSE,FALSE,FALSE,FALSE,FALSE,TRUE,TRUE,132000
2022-02-10,/apartamentos-venta-la-esperilla/1267636/,3,3.5,3,US$,289000,Tropical Living,La Esperilla, Santo Domingo Centro (D.N.), Santo Domingo,Nueva,230,Residencial,NA,TRUE,TRUE,TRUE,FALSE,TRUE,FALSE,TRUE,FALSE,TRUE,289000
2022-02-10,/apartamentos-venta-la-esperilla/1267634/,2,1.5,1,US$,165000,Tropical Living,La Esperilla, Santo Domingo Centro (D.N.), Santo Domingo,Nueva,92,Residencial,NA,TRUE,TRUE,TRUE,FALSE,TRUE,FALSE,FALSE,FALSE,TRUE,165000
2022-02-10,/apartamentos-venta-la-esperilla/1267616/,2,2.5,2,US$,250000,Tropical Living,La Esperilla, Santo Domingo Centro (D.N.), Santo Domingo,Segundo Uso,163,Residencial,NA,TRUE,TRUE,TRUE,FALSE,TRUE,FALSE,TRUE,FALSE,TRUE,250000
2022-02-10,/apartamentos-venta-la-esperilla/1202711/,2,3.5,3,US$,190000,Borbón Rodríguez,La Esperilla, Santo Domingo Centro (D.N.), Santo Domingo,Segundo Uso,225,Residencial,4,TRUE,TRUE,FALSE,FALSE,FALSE,TRUE,FALSE,FALSE,FALSE,190000
2022-02-10,/apartamentos-venta-la-esperilla/1258982/,2,2.5,2,US$,227000,Inmobiliaria Grupo DYZ,La Esperilla, Santo Domingo Centro (D.N.), Santo Domingo,Nueva,163,Residencial,5,TRUE,TRUE,TRUE,FALSE,TRUE,TRUE,TRUE,FALSE,TRUE,227000
2022-02-10,/apartamentos-venta-la-esperilla/1258439/,NA,3.5,3,US$,444050,Ginebra Realty Group,La Esperilla, Santo Domingo Centro (D.N.), Santo Domingo,Nueva,268,Residencial,NA,TRUE,TRUE,FALSE,FALSE,FALSE,FALSE,TRUE,TRUE,TRUE,444050
2022-02-10,/apartamentos-venta-la-esperilla/1260801/,2,3.5,3,US$,281000,Ginebra Realty Group,La Esperilla, Santo Domingo Centro (D.N.), Santo Domingo,Nueva,143,Residencial,NA,TRUE,TRUE,TRUE,FALSE,FALSE,FALSE,TRUE,FALSE,TRUE,281000
2022-02-10,/apartamentos-venta-la-esperilla/1236708/,2,3.5,3,US$,285000,Kaza Inmobiliaria,La Esperilla, Santo Domingo Centro (D.N.), Santo Domingo,Segundo Uso,224,Residencial,2,TRUE,TRUE,TRUE,TRUE,TRUE,TRUE,TRUE,FALSE,TRUE,285000
2022-02-10,/apartamentos-venta-la-esperilla/1260863/,3,3,3,US$,550000,Caiba Realty Group,La Esperilla, Santo Domingo Centro (D.N.), Santo Domingo,Segundo Uso,437,Residencial,NA,TRUE,FALSE,FALSE,FALSE,FALSE,FALSE,TRUE,FALSE,TRUE,550000
2022-02-10,/apartamentos-venta-la-esperilla/1264616/,2,3.5,3,US$,277000,Caiba Realty Group,La Esperilla, Santo Domingo Centro (D.N.), Santo Domingo,En Construcción,167,Residencial,NA,FALSE,TRUE,TRUE,FALSE,FALSE,TRUE,TRUE,FALSE,TRUE,277000
2022-02-10,/apartamentos-venta-la-esperilla/1264615/,1,1.5,1,US$,147000,Caiba Realty Group,La Esperilla, Santo Domingo Centro (D.N.), Santo Domingo,En Construcción,68,Residencial,NA,FALSE,TRUE,TRUE,FALSE,FALSE,FALSE,TRUE,FALSE,TRUE,147000
2022-02-10,/apartamentos-venta-la-esperilla/1268870/,4,3.5,3,US$,420000,Elite Brokers,La Esperilla, Santo Domingo Centro (D.N.), Santo Domingo,Nueva,310,N/D,NA,TRUE,TRUE,FALSE,FALSE,TRUE,FALSE,TRUE,FALSE,TRUE,420000
2022-02-10,/apartamentos-venta-la-esperilla/1268863/,5,4.5,4,US$,680000,Elite Brokers,La Esperilla, Santo Domingo Centro (D.N.), Santo Domingo,NA,470,N/D,NA,TRUE,TRUE,FALSE,FALSE,TRUE,TRUE,TRUE,TRUE,TRUE,680000
2022-02-10,/apartamentos-venta-la-esperilla/1268860/,3,3.5,3,US$,595000,Elite Brokers,La Esperilla, Santo Domingo Centro (D.N.), Santo Domingo,Nueva,515,N/D,NA,TRUE,TRUE,FALSE,FALSE,FALSE,FALSE,FALSE,FALSE,TRUE,595000
2022-02-10,/apartamentos-venta-la-esperilla/1264886/,1,1.5,1,US$,140800,Inmobiliaria Grupal,La Esperilla, Santo Domingo Centro (D.N.), Santo Domingo,En Construcción,NA,Residencial,NA,TRUE,TRUE,FALSE,TRUE,FALSE,TRUE,TRUE,FALSE,FALSE,140800
2022-02-10,/apartamentos-venta-la-esperilla/1241307/,2,3.5,3,US$,270000,Lucila Brito,La Esperilla, Santo Domingo Centro (D.N.), Santo Domingo,Segundo Uso,330,Residencial,13,TRUE,TRUE,FALSE,TRUE,FALSE,TRUE,TRUE,FALSE,FALSE,270000
2022-02-10,/apartamentos-venta-la-esperilla/1257262/,4,4,3,US$,420000,SAS INMOBILIARIA ,La Esperilla, Santo Domingo Centro (D.N.), Santo Domingo,Nueva,NA,Residencial,8,TRUE,TRUE,TRUE,TRUE,TRUE,TRUE,TRUE,TRUE,TRUE,420000
2022-02-10,/apartamentos-venta-la-esperilla/1263142/,3,2.5,3,US$,320000,KW Capital,La Esperilla, Santo Domingo Centro (D.N.), Santo Domingo,Segundo Uso,365,Residencial,11,TRUE,TRUE,FALSE,FALSE,FALSE,TRUE,TRUE,FALSE,FALSE,320000
2022-02-10,/apartamentos-venta-la-esperilla/1264849/,4,3.5,4,US$,435000,Habitame Inmobiliaria,La Esperilla, Santo Domingo Centro (D.N.), Santo Domingo,Segundo Uso,445,Residencial,NA,FALSE,TRUE,TRUE,FALSE,FALSE,FALSE,TRUE,FALSE,FALSE,435000
2022-02-10,/apartamentos-venta-la-esperilla/1246520/,2,2.5,3,US$,175000,Staff Inmobiliario,La Esperilla, Santo Domingo Centro (D.N.), Santo Domingo,Segundo Uso,160,Residencial,8,TRUE,TRUE,FALSE,FALSE,FALSE,TRUE,TRUE,FALSE,FALSE,175000
2022-02-10,/apartamentos-venta-y-alquiler-la-esperilla/1235595/,3,3.5,3,US$,375000,Remax Blu,La Esperilla, Santo Domingo Centro (D.N.), Santo Domingo,Segundo Uso,482,Residencial,13,TRUE,TRUE,TRUE,TRUE,TRUE,TRUE,FALSE,FALSE,TRUE,375000
2022-02-10,/apartamentos-venta-y-alquiler-la-esperilla/1257615/,2,3.5,3,US$,260000,Remax Blu,La Esperilla, Santo Domingo Centro (D.N.), Santo Domingo,Segundo Uso,205,Residencial,3,TRUE,TRUE,TRUE,TRUE,TRUE,TRUE,TRUE,FALSE,TRUE,260000
2022-02-10,/apartamentos-venta-y-alquiler-la-esperilla/1241433/,4,3.5,3,US$,460000,Remax Blu,La Esperilla, Santo Domingo Centro (D.N.), Santo Domingo,Segundo Uso,310,Residencial,14,TRUE,TRUE,FALSE,FALSE,TRUE,FALSE,TRUE,FALSE,TRUE,460000
2022-02-10,/apartamentos-venta-la-esperilla/1268309/,2,2.5,2,US$,215900,Tu Casa RD,La Esperilla, Santo Domingo Centro (D.N.), Santo Domingo,En Construcción,NA,Residencial,NA,TRUE,TRUE,TRUE,FALSE,TRUE,TRUE,TRUE,FALSE,TRUE,215900
2022-02-10,/apartamentos-venta-la-esperilla/1268308/,1,1.5,1,US$,133900,Tu Casa RD,La Esperilla, Santo Domingo Centro (D.N.), Santo Domingo,En Construcción,NA,Mixto,NA,TRUE,TRUE,TRUE,FALSE,TRUE,FALSE,TRUE,FALSE,TRUE,133900
2022-02-10,/apartamentos-venta-la-esperilla/1268100/,2,3.5,3,US$,262500,CityMax Santo Domingo,La Esperilla, Santo Domingo Centro (D.N.), Santo Domingo,Segundo Uso,365,Residencial,13,TRUE,TRUE,FALSE,TRUE,TRUE,FALSE,TRUE,FALSE,FALSE,262500
2022-02-10,/apartamentos-venta-la-esperilla/1268099/,3,3.5,3,US$,360000,CityMax Santo Domingo,La Esperilla, Santo Domingo Centro (D.N.), Santo Domingo,Segundo Uso,226,Residencial,8,TRUE,TRUE,TRUE,TRUE,TRUE,TRUE,TRUE,TRUE,TRUE,360000
2022-02-10,/apartamentos-venta-la-esperilla/1265271/,2,3.5,3,US$,278000,BAEZ MUESES INMOBILIARIA,La Esperilla, Santo Domingo Centro (D.N.), Santo Domingo,En Construcción,193,Residencial,NA,TRUE,TRUE,FALSE,TRUE,TRUE,TRUE,TRUE,FALSE,TRUE,278000
2022-02-10,/apartamentos-venta-la-esperilla/1267836/,2,2.5,2,US$,225000,KEYBROKERS INMOBILIARIA,La Esperilla, Santo Domingo Centro (D.N.), Santo Domingo,Nueva,136,Residencial,6,TRUE,TRUE,TRUE,FALSE,FALSE,TRUE,TRUE,FALSE,TRUE,225000
2022-02-10,/apartamentos-venta-y-alquiler-la-esperilla/1258749/,3,3.5,3,US$,900000,Remax Metropolitana ,La Esperilla, Santo Domingo Centro (D.N.), Santo Domingo,Segundo Uso,318,Residencial,5,TRUE,TRUE,TRUE,FALSE,FALSE,TRUE,TRUE,FALSE,TRUE,900000
2022-02-10,/apartamentos-venta-la-esperilla/1245726/,2,3,3,US$,199000,Ginebra Realty Group,La Esperilla, Santo Domingo Centro (D.N.), Santo Domingo,Segundo Uso,340,Residencial,4,TRUE,TRUE,FALSE,FALSE,FALSE,TRUE,FALSE,FALSE,FALSE,199000
2022-02-10,/apartamentos-venta-la-esperilla/1248116/,4,5.5,4,US$,650000,Remax Blu,La Esperilla, Santo Domingo Centro (D.N.), Santo Domingo,Segundo Uso,550,Residencial,NA,TRUE,TRUE,FALSE,FALSE,TRUE,TRUE,TRUE,FALSE,FALSE,650000
2022-02-10,/apartamentos-venta-la-esperilla/1266891/,2,3.5,3,US$,278000,ABAR Inmobiliaria,La Esperilla, Santo Domingo Centro (D.N.), Santo Domingo,En Construcción,163,Residencial,NA,TRUE,TRUE,FALSE,FALSE,TRUE,FALSE,TRUE,FALSE,TRUE,278000
2022-02-10,/apartamentos-venta-la-esperilla/1260640/,1,1.5,1,US$,136000,Ginebra Realty Group,La Esperilla, Santo Domingo Centro (D.N.), Santo Domingo,En Construcción,68,Residencial,NA,TRUE,TRUE,TRUE,FALSE,FALSE,FALSE,TRUE,FALSE,TRUE,136000
2022-02-10,/apartamentos-venta-la-esperilla/1266300/,2,3.5,3,US$,330000,Seekers Inmobiliaria,La Esperilla, Santo Domingo Centro (D.N.), Santo Domingo,Nueva,224,Residencial,7,TRUE,TRUE,TRUE,FALSE,FALSE,TRUE,TRUE,FALSE,TRUE,330000
2022-02-10,/apartamentos-venta-la-esperilla/1224071/,1,1.5,2,US$,140000,HouseLink,La Esperilla, Santo Domingo Centro (D.N.), Santo Domingo,En Construcción,75,Residencial,NA,TRUE,TRUE,FALSE,FALSE,FALSE,TRUE,TRUE,TRUE,TRUE,140000
2022-02-10,/apartamentos-venta-la-esperilla/1266410/,2,2.5,2,US$,245000,Plusval Venta Directa,La Esperilla, Santo Domingo Centro (D.N.), Santo Domingo,Segundo Uso,NA,Residencial,7,TRUE,TRUE,TRUE,FALSE,TRUE,TRUE,FALSE,FALSE,TRUE,245000
2022-02-10,/apartamentos-venta-la-esperilla/1265384/,3,3,3,US$,494233,ABAR Inmobiliaria,La Esperilla, Santo Domingo Centro (D.N.), Santo Domingo,En Construcción,268,Residencial,2,TRUE,TRUE,FALSE,FALSE,TRUE,TRUE,TRUE,TRUE,TRUE,494233
2022-02-10,/apartamentos-venta-la-esperilla/1266072/,1,1.5,1,US$,165000,ABAR Inmobiliaria,La Esperilla, Santo Domingo Centro (D.N.), Santo Domingo,Nueva,92,Residencial,5,TRUE,TRUE,TRUE,FALSE,TRUE,TRUE,FALSE,FALSE,TRUE,165000
2022-02-10,/apartamentos-venta-la-esperilla/1266093/,2,2.5,2,US$,254900,ABAR Inmobiliaria,La Esperilla, Santo Domingo Centro (D.N.), Santo Domingo,Nueva,162,Residencial,5,TRUE,TRUE,TRUE,FALSE,TRUE,TRUE,FALSE,FALSE,TRUE,254900
2022-02-10,/apartamentos-venta-y-alquiler-la-esperilla/1266100/,2,2,1,US$,130000,Plusval Venta Directa,La Esperilla, Santo Domingo Centro (D.N.), Santo Domingo,Segundo Uso,76,Residencial,2,TRUE,TRUE,FALSE,FALSE,FALSE,TRUE,FALSE,FALSE,FALSE,130000
2022-02-10,/apartamentos-venta-la-esperilla/1265740/,2,2.5,3,US$,220000,Elite Brokers,La Esperilla, Santo Domingo Centro (D.N.), Santo Domingo,NA,185,N/D,NA,TRUE,TRUE,FALSE,FALSE,TRUE,FALSE,FALSE,FALSE,TRUE,220000
2022-02-10,/apartamentos-venta-la-esperilla/1229442/,1,1.5,1,US$,130000,Vidalpe Inmobiliaria,La Esperilla, Santo Domingo Centro (D.N.), Santo Domingo,En Construcción,81,Residencial,NA,TRUE,TRUE,TRUE,FALSE,FALSE,TRUE,TRUE,FALSE,TRUE,130000
2022-02-10,/apartamentos-venta-la-esperilla/1229995/,2,2.5,2,US$,184000,Vidalpe Inmobiliaria,La Esperilla, Santo Domingo Centro (D.N.), Santo Domingo,En Construcción,130,Residencial,NA,FALSE,TRUE,TRUE,FALSE,FALSE,TRUE,TRUE,FALSE,TRUE,184000
2022-02-10,/apartamentos-venta-y-alquiler-la-esperilla/1265137/,3,3.5,3,US$,570000,Elite Brokers,La Esperilla, Santo Domingo Centro (D.N.), Santo Domingo,NA,375,Residencial,NA,FALSE,FALSE,FALSE,FALSE,FALSE,FALSE,TRUE,FALSE,FALSE,570000
2022-02-10,/apartamentos-venta-la-esperilla/1248754/,5,4.5,4,US$,650000,Top inmobiliario Srl,La Esperilla, Santo Domingo Centro (D.N.), Santo Domingo,Segundo Uso,550,Residencial,NA,TRUE,TRUE,FALSE,TRUE,TRUE,TRUE,TRUE,FALSE,FALSE,650000
2022-02-10,/apartamentos-venta-la-esperilla/1245912/,2,3.5,3,US$,295000,Top inmobiliario Srl,La Esperilla, Santo Domingo Centro (D.N.), Santo Domingo,Segundo Uso,250,Residencial,11,TRUE,TRUE,FALSE,FALSE,FALSE,TRUE,TRUE,FALSE,FALSE,295000
2022-02-10,/apartamentos-venta-y-alquiler-la-esperilla/1256112/,2,2.5,2,US$,295000,Top inmobiliario Srl,La Esperilla, Santo Domingo Centro (D.N.), Santo Domingo,Nueva,123,Residencial,2,TRUE,TRUE,FALSE,FALSE,TRUE,TRUE,TRUE,TRUE,TRUE,295000
2022-02-10,/apartamentos-venta-la-esperilla/1245916/,2,1.5,1,US$,225000,Top inmobiliario Srl,La Esperilla, Santo Domingo Centro (D.N.), Santo Domingo,Segundo Uso,NA,Residencial,13,TRUE,TRUE,TRUE,TRUE,TRUE,FALSE,TRUE,TRUE,TRUE,225000
2022-02-10,/apartamentos-venta-la-esperilla/1230821/,2,NA,3,US$,500000,Top inmobiliario Srl,La Esperilla, Santo Domingo Centro (D.N.), Santo Domingo,Segundo Uso,330,Residencial,6,TRUE,TRUE,TRUE,TRUE,TRUE,TRUE,TRUE,FALSE,TRUE,500000
2022-02-10,/apartamentos-venta-la-esperilla/1264767/,4,4.5,4,US$,435000,Ginebra Realty Group,La Esperilla, Santo Domingo Centro (D.N.), Santo Domingo,Nueva,445,Residencial,4,TRUE,TRUE,TRUE,FALSE,FALSE,FALSE,TRUE,TRUE,TRUE,435000
2022-02-10,/apartamentos-venta-la-esperilla/1244238/,3,3.5,3,US$,494233,HouseLink,La Esperilla, Santo Domingo Centro (D.N.), Santo Domingo,En Construcción,268,Residencial,2,TRUE,TRUE,FALSE,TRUE,TRUE,TRUE,TRUE,FALSE,TRUE,494233
2022-02-10,/apartamentos-venta-la-esperilla/1264584/,2,3.5,2,US$,350000,Ginebra Realty Group,La Esperilla, Santo Domingo Centro (D.N.), Santo Domingo,Nueva,142,Residencial,18,TRUE,TRUE,TRUE,FALSE,FALSE,TRUE,TRUE,TRUE,TRUE,350000
2022-02-10,/apartamentos-venta-la-esperilla/1264465/,2,1.5,1,US$,185000,Inmobiliaria Bevistam,La Esperilla, Santo Domingo Centro (D.N.), Santo Domingo,Segundo Uso,80,Residencial,8,TRUE,TRUE,TRUE,TRUE,TRUE,TRUE,TRUE,FALSE,TRUE,185000
2022-02-10,/apartamentos-venta-la-esperilla/1264199/,NA,4.5,4,US$,435000,Ginebra Realty Group,La Esperilla, Santo Domingo Centro (D.N.), Santo Domingo,NA,445,Residencial,4,FALSE,FALSE,FALSE,FALSE,FALSE,FALSE,FALSE,FALSE,FALSE,435000
2022-02-10,/apartamentos-venta-la-esperilla/1263468/,1,2.5,2,US$,165000,Elite Brokers,La Esperilla, Santo Domingo Centro (D.N.), Santo Domingo,NA,134,N/D,NA,TRUE,TRUE,FALSE,FALSE,FALSE,FALSE,TRUE,FALSE,FALSE,165000
2022-02-10,/apartamentos-venta-la-esperilla/1248446/,2,2.5,3,US$,175000,Staff Inmobiliario,La Esperilla, Santo Domingo Centro (D.N.), Santo Domingo,Segundo Uso,160,Residencial,8,TRUE,TRUE,FALSE,FALSE,FALSE,TRUE,TRUE,FALSE,FALSE,175000
2022-02-10,/apartamentos-venta-y-alquiler-la-esperilla/1259753/,3,3.5,3,US$,390000,Juriluz,La Esperilla, Santo Domingo Centro (D.N.), Santo Domingo,Nueva,358,Residencial,6,FALSE,TRUE,TRUE,FALSE,TRUE,FALSE,TRUE,TRUE,TRUE,390000
2022-02-10,/apartamentos-venta-y-alquiler-la-esperilla/1259887/,1,1,1,US$,140000,Kensami Bienes Raices ,La Esperilla, Santo Domingo Centro (D.N.), Santo Domingo,Segundo Uso,90,Residencial,6,TRUE,TRUE,TRUE,TRUE,FALSE,TRUE,TRUE,FALSE,TRUE,140000
2022-02-10,/apartamentos-venta-la-esperilla/1210985/,1,2.5,2,US$,140000,Tu Casa RD,La Esperilla, Santo Domingo Centro (D.N.), Santo Domingo,En Construcción,88,Residencial,NA,TRUE,TRUE,TRUE,FALSE,TRUE,TRUE,TRUE,FALSE,TRUE,140000
2022-02-10,/apartamentos-venta-la-esperilla/1256643/,2,3.5,3,US$,255000,Tu Casa RD,La Esperilla, Santo Domingo Centro (D.N.), Santo Domingo,Nueva,250,Residencial,NA,TRUE,TRUE,FALSE,FALSE,FALSE,TRUE,TRUE,FALSE,FALSE,255000
2022-02-10,/apartamentos-venta-la-esperilla/1256336/,2,2.5,2,US$,260000,Tu Casa RD,La Esperilla, Santo Domingo Centro (D.N.), Santo Domingo,Nueva,135,Residencial,NA,TRUE,TRUE,FALSE,FALSE,FALSE,TRUE,TRUE,FALSE,TRUE,260000
2022-02-10,/apartamentos-venta-la-esperilla/1254680/,2,3.5,3,US$,229000,Tu Casa RD,La Esperilla, Santo Domingo Centro (D.N.), Santo Domingo,Segundo Uso,152,Residencial,NA,TRUE,TRUE,TRUE,FALSE,FALSE,TRUE,TRUE,FALSE,TRUE,229000
2022-02-10,/apartamentos-venta-y-alquiler-la-esperilla/1238745/,NA,2.5,3,US$,220000,Tu Casa RD,La Esperilla, Santo Domingo Centro (D.N.), Santo Domingo,Segundo Uso,180,Residencial,NA,FALSE,FALSE,FALSE,FALSE,FALSE,FALSE,TRUE,FALSE,FALSE,220000
2022-02-10,/apartamentos-venta-la-esperilla/1241124/,NA,2.5,2,US$,225000,Tu Casa RD,La Esperilla, Santo Domingo Centro (D.N.), Santo Domingo,Segundo Uso,NA,Residencial,NA,FALSE,FALSE,FALSE,FALSE,FALSE,FALSE,TRUE,FALSE,FALSE,225000
2022-02-10,/apartamentos-venta-la-esperilla/1198366/,2,2.5,2,US$,153340,Tu Casa RD,La Esperilla, Santo Domingo Centro (D.N.), Santo Domingo,En Construcción,94,Residencial,NA,TRUE,TRUE,TRUE,FALSE,TRUE,TRUE,TRUE,FALSE,TRUE,153340
2022-02-10,/apartamentos-venta-la-esperilla/1198363/,2,2.5,3,US$,195250,Tu Casa RD,La Esperilla, Santo Domingo Centro (D.N.), Santo Domingo,En Construcción,142,Residencial,NA,TRUE,TRUE,TRUE,FALSE,TRUE,TRUE,TRUE,TRUE,TRUE,195250
2022-02-10,/apartamentos-venta-la-esperilla/1198368/,1,1.5,1,US$,106560,Tu Casa RD,La Esperilla, Santo Domingo Centro (D.N.), Santo Domingo,En Construcción,66,Residencial,NA,TRUE,TRUE,TRUE,TRUE,TRUE,TRUE,FALSE,TRUE,TRUE,106560
2022-02-10,/apartamentos-venta-la-esperilla/1256811/,2,3.5,3,US$,255000,Tu Casa RD,La Esperilla, Santo Domingo Centro (D.N.), Santo Domingo,Nueva,250,Residencial,9,TRUE,TRUE,FALSE,FALSE,TRUE,TRUE,TRUE,FALSE,FALSE,255000
2022-02-10,/apartamentos-venta-la-esperilla/1244582/,2,3.5,3,US$,285000,Tu Casa RD,La Esperilla, Santo Domingo Centro (D.N.), Santo Domingo,Segundo Uso,275,Residencial,12,FALSE,FALSE,FALSE,FALSE,FALSE,TRUE,TRUE,FALSE,FALSE,285000
2022-02-10,/apartamentos-venta-la-esperilla/1243138/,4,3.5,3,US$,435000,Tu Casa RD,La Esperilla, Santo Domingo Centro (D.N.), Santo Domingo,Segundo Uso,260,Residencial,NA,FALSE,FALSE,FALSE,FALSE,TRUE,TRUE,TRUE,FALSE,TRUE,435000
2022-02-10,/apartamentos-venta-y-alquiler-la-esperilla/1259200/,2,3.5,3,US$,410000,Kensami Bienes Raices ,La Esperilla, Santo Domingo Centro (D.N.), Santo Domingo,Segundo Uso,330,Residencial,6,TRUE,TRUE,TRUE,TRUE,FALSE,TRUE,TRUE,FALSE,TRUE,410000
2022-02-10,/apartamentos-venta-la-esperilla/1258370/,1,1.5,1,US$,140000,Kensami Bienes Raices ,La Esperilla, Santo Domingo Centro (D.N.), Santo Domingo,En Construcción,81,Residencial,8,TRUE,TRUE,TRUE,TRUE,FALSE,TRUE,TRUE,FALSE,TRUE,140000
2022-02-10,/apartamentos-venta-la-esperilla/1258153/,4,3.5,3,US$,450000,ZM Real Estate,La Esperilla, Santo Domingo Centro (D.N.), Santo Domingo,Segundo Uso,376,Residencial,15,TRUE,TRUE,TRUE,FALSE,FALSE,TRUE,FALSE,TRUE,FALSE,450000
2022-02-10,/apartamentos-venta-la-esperilla/1251860/,1,1.5,1,US$,140800,ABAR Inmobiliaria,La Esperilla, Santo Domingo Centro (D.N.), Santo Domingo,En Construcción,75,Residencial,2,TRUE,TRUE,FALSE,FALSE,FALSE,TRUE,TRUE,TRUE,TRUE,140800
2022-02-10,/apartamentos-venta-la-esperilla/1257766/,2,2.5,2,US$,231000,ABAR Inmobiliaria,La Esperilla, Santo Domingo Centro (D.N.), Santo Domingo,En Construcción,125,Residencial,2,TRUE,TRUE,FALSE,FALSE,TRUE,TRUE,FALSE,TRUE,TRUE,231000
2022-02-10,/apartamentos-venta-la-esperilla/1257787/,3,3.5,3,US$,444050,ABAR Inmobiliaria,La Esperilla, Santo Domingo Centro (D.N.), Santo Domingo,En Construcción,268,N/D,3,TRUE,TRUE,FALSE,FALSE,TRUE,TRUE,TRUE,TRUE,TRUE,444050
2022-02-10,/apartamentos-venta-la-esperilla/1257473/,2,2.5,2,US$,160000,Grupo Nin Inmobiliario,La Esperilla, Santo Domingo Centro (D.N.), Santo Domingo,Nueva,88,Residencial,3,TRUE,TRUE,TRUE,FALSE,FALSE,TRUE,TRUE,FALSE,TRUE,160000
2022-02-10,/apartamentos-venta-la-esperilla/1256922/,2,2.5,2,US$,350000,Remax Metropolitana,La Esperilla, Santo Domingo Centro (D.N.), Santo Domingo,Segundo Uso,144,Residencial,18,TRUE,FALSE,TRUE,FALSE,FALSE,TRUE,TRUE,FALSE,TRUE,350000
2022-02-10,/apartamentos-venta-la-esperilla/1256289/,2,3.5,3,US$,255000,SDQ Propiedades,La Esperilla, Santo Domingo Centro (D.N.), Santo Domingo,Segundo Uso,250,Residencial,9,TRUE,FALSE,FALSE,FALSE,TRUE,TRUE,TRUE,FALSE,FALSE,255000
2022-02-10,/apartamentos-venta-la-esperilla/1256246/,1,1.5,1,US$,135000,New Home Constructora Inmobiliaria,La Esperilla, Santo Domingo Centro (D.N.), Santo Domingo,En Construcción,70,Residencial,NA,TRUE,TRUE,FALSE,FALSE,FALSE,TRUE,TRUE,TRUE,TRUE,135000
2022-02-10,/apartamentos-venta-la-esperilla/1254776/,2,2.5,2,US$,216000,Kensami Bienes Raices ,La Esperilla, Santo Domingo Centro (D.N.), Santo Domingo,Segundo Uso,155,Residencial,7,TRUE,TRUE,TRUE,TRUE,FALSE,TRUE,TRUE,FALSE,TRUE,216000
2022-02-10,/apartamentos-venta-la-esperilla/1254654/,NA,NA,NA,US$,300000,Remax Metropolitana,La Esperilla, Santo Domingo Centro (D.N.), Santo Domingo,Segundo Uso,NA,Residencial,NA,TRUE,TRUE,TRUE,TRUE,FALSE,TRUE,TRUE,FALSE,TRUE,300000
2022-02-10,/apartamentos-venta-y-alquiler-la-esperilla/1246481/,4,3.5,3,US$,460000,Vidalpe Inmobiliaria,La Esperilla, Santo Domingo Centro (D.N.), Santo Domingo,Segundo Uso,310,Residencial,14,TRUE,TRUE,FALSE,TRUE,TRUE,TRUE,TRUE,FALSE,TRUE,460000
2022-02-10,/apartamentos-venta-la-esperilla/1252815/,2,2.5,2,US$,249000,Plusval Venta Directa,La Esperilla, Santo Domingo Centro (D.N.), Santo Domingo,Segundo Uso,137,Residencial,7,FALSE,TRUE,FALSE,FALSE,FALSE,FALSE,TRUE,FALSE,FALSE,249000
2022-02-10,/apartamentos-venta-la-esperilla/1250930/,2,2.5,2,US$,280000,Remax Metropolitana,La Esperilla, Santo Domingo Centro (D.N.), Santo Domingo,Nueva,133,Residencial,11,TRUE,TRUE,FALSE,FALSE,FALSE,TRUE,TRUE,FALSE,TRUE,280000
2022-02-10,/apartamentos-venta-la-esperilla/1240743/,3,3.5,3,US$,415000,Inmobiliaria Vita Home,La Esperilla, Santo Domingo Centro (D.N.), Santo Domingo,En Construcción,268,Residencial,NA,TRUE,TRUE,FALSE,TRUE,TRUE,TRUE,TRUE,FALSE,TRUE,415000
2022-02-10,/apartamentos-venta-la-esperilla/1248532/,1,1.5,1,US$,124000,Vidalpe Inmobiliaria,La Esperilla, Santo Domingo Centro (D.N.), Santo Domingo,En Construcción,80,Residencial,5,TRUE,TRUE,TRUE,TRUE,TRUE,TRUE,TRUE,TRUE,TRUE,124000
2022-02-10,/apartamentos-venta-la-esperilla/1203520/,2,2,1,US$,156074,HouseLink,La Esperilla, Santo Domingo Centro (D.N.), Santo Domingo,Nueva,93,Residencial,5,TRUE,FALSE,FALSE,FALSE,FALSE,FALSE,FALSE,FALSE,FALSE,156074
2022-02-10,/apartamentos-venta-la-esperilla/1247129/,2,2.5,2,US$,255000,Elite Brokers,La Esperilla, Santo Domingo Centro (D.N.), Santo Domingo,NA,159,Residencial,NA,TRUE,TRUE,FALSE,FALSE,TRUE,TRUE,TRUE,FALSE,TRUE,255000
2022-02-10,/apartamentos-venta-la-esperilla/1245520/,3,3.5,3,US$,405000,Grupo Nin Inmobiliario,La Esperilla, Santo Domingo Centro (D.N.), Santo Domingo,Segundo Uso,297,Residencial,9,FALSE,TRUE,FALSE,FALSE,FALSE,FALSE,TRUE,FALSE,FALSE,405000
2022-02-10,/apartamentos-venta-la-esperilla/1242878/,3,2.5,3,US$,450000,BAEZ MUESES INMOBILIARIA,La Esperilla, Santo Domingo Centro (D.N.), Santo Domingo,Segundo Uso,392,Residencial,7,TRUE,TRUE,FALSE,TRUE,FALSE,TRUE,TRUE,FALSE,FALSE,450000
2022-02-10,/apartamentos-venta-la-esperilla/1236250/,2,4.5,4,US$,490000,Plusval Venta Directa,La Esperilla, Santo Domingo Centro (D.N.), Santo Domingo,Segundo Uso,451,Residencial,9,TRUE,TRUE,TRUE,TRUE,FALSE,TRUE,TRUE,TRUE,FALSE,490000
2022-02-10,/apartamentos-venta-la-esperilla/1232695/,3,3.5,3,US$,444050,New Home Constructora Inmobiliaria,La Esperilla, Santo Domingo Centro (D.N.), Santo Domingo,En Construcción,268,Residencial,NA,TRUE,FALSE,TRUE,FALSE,TRUE,FALSE,FALSE,FALSE,FALSE,444050
2022-02-10,/apartamentos-venta-la-esperilla/1221895/,3,6,3,US$,470000,Inmobiliaria Paf SRL,La Esperilla, Santo Domingo Centro (D.N.), Santo Domingo,Remodelada,440,Residencial,NA,TRUE,TRUE,FALSE,FALSE,TRUE,TRUE,TRUE,TRUE,FALSE,470000
2022-02-10,/apartamentos-venta-la-esperilla/1210921/,2,1.5,1,US$,109000,Grupo Nin Inmobiliario,La Esperilla, Santo Domingo Centro (D.N.), Santo Domingo,En Construcción,68,Residencial,2,TRUE,TRUE,TRUE,TRUE,TRUE,TRUE,TRUE,FALSE,TRUE,109000
