date,id,parking,bathrooms,bedrooms,currency,price,seller,neighborhood,city,province,status,area,usage,story,planta,lift,pool,pozo,terraza,lobby,balcon,jacuzzi,gimnasio,price.usd
2022-02-10,/apartamentos-venta-piantini/1265293/,2,NA,2,US$,260000,URBANET,Piantini, Santo Domingo Centro (D.N.), Santo Domingo,En Construcción,NA,Residencial,NA,TRUE,TRUE,TRUE,TRUE,TRUE,TRUE,TRUE,TRUE,TRUE,260000
2022-02-10,/apartamentos-venta-piantini/1265289/,1,1.5,1,US$,131000,URBANET,Piantini, Santo Domingo Centro (D.N.), Santo Domingo,En Construcción,NA,Residencial,NA,TRUE,TRUE,TRUE,TRUE,TRUE,TRUE,TRUE,TRUE,TRUE,131000
2022-02-10,/apartamentos-venta-piantini/1269870/,4,5.5,4,US$,775000,Novohogar Inmobiliaria,Piantini, Santo Domingo Centro (D.N.), Santo Domingo,Segundo Uso,652,Residencial,12,TRUE,TRUE,FALSE,TRUE,TRUE,TRUE,TRUE,TRUE,FALSE,775000
2022-02-10,/apartamentos-venta-piantini/1268413/,2,3.5,3,US$,312000,Inmobiliaria Grupal,Piantini, Santo Domingo Centro (D.N.), Santo Domingo,Segundo Uso,245,Residencial,2,FALSE,FALSE,FALSE,FALSE,FALSE,FALSE,FALSE,FALSE,FALSE,312000
2022-02-10,/apartamentos-venta-piantini/1268408/,3,NA,2,US$,260000,Inmobiliaria Grupal,Piantini, Santo Domingo Centro (D.N.), Santo Domingo,Segundo Uso,180,Residencial,NA,FALSE,TRUE,TRUE,FALSE,FALSE,TRUE,TRUE,FALSE,TRUE,260000
2022-02-10,/apartamentos-venta-piantini/1268412/,2,NA,3,US$,200000,Inmobiliaria Grupal,Piantini, Santo Domingo Centro (D.N.), Santo Domingo,Segundo Uso,187,Residencial,NA,FALSE,FALSE,FALSE,FALSE,FALSE,FALSE,FALSE,FALSE,FALSE,200000
2022-02-10,/apartamentos-venta-piantini/1250532/,3,3.5,3,US$,377750,Inmobisla,Piantini, Santo Domingo Centro (D.N.), Santo Domingo,Nueva,210,Residencial,NA,TRUE,TRUE,TRUE,FALSE,TRUE,TRUE,TRUE,FALSE,TRUE,377750
2022-02-10,/apartamentos-venta-piantini/1263032/,2,3.5,3,US$,245000,Marrero Luxury,Piantini, Santo Domingo Centro (D.N.), Santo Domingo,Segundo Uso,265,Residencial,6,TRUE,TRUE,FALSE,TRUE,TRUE,TRUE,TRUE,FALSE,FALSE,245000
2022-02-10,/apartamentos-venta-piantini/1266633/,2,3.5,3,US$,590000,Seekers Inmobiliaria,Piantini, Santo Domingo Centro (D.N.), Santo Domingo,En Construcción,290,Residencial,NA,TRUE,TRUE,TRUE,FALSE,TRUE,TRUE,TRUE,FALSE,TRUE,590000
2022-02-10,/apartamentos-venta-piantini/1266438/,2,3.5,3,US$,590000,Seekers Inmobiliaria,Piantini, Santo Domingo Centro (D.N.), Santo Domingo,En Construcción,290,Residencial,NA,TRUE,TRUE,TRUE,FALSE,FALSE,FALSE,TRUE,TRUE,TRUE,590000
2022-02-10,/apartamentos-venta-piantini/1266219/,1,1,1,US$,144000,Seekers Inmobiliaria,Piantini, Santo Domingo Centro (D.N.), Santo Domingo,En Construcción,60,Residencial,NA,TRUE,TRUE,FALSE,TRUE,TRUE,TRUE,TRUE,TRUE,TRUE,144000
2022-02-10,/apartamentos-venta-piantini/1257660/,3,3.5,3,US$,382250,Vivenzas Real Estate ,Piantini, Santo Domingo Centro (D.N.), Santo Domingo,Nueva,210,Residencial,NA,TRUE,TRUE,TRUE,FALSE,TRUE,TRUE,TRUE,TRUE,TRUE,382250
2022-02-10,/apartamentos-venta-piantini/1247365/,3,3.5,3,US$,618000,Vivenzas Real Estate ,Piantini, Santo Domingo Centro (D.N.), Santo Domingo,Nueva,330,Residencial,NA,TRUE,TRUE,TRUE,FALSE,TRUE,TRUE,TRUE,FALSE,TRUE,618000
2022-02-10,/apartamentos-venta-piantini/1262569/,1,1.5,1,US$,235000,Vivenzas Real Estate ,Piantini, Santo Domingo Centro (D.N.), Santo Domingo,Nueva,90,Residencial,NA,TRUE,TRUE,TRUE,FALSE,FALSE,TRUE,TRUE,FALSE,TRUE,235000
2022-02-10,/apartamentos-venta-piantini/1262572/,1,1.5,1,US$,239600,Vivenzas Real Estate ,Piantini, Santo Domingo Centro (D.N.), Santo Domingo,Nueva,85,Residencial,NA,TRUE,TRUE,TRUE,FALSE,FALSE,TRUE,TRUE,FALSE,TRUE,239600
2022-02-10,/apartamentos-venta-piantini/1268292/,1,1.5,1,US$,295000,Vivenzas Real Estate ,Piantini, Santo Domingo Centro (D.N.), Santo Domingo,En Construcción,83,Residencial,NA,TRUE,TRUE,TRUE,FALSE,TRUE,FALSE,TRUE,FALSE,TRUE,295000
2022-02-10,/apartamentos-venta-piantini/1265871/,3,3.5,3,US$,355000,Vivenzas Real Estate ,Piantini, Santo Domingo Centro (D.N.), Santo Domingo,Segundo Uso,185,Residencial,NA,TRUE,TRUE,TRUE,FALSE,FALSE,TRUE,TRUE,FALSE,TRUE,355000
2022-02-10,/apartamentos-venta-piantini/1262565/,4,3,3,US$,775000,Vivenzas Real Estate ,Piantini, Santo Domingo Centro (D.N.), Santo Domingo,Nueva,375,Residencial,NA,TRUE,TRUE,TRUE,FALSE,TRUE,TRUE,TRUE,FALSE,TRUE,775000
2022-02-10,/apartamentos-venta-piantini/1262564/,4,3.5,3,US$,775000,Vivenzas Real Estate ,Piantini, Santo Domingo Centro (D.N.), Santo Domingo,Nueva,375,Residencial,NA,TRUE,TRUE,TRUE,FALSE,TRUE,TRUE,TRUE,FALSE,TRUE,775000
2022-02-10,/apartamentos-venta-piantini/1269693/,3,3.5,3,US$,355000,Premium Real Estate,Piantini, Santo Domingo Centro (D.N.), Santo Domingo,Segundo Uso,221,Residencial,8,TRUE,TRUE,FALSE,FALSE,TRUE,TRUE,TRUE,FALSE,TRUE,355000
2022-02-10,/apartamentos-venta-piantini/1262616/,2,3.5,3,US$,310000,Premium Real Estate,Piantini, Santo Domingo Centro (D.N.), Santo Domingo,Segundo Uso,280,Residencial,3,TRUE,TRUE,FALSE,FALSE,FALSE,TRUE,TRUE,FALSE,FALSE,310000
2022-02-10,/apartamentos-venta-piantini/1221691/,NA,NA,2,US$,224000,Premium Real Estate,Piantini, Santo Domingo Centro (D.N.), Santo Domingo,En Construcción,35,Residencial,NA,TRUE,TRUE,TRUE,FALSE,TRUE,TRUE,TRUE,TRUE,TRUE,224000
2022-02-10,/apartamentos-venta-piantini/1256573/,3,3.5,3,US$,540000,Premium Real Estate,Piantini, Santo Domingo Centro (D.N.), Santo Domingo,Nueva,275,Residencial,4,TRUE,TRUE,FALSE,FALSE,FALSE,TRUE,TRUE,FALSE,TRUE,540000
2022-02-10,/apartamentos-venta-piantini/1269688/,3,3.5,3,US$,355000,Premium Real Estate,Piantini, Santo Domingo Centro (D.N.), Santo Domingo,Segundo Uso,221,Residencial,8,TRUE,TRUE,TRUE,FALSE,TRUE,TRUE,TRUE,FALSE,TRUE,355000
2022-02-10,/apartamentos-venta-piantini/1264080/,2,3.5,3,US$,345000,Algonovo Real Estate,Piantini, Santo Domingo Centro (D.N.), Santo Domingo,Segundo Uso,148,Residencial,3,TRUE,TRUE,FALSE,FALSE,FALSE,TRUE,TRUE,TRUE,TRUE,345000
2022-02-10,/apartamentos-venta-piantini/1262614/,2,3.5,3,US$,310000,Premium Real Estate,Piantini, Santo Domingo Centro (D.N.), Santo Domingo,Segundo Uso,280,Residencial,3,TRUE,TRUE,FALSE,FALSE,FALSE,TRUE,TRUE,FALSE,FALSE,310000
2022-02-10,/apartamentos-venta-piantini/1256576/,3,3.5,3,US$,540000,Premium Real Estate,Piantini, Santo Domingo Centro (D.N.), Santo Domingo,Nueva,275,Residencial,4,TRUE,TRUE,FALSE,FALSE,FALSE,TRUE,TRUE,TRUE,FALSE,540000
2022-02-10,/apartamentos-venta-piantini/1263772/,2,2.5,2,US$,296250,Algonovo Real Estate,Piantini, Santo Domingo Centro (D.N.), Santo Domingo,En Construcción,153,Residencial,4,TRUE,TRUE,TRUE,TRUE,TRUE,TRUE,TRUE,FALSE,TRUE,296250
2022-02-10,/apartamentos-venta-y-alquiler-piantini/1269321/,3,3.5,3,US$,490000,Algonovo Real Estate,Piantini, Santo Domingo Centro (D.N.), Santo Domingo,Segundo Uso,200,Mixto,7,TRUE,TRUE,TRUE,FALSE,TRUE,TRUE,TRUE,FALSE,TRUE,490000
2022-02-10,/apartamentos-venta-piantini/1263773/,3,3.5,3,US$,355500,Algonovo Real Estate,Piantini, Santo Domingo Centro (D.N.), Santo Domingo,En Construcción,185,Residencial,3,TRUE,TRUE,TRUE,TRUE,TRUE,TRUE,TRUE,FALSE,TRUE,355500
2022-02-10,/apartamentos-venta-piantini/1266797/,3,3.5,3,US$,595000,VALORA INMOBILIARIA,Piantini, Santo Domingo Centro (D.N.), Santo Domingo,Nueva,316,Residencial,8,TRUE,TRUE,TRUE,TRUE,TRUE,TRUE,TRUE,FALSE,TRUE,595000
2022-02-10,/apartamentos-venta-piantini/1269404/,1,1.5,1,US$,235000,Marco Rivero,Piantini, Santo Domingo Centro (D.N.), Santo Domingo,Nueva,90,Residencial,14,TRUE,TRUE,TRUE,FALSE,FALSE,TRUE,TRUE,FALSE,TRUE,235000
2022-02-10,/apartamentos-venta-piantini/1268909/,NA,NA,NA,US$,386000,Marco Rivero,Piantini, Santo Domingo Centro (D.N.), Santo Domingo,Nueva,210,Residencial,NA,TRUE,TRUE,TRUE,FALSE,FALSE,TRUE,TRUE,FALSE,TRUE,386000
2022-02-10,/apartamentos-venta-y-alquiler-piantini/1259281/,2,3.5,3,US$,245000,Mis Casas RD,Piantini, Santo Domingo Centro (D.N.), Santo Domingo,Segundo Uso,288,Residencial,1,TRUE,TRUE,FALSE,FALSE,FALSE,FALSE,TRUE,FALSE,TRUE,245000
2022-02-10,/apartamentos-venta-y-alquiler-piantini/1260585/,2,3.5,3,US$,335000,Inmobiliaria e Inversiones Peguero & Asociados,Piantini, Santo Domingo Centro (D.N.), Santo Domingo,Segundo Uso,228,Residencial,2,TRUE,TRUE,TRUE,TRUE,TRUE,TRUE,FALSE,FALSE,TRUE,335000
2022-02-10,/apartamentos-venta-piantini/1269510/,2,3.5,3,US$,195000,MBello Bienes Raices,Piantini, Santo Domingo Centro (D.N.), Santo Domingo,Segundo Uso,167,Residencial,NA,FALSE,FALSE,FALSE,FALSE,FALSE,FALSE,FALSE,FALSE,FALSE,195000
2022-02-10,/apartamentos-venta-piantini/1267400/,1,2,2,US$,170000,MBello Bienes Raices,Piantini, Santo Domingo Centro (D.N.), Santo Domingo,Nueva,96,Residencial,11,TRUE,TRUE,FALSE,TRUE,TRUE,TRUE,TRUE,FALSE,TRUE,170000
2022-02-10,/apartamentos-venta-piantini/1225960/,2,2,3,US$,369325,Mr. Home Asesores Inmobiliarios,Piantini, Santo Domingo Centro (D.N.), Santo Domingo,NA,NA,Residencial,3,FALSE,TRUE,FALSE,FALSE,FALSE,TRUE,TRUE,FALSE,TRUE,369325
2022-02-10,/apartamentos-venta-piantini/1257932/,2,2.5,2,US$,310000,Dreamhome Real Estate,Piantini, Santo Domingo Centro (D.N.), Santo Domingo,En Construcción,135,Residencial,2,TRUE,TRUE,FALSE,FALSE,TRUE,TRUE,TRUE,FALSE,TRUE,310000
2022-02-10,/apartamentos-venta-piantini/1232502/,2,3.5,3,US$,328000,Mr. Home Asesores Inmobiliarios,Piantini, Santo Domingo Centro (D.N.), Santo Domingo,Fideicomiso,153,Residencial,NA,TRUE,FALSE,FALSE,FALSE,FALSE,FALSE,FALSE,FALSE,TRUE,328000
2022-02-10,/apartamentos-venta-piantini/1232499/,2,3.5,3,US$,325000,Mr. Home Asesores Inmobiliarios,Piantini, Santo Domingo Centro (D.N.), Santo Domingo,NA,153,Residencial,NA,TRUE,FALSE,FALSE,FALSE,FALSE,FALSE,FALSE,FALSE,TRUE,325000
2022-02-10,/apartamentos-venta-piantini/1234303/,2,3.5,3,US$,450000,Mr. Home Asesores Inmobiliarios,Piantini, Santo Domingo Centro (D.N.), Santo Domingo,NA,400,Residencial,NA,FALSE,FALSE,FALSE,FALSE,TRUE,FALSE,FALSE,FALSE,FALSE,450000
2022-02-10,/apartamentos-venta-piantini/1256865/,2,3.5,3,US$,195000,Home Master SRL,Piantini, Santo Domingo Centro (D.N.), Santo Domingo,Segundo Uso,168,Residencial,7,TRUE,TRUE,FALSE,FALSE,FALSE,TRUE,FALSE,FALSE,FALSE,195000
2022-02-10,/apartamentos-venta-piantini/1248096/,1,2,2,US$,255000,Home Master SRL,Piantini, Santo Domingo Centro (D.N.), Santo Domingo,Nueva,86,Residencial,6,TRUE,TRUE,FALSE,TRUE,TRUE,TRUE,TRUE,TRUE,TRUE,255000
2022-02-10,/apartamentos-venta-piantini/1221194/,2,3.5,3,US$,255000,Home Master SRL,Piantini, Santo Domingo Centro (D.N.), Santo Domingo,Segundo Uso,200,Residencial,6,TRUE,TRUE,FALSE,FALSE,FALSE,TRUE,TRUE,FALSE,FALSE,255000
2022-02-10,/apartamentos-venta-piantini/1257257/,4,3.5,3,US$,775000,Bienvenida Rubén Jiménez,Piantini, Santo Domingo Centro (D.N.), Santo Domingo,Nueva,375,Residencial,15,TRUE,TRUE,TRUE,TRUE,TRUE,TRUE,TRUE,FALSE,TRUE,775000
2022-02-10,/apartamentos-venta-y-alquiler-piantini/1265283/,2,3.5,3,US$,290000,Top Side Brokers Realty Group,Piantini, Santo Domingo Centro (D.N.), Santo Domingo,Segundo Uso,275,Residencial,3,TRUE,TRUE,FALSE,FALSE,FALSE,TRUE,TRUE,FALSE,FALSE,290000
2022-02-10,/apartamentos-venta-piantini/1245401/,2,3.5,3,US$,270000,Mr. Home Asesores Inmobiliarios,Piantini, Santo Domingo Centro (D.N.), Santo Domingo,NA,223,Residencial,NA,FALSE,FALSE,FALSE,FALSE,FALSE,FALSE,TRUE,FALSE,FALSE,270000
2022-02-10,/apartamentos-venta-piantini/1229119/,NA,2.5,2,US$,288000,Mr. Home Asesores Inmobiliarios,Piantini, Santo Domingo Centro (D.N.), Santo Domingo,NA,144,Residencial,NA,TRUE,TRUE,FALSE,FALSE,FALSE,TRUE,FALSE,FALSE,FALSE,288000
2022-02-10,/apartamentos-venta-piantini/1226207/,1,1.5,1,US$,150220,Mr. Home Asesores Inmobiliarios,Piantini, Santo Domingo Centro (D.N.), Santo Domingo,NA,NA,Residencial,NA,TRUE,TRUE,FALSE,FALSE,FALSE,TRUE,TRUE,FALSE,FALSE,150220
2022-02-10,/apartamentos-venta-piantini/1228039/,1,1.5,1,US$,150220,Mr. Home Asesores Inmobiliarios,Piantini, Santo Domingo Centro (D.N.), Santo Domingo,NA,NA,Residencial,NA,TRUE,TRUE,FALSE,FALSE,FALSE,TRUE,TRUE,FALSE,FALSE,150220
2022-02-10,/apartamentos-venta-piantini/1241975/,NA,NA,NA,US$,300000,Mr. Home Asesores Inmobiliarios,Piantini, Santo Domingo Centro (D.N.), Santo Domingo,En Construcción,NA,Residencial,NA,FALSE,TRUE,FALSE,TRUE,FALSE,FALSE,FALSE,TRUE,TRUE,300000
2022-02-10,/apartamentos-venta-piantini/1268688/,3,3,3,US$,260000,Inmobiliaria Grupal,Piantini, Santo Domingo Centro (D.N.), Santo Domingo,Segundo Uso,180,Residencial,NA,FALSE,FALSE,TRUE,FALSE,FALSE,TRUE,TRUE,FALSE,FALSE,260000
2022-02-10,/apartamentos-venta-piantini/1267414/,2,3.5,3,US$,312000,Inmobiliaria Grupal,Piantini, Santo Domingo Centro (D.N.), Santo Domingo,Segundo Uso,245,Residencial,2,TRUE,TRUE,FALSE,FALSE,TRUE,TRUE,TRUE,FALSE,FALSE,312000
2022-02-10,/apartamentos-venta-piantini/1267795/,2,2.5,3,US$,200000,Inmobiliaria Grupal,Piantini, Santo Domingo Centro (D.N.), Santo Domingo,Segundo Uso,187,Residencial,2,FALSE,FALSE,FALSE,FALSE,FALSE,FALSE,FALSE,FALSE,FALSE,200000
2022-02-10,/apartamentos-venta-piantini/1267412/,3,3.5,3,US$,618000,Inmobiliaria Grupal,Piantini, Santo Domingo Centro (D.N.), Santo Domingo,Segundo Uso,330,Residencial,15,TRUE,TRUE,TRUE,FALSE,TRUE,TRUE,TRUE,FALSE,TRUE,618000
2022-02-10,/apartamentos-venta-y-alquiler-piantini/1267395/,2,4.5,3,US$,440000,Inmobiliaria Grupal,Piantini, Santo Domingo Centro (D.N.), Santo Domingo,Segundo Uso,326,Residencial,5,TRUE,TRUE,FALSE,TRUE,TRUE,TRUE,TRUE,FALSE,TRUE,440000
2022-02-10,/apartamentos-venta-piantini/1267397/,2,2.5,2,US$,297000,Inmobiliaria Grupal,Piantini, Santo Domingo Centro (D.N.), Santo Domingo,Segundo Uso,153,Residencial,NA,FALSE,FALSE,FALSE,FALSE,FALSE,FALSE,FALSE,FALSE,FALSE,297000
2022-02-10,/apartamentos-venta-piantini/1256775/,3,3.5,3,US$,545000,Premium Real Estate,Piantini, Santo Domingo Centro (D.N.), Santo Domingo,Segundo Uso,275,Residencial,5,FALSE,TRUE,TRUE,FALSE,FALSE,TRUE,TRUE,TRUE,FALSE,545000
2022-02-10,/apartamentos-venta-piantini/1261448/,2,3.5,3,US$,300000,Premium Real Estate,Piantini, Santo Domingo Centro (D.N.), Santo Domingo,Segundo Uso,192,Residencial,5,TRUE,FALSE,TRUE,FALSE,FALSE,TRUE,FALSE,FALSE,TRUE,300000
2022-02-10,/apartamentos-venta-piantini/1238875/,1,1.5,1,US$,162485,Tu Casa RD,Piantini, Santo Domingo Centro (D.N.), Santo Domingo,En Planos,35,Residencial,11,TRUE,TRUE,TRUE,TRUE,TRUE,TRUE,TRUE,FALSE,FALSE,162485
2022-02-10,/apartamentos-venta-y-alquiler-piantini/1267557/,3,2.5,2,US$,260000,Property Inmobiliaria,Piantini, Santo Domingo Centro (D.N.), Santo Domingo,Segundo Uso,180,Residencial,2,TRUE,TRUE,FALSE,FALSE,FALSE,TRUE,TRUE,TRUE,TRUE,260000
2022-02-10,/apartamentos-venta-piantini/1267810/,2,3.5,3,US$,280000,Property Inmobiliaria,Piantini, Santo Domingo Centro (D.N.), Santo Domingo,Segundo Uso,230,Residencial,5,TRUE,TRUE,FALSE,FALSE,FALSE,TRUE,TRUE,FALSE,FALSE,280000
2022-02-10,/apartamentos-venta-piantini/1241580/,2,3.5,3,US$,255000,Marrero Luxury,Piantini, Santo Domingo Centro (D.N.), Santo Domingo,Segundo Uso,260,Residencial,6,TRUE,TRUE,FALSE,FALSE,FALSE,TRUE,TRUE,FALSE,FALSE,255000
2022-02-10,/apartamentos-venta-piantini/1263258/,2,3.5,3,US$,265000,Marrero Luxury,Piantini, Santo Domingo Centro (D.N.), Santo Domingo,Segundo Uso,NA,Residencial,4,TRUE,TRUE,FALSE,TRUE,TRUE,TRUE,TRUE,FALSE,FALSE,265000
2022-02-10,/apartamentos-venta-piantini/1269809/,3,3.5,3,US$,335000,Premium Real Estate,Piantini, Santo Domingo Centro (D.N.), Santo Domingo,Segundo Uso,NA,Residencial,8,FALSE,TRUE,TRUE,FALSE,FALSE,TRUE,TRUE,FALSE,TRUE,335000
2022-02-10,/apartamentos-venta-piantini/1257333/,1,1.5,1,US$,208000,Seekers Inmobiliaria,Piantini, Santo Domingo Centro (D.N.), Santo Domingo,Nueva,85,Residencial,5,TRUE,TRUE,TRUE,FALSE,TRUE,TRUE,FALSE,FALSE,TRUE,208000
2022-02-10,/apartamentos-venta-piantini/1228878/,3,3.5,3,US$,370000,Seekers Inmobiliaria,Piantini, Santo Domingo Centro (D.N.), Santo Domingo,En Construcción,175,Residencial,16,FALSE,FALSE,TRUE,FALSE,FALSE,FALSE,FALSE,TRUE,TRUE,370000
2022-02-10,/apartamentos-venta-piantini/1257571/,1,NA,1,US$,143000,Seekers Inmobiliaria,Piantini, Santo Domingo Centro (D.N.), Santo Domingo,En Construcción,50,Residencial,3,TRUE,FALSE,FALSE,FALSE,FALSE,FALSE,FALSE,TRUE,TRUE,143000
2022-02-10,/apartamentos-venta-piantini/1265190/,3,3.5,3,US$,595000,Seekers Inmobiliaria,Piantini, Santo Domingo Centro (D.N.), Santo Domingo,Nueva,340,Residencial,8,FALSE,TRUE,TRUE,FALSE,FALSE,TRUE,FALSE,FALSE,FALSE,595000
2022-02-10,/apartamentos-venta-piantini/1257572/,2,NA,2,US$,238000,Seekers Inmobiliaria,Piantini, Santo Domingo Centro (D.N.), Santo Domingo,En Construcción,140,Residencial,10,TRUE,FALSE,FALSE,FALSE,FALSE,TRUE,FALSE,FALSE,TRUE,238000
2022-02-10,/apartamentos-venta-piantini/1239262/,2,2,2,US$,250679,Seekers Inmobiliaria,Piantini, Santo Domingo Centro (D.N.), Santo Domingo,En Construcción,70,Mixto,6,TRUE,TRUE,TRUE,FALSE,FALSE,TRUE,FALSE,FALSE,TRUE,250679
2022-02-10,/apartamentos-venta-piantini/1266467/,2,3,3,US$,345000,Seekers Inmobiliaria,Piantini, Santo Domingo Centro (D.N.), Santo Domingo,Segundo Uso,158,Residencial,3,FALSE,TRUE,FALSE,FALSE,FALSE,TRUE,FALSE,FALSE,FALSE,345000
2022-02-10,/apartamentos-venta-piantini/1252892/,3,3.5,3,US$,450000,Seekers Inmobiliaria,Piantini, Santo Domingo Centro (D.N.), Santo Domingo,En Construcción,197,Residencial,NA,FALSE,TRUE,TRUE,FALSE,TRUE,TRUE,TRUE,FALSE,TRUE,450000
2022-02-10,/apartamentos-venta-piantini/1252891/,3,3.5,3,US$,429000,Seekers Inmobiliaria,Piantini, Santo Domingo Centro (D.N.), Santo Domingo,En Construcción,200,Residencial,NA,FALSE,TRUE,TRUE,FALSE,TRUE,FALSE,TRUE,FALSE,TRUE,429000
2022-02-10,/apartamentos-venta-piantini/1261701/,2,2.5,3,US$,300000,Premium Real Estate,Piantini, Santo Domingo Centro (D.N.), Santo Domingo,Segundo Uso,192,Residencial,NA,TRUE,TRUE,TRUE,FALSE,FALSE,TRUE,FALSE,FALSE,TRUE,300000
2022-02-10,/apartamentos-venta-piantini/1246038/,3,3.5,3,US$,930000,Premium Real Estate,Piantini, Santo Domingo Centro (D.N.), Santo Domingo,Segundo Uso,NA,Residencial,NA,TRUE,TRUE,TRUE,FALSE,TRUE,TRUE,FALSE,FALSE,TRUE,930000
2022-02-10,/apartamentos-venta-y-alquiler-piantini/1195642/,3,3.5,3,US$,490000,Algonovo Real Estate,Piantini, Santo Domingo Centro (D.N.), Santo Domingo,Segundo Uso,200,Residencial,7,TRUE,TRUE,TRUE,FALSE,FALSE,TRUE,TRUE,FALSE,TRUE,490000
2022-02-10,/apartamentos-venta-piantini/1264837/,2,3.5,3,US$,345000,Algonovo Real Estate,Piantini, Santo Domingo Centro (D.N.), Santo Domingo,Segundo Uso,188,Residencial,3,TRUE,TRUE,FALSE,FALSE,TRUE,TRUE,TRUE,TRUE,TRUE,345000
2022-02-10,/apartamentos-venta-piantini/1261089/,1,1.5,1,US$,143000,Algonovo Real Estate,Piantini, Santo Domingo Centro (D.N.), Santo Domingo,En Planos,50,Residencial,NA,TRUE,TRUE,TRUE,FALSE,FALSE,TRUE,FALSE,FALSE,TRUE,143000
2022-02-10,/apartamentos-venta-piantini/1267024/,2,3.5,3,US$,230000,ABAR Inmobiliaria,Piantini, Santo Domingo Centro (D.N.), Santo Domingo,Segundo Uso,246,Residencial,3,TRUE,FALSE,FALSE,FALSE,FALSE,FALSE,FALSE,FALSE,FALSE,230000
2022-02-10,/apartamentos-venta-piantini/1253043/,3,3.5,3,US$,358750,Algonovo Real Estate,Piantini, Santo Domingo Centro (D.N.), Santo Domingo,En Planos,175,Residencial,3,TRUE,TRUE,FALSE,FALSE,FALSE,TRUE,FALSE,TRUE,TRUE,358750
2022-02-10,/apartamentos-venta-piantini/1252224/,3,3.5,3,US$,650000,Algonovo Real Estate,Piantini, Santo Domingo Centro (D.N.), Santo Domingo,Nueva,336,Residencial,NA,TRUE,TRUE,TRUE,FALSE,TRUE,TRUE,FALSE,TRUE,TRUE,650000
2022-02-10,/apartamentos-venta-piantini/1252240/,3,3.5,3,US$,370000,Algonovo Real Estate,Piantini, Santo Domingo Centro (D.N.), Santo Domingo,Nueva,200,Residencial,13,TRUE,FALSE,TRUE,FALSE,FALSE,TRUE,TRUE,FALSE,TRUE,370000
2022-02-10,/apartamentos-venta-piantini/1245457/,3,3.5,3,US$,695000,Algonovo Real Estate,Piantini, Santo Domingo Centro (D.N.), Santo Domingo,Segundo Uso,340,Residencial,NA,TRUE,TRUE,TRUE,FALSE,TRUE,TRUE,TRUE,TRUE,TRUE,695000
2022-02-10,/apartamentos-venta-piantini/1248209/,2,3.5,3,US$,358000,Mudate,Piantini, Santo Domingo Centro (D.N.), Santo Domingo,Nueva,174,Residencial,NA,FALSE,FALSE,FALSE,FALSE,FALSE,FALSE,FALSE,FALSE,FALSE,358000
2022-02-10,/apartamentos-venta-piantini/1258445/,1,1.5,1,US$,137000,Mudate,Piantini, Santo Domingo Centro (D.N.), Santo Domingo,Nueva,35,Residencial,NA,FALSE,FALSE,FALSE,FALSE,FALSE,FALSE,FALSE,FALSE,FALSE,137000
2022-02-10,/apartamentos-venta-piantini/1258443/,2,2.5,2,US$,441000,Mudate,Piantini, Santo Domingo Centro (D.N.), Santo Domingo,Nueva,105,Residencial,NA,FALSE,FALSE,TRUE,FALSE,FALSE,FALSE,FALSE,FALSE,FALSE,441000
2022-02-10,/apartamentos-venta-piantini/1223204/,3,3.5,3,US$,450000,Mudate,Piantini, Santo Domingo Centro (D.N.), Santo Domingo,Nueva,275,Residencial,NA,FALSE,FALSE,FALSE,FALSE,FALSE,FALSE,FALSE,FALSE,FALSE,450000
2022-02-10,/apartamentos-venta-piantini/1220196/,2,2.5,2,US$,230000,Mudate,Piantini, Santo Domingo Centro (D.N.), Santo Domingo,Nueva,115,Residencial,NA,FALSE,FALSE,FALSE,FALSE,FALSE,FALSE,FALSE,FALSE,FALSE,230000
2022-02-10,/apartamentos-venta-piantini/1263630/,4,3.5,3,US$,630000,Mudate,Piantini, Santo Domingo Centro (D.N.), Santo Domingo,Nueva,427,Residencial,NA,FALSE,FALSE,FALSE,FALSE,FALSE,FALSE,FALSE,FALSE,FALSE,630000
2022-02-10,/apartamentos-venta-piantini/1208436/,1,1.5,1,US$,239000,Mudate,Piantini, Santo Domingo Centro (D.N.), Santo Domingo,Nueva,90,Residencial,NA,FALSE,FALSE,FALSE,FALSE,FALSE,FALSE,FALSE,FALSE,FALSE,239000
2022-02-10,/apartamentos-venta-piantini/1208434/,3,3.5,3,US$,415000,Mudate,Piantini, Santo Domingo Centro (D.N.), Santo Domingo,Nueva,200,Residencial,NA,TRUE,TRUE,TRUE,TRUE,FALSE,TRUE,TRUE,FALSE,TRUE,415000
2022-02-10,/apartamentos-venta-y-alquiler-piantini/1263821/,2,3.5,3,US$,245000,Mudate,Piantini, Santo Domingo Centro (D.N.), Santo Domingo,Nueva,288,Residencial,NA,FALSE,FALSE,FALSE,FALSE,FALSE,FALSE,FALSE,FALSE,FALSE,245000
2022-02-10,/apartamentos-venta-y-alquiler-piantini/1254875/,4,3.5,3,US$,1800000,Mudate,Piantini, Santo Domingo Centro (D.N.), Santo Domingo,Nueva,560,Residencial,NA,FALSE,FALSE,FALSE,FALSE,FALSE,FALSE,FALSE,FALSE,FALSE,1800000
2022-02-10,/apartamentos-venta-piantini/1257990/,2,2.5,2,US$,238000,Mudate,Piantini, Santo Domingo Centro (D.N.), Santo Domingo,Nueva,140,Residencial,NA,TRUE,TRUE,FALSE,TRUE,TRUE,TRUE,TRUE,TRUE,TRUE,238000
2022-02-10,/apartamentos-venta-piantini/1263615/,3,3.5,3,US$,700000,Mudate,Piantini, Santo Domingo Centro (D.N.), Santo Domingo,Nueva,410,Residencial,NA,FALSE,FALSE,FALSE,FALSE,FALSE,FALSE,FALSE,FALSE,FALSE,700000
2022-02-10,/apartamentos-venta-piantini/1259453/,4,3.5,3,US$,630000,Mudate,Piantini, Santo Domingo Centro (D.N.), Santo Domingo,Nueva,427,Residencial,NA,FALSE,FALSE,FALSE,FALSE,FALSE,FALSE,FALSE,FALSE,FALSE,630000
2022-02-10,/apartamentos-venta-piantini/1258493/,1,1.5,1,US$,250000,Mudate,Piantini, Santo Domingo Centro (D.N.), Santo Domingo,Nueva,70,Residencial,NA,FALSE,FALSE,TRUE,FALSE,FALSE,FALSE,FALSE,FALSE,FALSE,250000
2022-02-10,/apartamentos-venta-piantini/1209953/,2,2.5,2,US$,289000,Mudate,Piantini, Santo Domingo Centro (D.N.), Santo Domingo,Nueva,105,Residencial,NA,FALSE,FALSE,FALSE,FALSE,FALSE,FALSE,FALSE,FALSE,FALSE,289000
2022-02-10,/apartamentos-venta-piantini/1264233/,1,1.5,1,US$,202000,Mudate,Piantini, Santo Domingo Centro (D.N.), Santo Domingo,Nueva,78,Residencial,NA,FALSE,FALSE,FALSE,FALSE,FALSE,FALSE,FALSE,FALSE,FALSE,202000
2022-02-10,/apartamentos-venta-piantini/1264176/,2,3.5,3,US$,240000,Mudate,Piantini, Santo Domingo Centro (D.N.), Santo Domingo,Nueva,225,Residencial,NA,FALSE,FALSE,FALSE,FALSE,FALSE,FALSE,FALSE,FALSE,FALSE,240000
2022-02-10,/apartamentos-venta-piantini/1263990/,2,2.5,2,US$,300000,Mudate,Piantini, Santo Domingo Centro (D.N.), Santo Domingo,Nueva,155,Residencial,NA,FALSE,FALSE,FALSE,FALSE,FALSE,FALSE,FALSE,FALSE,FALSE,300000
2022-02-10,/apartamentos-venta-piantini/1207885/,4,4.5,4,US$,950000,Mudate,Piantini, Santo Domingo Centro (D.N.), Santo Domingo,Nueva,412,Residencial,NA,FALSE,FALSE,FALSE,FALSE,FALSE,FALSE,FALSE,FALSE,FALSE,950000
2022-02-10,/apartamentos-venta-piantini/1268167/,1,1.5,1,US$,240000,CityMax Santo Domingo,Piantini, Santo Domingo Centro (D.N.), Santo Domingo,Nueva,77,Residencial,10,TRUE,TRUE,TRUE,FALSE,TRUE,TRUE,TRUE,FALSE,TRUE,240000
2022-02-10,/apartamentos-venta-piantini/1265033/,2,3.5,3,US$,1350000,Kw Gold,Piantini, Santo Domingo Centro (D.N.), Santo Domingo,Segundo Uso,490,Residencial,6,TRUE,TRUE,TRUE,FALSE,TRUE,FALSE,TRUE,TRUE,TRUE,1350000
2022-02-10,/apartamentos-venta-piantini/1265218/,3,3.5,3,US$,270000,Kw Gold,Piantini, Santo Domingo Centro (D.N.), Santo Domingo,Segundo Uso,272,Residencial,2,TRUE,TRUE,FALSE,FALSE,TRUE,FALSE,TRUE,FALSE,FALSE,270000
2022-02-10,/apartamentos-venta-piantini/1269154/,2,2.5,2,US$,350000,CityMax Santo Domingo,Piantini, Santo Domingo Centro (D.N.), Santo Domingo,Nueva,135,Residencial,4,TRUE,TRUE,TRUE,FALSE,FALSE,TRUE,TRUE,TRUE,TRUE,350000
2022-02-10,/apartamentos-venta-piantini/1267883/,2,2.5,3,US$,197500,Inmobiliaria Grupal,Piantini, Santo Domingo Centro (D.N.), Santo Domingo,Remodelada,187,Residencial,2,FALSE,FALSE,FALSE,FALSE,FALSE,FALSE,TRUE,FALSE,FALSE,197500
2022-02-10,/apartamentos-venta-piantini/1269731/,3,3.5,3,US$,485000,Paez Luxury Real Estate ,Piantini, Santo Domingo Centro (D.N.), Santo Domingo,Nueva,220,Residencial,8,TRUE,TRUE,FALSE,TRUE,TRUE,TRUE,TRUE,TRUE,TRUE,485000
2022-02-10,/apartamentos-venta-piantini/1258257/,1,1.5,1,US$,147000,Inmobiliaria Inversión Segura RD ,Piantini, Santo Domingo Centro (D.N.), Santo Domingo,En Construcción,50,Residencial,NA,TRUE,TRUE,FALSE,TRUE,FALSE,TRUE,FALSE,TRUE,TRUE,147000
2022-02-10,/apartamentos-venta-piantini/1256464/,1,1.5,1,US$,131000,Inmobiliaria Inversión Segura RD ,Piantini, Santo Domingo Centro (D.N.), Santo Domingo,En Construcción,52,Residencial,NA,TRUE,TRUE,TRUE,TRUE,FALSE,TRUE,FALSE,FALSE,TRUE,131000
2022-02-10,/apartamentos-venta-piantini/1268086/,1,1.5,1,US$,264000,Inmobiliaria Inversión Segura RD ,Piantini, Santo Domingo Centro (D.N.), Santo Domingo,En Construcción,70,Residencial,9,TRUE,FALSE,TRUE,TRUE,TRUE,FALSE,TRUE,TRUE,TRUE,264000
2022-02-10,/apartamentos-venta-piantini/1253131/,3,3.5,3,US$,775000,Premium Real Estate ,Piantini, Santo Domingo Centro (D.N.), Santo Domingo,Segundo Uso,393,Residencial,NA,FALSE,FALSE,TRUE,FALSE,TRUE,TRUE,FALSE,TRUE,TRUE,775000
2022-02-10,/apartamentos-venta-piantini/1258399/,1,1.5,1,US$,110000,Ciudad Inmobiliaria ,Piantini, Santo Domingo Centro (D.N.), Santo Domingo,En Planos,45,Residencial,NA,TRUE,TRUE,FALSE,TRUE,TRUE,TRUE,TRUE,FALSE,TRUE,110000
2022-02-10,/apartamentos-venta-piantini/1244438/,1,1,1,US$,137000,Ciudad Inmobiliaria ,Piantini, Santo Domingo Centro (D.N.), Santo Domingo,En Planos,43,Mixto,NA,TRUE,TRUE,TRUE,TRUE,TRUE,TRUE,TRUE,TRUE,TRUE,137000
2022-02-10,/apartamentos-venta-piantini/1262906/,NA,3.5,3,US$,300000,Premium Real Estate,Piantini, Santo Domingo Centro (D.N.), Santo Domingo,Segundo Uso,280,Residencial,NA,FALSE,FALSE,FALSE,FALSE,FALSE,FALSE,FALSE,FALSE,FALSE,300000
2022-02-10,/apartamentos-venta-piantini/1226994/,3,3.5,3,US$,325000,Premium Real Estate,Piantini, Santo Domingo Centro (D.N.), Santo Domingo,Segundo Uso,NA,Residencial,NA,TRUE,TRUE,FALSE,FALSE,FALSE,FALSE,TRUE,FALSE,FALSE,325000
2022-02-10,/apartamentos-venta-y-alquiler-piantini/1269713/,2,3.5,3,US$,360000,Elite Brokers,Piantini, Santo Domingo Centro (D.N.), Santo Domingo,NA,345,Residencial,NA,TRUE,TRUE,FALSE,FALSE,TRUE,FALSE,TRUE,FALSE,FALSE,360000
2022-02-10,/apartamentos-venta-piantini/1267885/,2,2.5,3,US$,200000,Inmobiliaria Grupal,Piantini, Santo Domingo Centro (D.N.), Santo Domingo,Segundo Uso,187,Residencial,2,TRUE,FALSE,FALSE,FALSE,FALSE,FALSE,TRUE,FALSE,FALSE,200000
2022-02-10,/apartamentos-venta-piantini/1269310/,2,3.5,3,US$,312000,Inmobiliaria Grupal,Piantini, Santo Domingo Centro (D.N.), Santo Domingo,Segundo Uso,NA,Residencial,2,TRUE,TRUE,FALSE,FALSE,FALSE,TRUE,TRUE,FALSE,FALSE,312000
2022-02-10,/apartamentos-venta-piantini/1269308/,3,3.5,3,US$,618000,Inmobiliaria Grupal,Piantini, Santo Domingo Centro (D.N.), Santo Domingo,Segundo Uso,330,Residencial,15,TRUE,TRUE,TRUE,FALSE,TRUE,TRUE,TRUE,FALSE,TRUE,618000
2022-02-10,/apartamentos-venta-piantini/1268597/,5,4.5,4,US$,735000,Dreamhome Real Estate,Piantini, Santo Domingo Centro (D.N.), Santo Domingo,Segundo Uso,401,Residencial,NA,TRUE,TRUE,TRUE,FALSE,TRUE,FALSE,FALSE,TRUE,TRUE,735000
2022-02-10,/apartamentos-venta-piantini/1251073/,3,3.5,4,US$,650000,Dreamhome Real Estate,Piantini, Santo Domingo Centro (D.N.), Santo Domingo,Segundo Uso,410,Residencial,4,TRUE,TRUE,FALSE,TRUE,TRUE,TRUE,TRUE,FALSE,FALSE,650000
2022-02-10,/apartamentos-venta-piantini/1247994/,2,3.5,3,US$,300000,Dreamhome Real Estate,Piantini, Santo Domingo Centro (D.N.), Santo Domingo,Segundo Uso,232,Residencial,8,TRUE,TRUE,FALSE,FALSE,FALSE,TRUE,TRUE,TRUE,FALSE,300000
2022-02-10,/apartamentos-venta-piantini/1257928/,1,2,1,US$,190000,Dreamhome Real Estate,Piantini, Santo Domingo Centro (D.N.), Santo Domingo,En Construcción,81,Residencial,2,TRUE,TRUE,FALSE,FALSE,TRUE,TRUE,TRUE,FALSE,TRUE,190000
2022-02-10,/apartamentos-venta-piantini/1237193/,3,3.5,3,US$,400000,Dreamhome Real Estate,Piantini, Santo Domingo Centro (D.N.), Santo Domingo,Segundo Uso,306,Residencial,9,TRUE,TRUE,TRUE,TRUE,TRUE,TRUE,FALSE,FALSE,TRUE,400000
2022-02-10,/apartamentos-venta-piantini/1251752/,3,3.5,3,US$,665000,Dreamhome Real Estate,Piantini, Santo Domingo Centro (D.N.), Santo Domingo,En Construcción,346,Residencial,NA,TRUE,TRUE,TRUE,FALSE,TRUE,TRUE,FALSE,FALSE,FALSE,665000
2022-02-10,/apartamentos-venta-piantini/1260027/,NA,2.5,2,US$,298750,Premium Real Estate,Piantini, Santo Domingo Centro (D.N.), Santo Domingo,En Planos,125,Residencial,NA,TRUE,TRUE,FALSE,TRUE,TRUE,TRUE,TRUE,TRUE,TRUE,298750
2022-02-10,/apartamentos-venta-piantini/1261890/,3,3.5,3,US$,545000,Premium Real Estate,Piantini, Santo Domingo Centro (D.N.), Santo Domingo,Segundo Uso,NA,Residencial,5,FALSE,TRUE,TRUE,FALSE,FALSE,TRUE,TRUE,FALSE,TRUE,545000
2022-02-10,/apartamentos-venta-piantini/1268158/,3,2.5,3,US$,200000,Inmobiliaria Grupal,Piantini, Santo Domingo Centro (D.N.), Santo Domingo,Segundo Uso,187,Residencial,2,FALSE,FALSE,FALSE,FALSE,FALSE,FALSE,TRUE,FALSE,FALSE,200000
2022-02-10,/apartamentos-venta-piantini/1258451/,NA,2.5,3,US$,270000,Ginebra Realty Group,Piantini, Santo Domingo Centro (D.N.), Santo Domingo,Segundo Uso,270,Residencial,7,TRUE,TRUE,FALSE,FALSE,FALSE,TRUE,FALSE,FALSE,FALSE,270000
2022-02-10,/apartamentos-venta-piantini/1262509/,2,2.5,3,US$,300000,Premium Real Estate,Piantini, Santo Domingo Centro (D.N.), Santo Domingo,Segundo Uso,192,Residencial,5,FALSE,FALSE,TRUE,FALSE,FALSE,TRUE,FALSE,FALSE,TRUE,300000
2022-02-10,/apartamentos-venta-piantini/1267437/,3,3.5,3,US$,377250,Stalin Florentino,Piantini, Santo Domingo Centro (D.N.), Santo Domingo,Nueva,210,Residencial,11,TRUE,TRUE,TRUE,FALSE,TRUE,TRUE,TRUE,FALSE,TRUE,377250
2022-02-10,/apartamentos-venta-piantini/1267447/,1,1.5,1,US$,211000,Stalin Florentino,Piantini, Santo Domingo Centro (D.N.), Santo Domingo,Nueva,85,Residencial,7,TRUE,TRUE,TRUE,FALSE,TRUE,TRUE,TRUE,FALSE,TRUE,211000
2022-02-10,/apartamentos-venta-piantini/1267731/,2,1.5,1,US$,210000,Marco Rivero,Piantini, Santo Domingo Centro (D.N.), Santo Domingo,Segundo Uso,103,Residencial,NA,TRUE,TRUE,TRUE,FALSE,FALSE,TRUE,TRUE,FALSE,TRUE,210000
2022-02-10,/apartamentos-venta-piantini/1259711/,3,3.5,3,US$,670000,FELIX CRUZ BROKERS SRL,Piantini, Santo Domingo Centro (D.N.), Santo Domingo,Nueva,340,Residencial,NA,FALSE,TRUE,TRUE,FALSE,TRUE,TRUE,TRUE,FALSE,TRUE,670000
2022-02-10,/apartamentos-venta-piantini/1269276/,1,2,2,US$,255000,KW Capital,Piantini, Santo Domingo Centro (D.N.), Santo Domingo,Nueva,90,Residencial,NA,FALSE,TRUE,FALSE,FALSE,FALSE,TRUE,FALSE,FALSE,TRUE,255000
2022-02-10,/apartamentos-venta-piantini/1267055/,2,2.5,2,US$,299000,Premium Real Estate,Piantini, Santo Domingo Centro (D.N.), Santo Domingo,En Construcción,175,Residencial,NA,FALSE,FALSE,FALSE,TRUE,FALSE,TRUE,TRUE,FALSE,TRUE,299000
2022-02-10,/apartamentos-venta-piantini/1267057/,4,3.5,3,US$,690000,Premium Real Estate,Piantini, Santo Domingo Centro (D.N.), Santo Domingo,Segundo Uso,406,Residencial,6,FALSE,FALSE,FALSE,FALSE,FALSE,FALSE,FALSE,FALSE,FALSE,690000
2022-02-10,/apartamentos-venta-piantini/1259530/,2,3.5,3,US$,358750,Premium Real Estate,Piantini, Santo Domingo Centro (D.N.), Santo Domingo,En Construcción,220,Residencial,NA,FALSE,FALSE,FALSE,TRUE,FALSE,TRUE,TRUE,FALSE,TRUE,358750
2022-02-10,/apartamentos-venta-piantini/1254912/,2,2.5,2,US$,295000,Top International Realty,Piantini, Santo Domingo Centro (D.N.), Santo Domingo,Nueva,148,Residencial,6,TRUE,TRUE,TRUE,TRUE,FALSE,TRUE,TRUE,TRUE,TRUE,295000
2022-02-10,/apartamentos-venta-y-alquiler-piantini/1231383/,3,3.5,3,US$,399500,Top International Realty,Piantini, Santo Domingo Centro (D.N.), Santo Domingo,Segundo Uso,265,Residencial,7,TRUE,TRUE,TRUE,TRUE,FALSE,TRUE,FALSE,FALSE,TRUE,399500
2022-02-10,/apartamentos-venta-piantini/1191380/,2,3.5,3,US$,225000,Top International Realty,Piantini, Santo Domingo Centro (D.N.), Santo Domingo,Segundo Uso,200,Residencial,8,TRUE,TRUE,FALSE,TRUE,TRUE,TRUE,TRUE,TRUE,TRUE,225000
2022-02-10,/apartamentos-venta-piantini/1196516/,2,3.5,3,US$,439000,Top International Realty,Piantini, Santo Domingo Centro (D.N.), Santo Domingo,Nueva,177,Residencial,2,TRUE,TRUE,TRUE,TRUE,FALSE,TRUE,TRUE,FALSE,TRUE,439000
2022-02-10,/apartamentos-venta-y-alquiler-piantini/1230437/,2,3.5,3,US$,435000,Top International Realty,Piantini, Santo Domingo Centro (D.N.), Santo Domingo,Nueva,148,Residencial,5,TRUE,TRUE,TRUE,TRUE,TRUE,TRUE,TRUE,TRUE,TRUE,435000
2022-02-10,/apartamentos-venta-piantini/1239664/,2,3.5,3,US$,408000,Top International Realty,Piantini, Santo Domingo Centro (D.N.), Santo Domingo,Nueva,332,Residencial,9,TRUE,TRUE,FALSE,TRUE,FALSE,TRUE,TRUE,FALSE,TRUE,408000
2022-02-10,/apartamentos-venta-y-alquiler-piantini/1228397/,3,3.5,3,US$,430000,Top International Realty,Piantini, Santo Domingo Centro (D.N.), Santo Domingo,Segundo Uso,225,Residencial,12,TRUE,TRUE,TRUE,TRUE,FALSE,TRUE,TRUE,FALSE,TRUE,430000
2022-02-10,/apartamentos-venta-y-alquiler-piantini/1210097/,1,1.5,1,US$,179000,Top International Realty,Piantini, Santo Domingo Centro (D.N.), Santo Domingo,Nueva,87,Residencial,8,TRUE,TRUE,TRUE,TRUE,TRUE,TRUE,TRUE,TRUE,TRUE,179000
2022-02-10,/apartamentos-venta-piantini/1196520/,3,3.5,3,US$,408000,Top International Realty,Piantini, Santo Domingo Centro (D.N.), Santo Domingo,Nueva,208,Residencial,5,TRUE,TRUE,TRUE,TRUE,TRUE,TRUE,TRUE,FALSE,TRUE,408000
2022-02-10,/apartamentos-venta-piantini/1236496/,2,3.5,3,US$,360000,Top International Realty,Piantini, Santo Domingo Centro (D.N.), Santo Domingo,Nueva,195,Residencial,7,TRUE,TRUE,TRUE,TRUE,TRUE,TRUE,TRUE,FALSE,TRUE,360000
2022-02-10,/apartamentos-venta-piantini/1237935/,3,3.5,3,US$,449000,Top International Realty,Piantini, Santo Domingo Centro (D.N.), Santo Domingo,Nueva,200,Residencial,8,TRUE,TRUE,TRUE,TRUE,TRUE,TRUE,TRUE,FALSE,TRUE,449000
2022-02-10,/apartamentos-venta-piantini/1198644/,2,2,2,US$,189500,Top International Realty,Piantini, Santo Domingo Centro (D.N.), Santo Domingo,Segundo Uso,140,Residencial,4,TRUE,TRUE,FALSE,TRUE,FALSE,TRUE,TRUE,FALSE,FALSE,189500
2022-02-10,/apartamentos-venta-piantini/1228969/,2,3.5,3,US$,355000,Top International Realty,Piantini, Santo Domingo Centro (D.N.), Santo Domingo,Segundo Uso,221,Residencial,8,TRUE,TRUE,TRUE,TRUE,TRUE,TRUE,TRUE,TRUE,TRUE,355000
2022-02-10,/apartamentos-venta-y-alquiler-piantini/1235228/,3,3.5,3,US$,559000,Top International Realty,Piantini, Santo Domingo Centro (D.N.), Santo Domingo,Nueva,190,Residencial,15,TRUE,TRUE,TRUE,TRUE,TRUE,TRUE,TRUE,TRUE,TRUE,559000
2022-02-10,/apartamentos-venta-piantini/1254048/,3,3.5,3,US$,618000,Top International Realty,Piantini, Santo Domingo Centro (D.N.), Santo Domingo,Nueva,330,Residencial,16,TRUE,TRUE,TRUE,TRUE,FALSE,TRUE,TRUE,FALSE,TRUE,618000
2022-02-10,/apartamentos-venta-piantini/1250165/,2,3.5,3,US$,525000,Top International Realty,Piantini, Santo Domingo Centro (D.N.), Santo Domingo,Segundo Uso,290,Residencial,2,TRUE,TRUE,FALSE,TRUE,FALSE,TRUE,FALSE,FALSE,TRUE,525000
2022-02-10,/apartamentos-venta-piantini/1245428/,2,3.5,3,US$,359000,Top International Realty,Piantini, Santo Domingo Centro (D.N.), Santo Domingo,En Construcción,220,Residencial,4,TRUE,TRUE,FALSE,TRUE,TRUE,TRUE,TRUE,TRUE,TRUE,359000
2022-02-10,/apartamentos-venta-y-alquiler-piantini/1248944/,2,3.5,3,US$,440000,Top International Realty,Piantini, Santo Domingo Centro (D.N.), Santo Domingo,Segundo Uso,210,Residencial,8,TRUE,TRUE,FALSE,FALSE,FALSE,TRUE,TRUE,FALSE,TRUE,440000
2022-02-10,/apartamentos-venta-y-alquiler-piantini/1254346/,3,3.5,3,US$,590000,Top International Realty,Piantini, Santo Domingo Centro (D.N.), Santo Domingo,Segundo Uso,220,Residencial,9,TRUE,TRUE,TRUE,TRUE,TRUE,TRUE,TRUE,FALSE,TRUE,590000
2022-02-10,/apartamentos-venta-piantini/1242037/,3,4.5,4,US$,495000,Top International Realty,Piantini, Santo Domingo Centro (D.N.), Santo Domingo,Segundo Uso,353,Residencial,8,TRUE,TRUE,FALSE,TRUE,FALSE,TRUE,TRUE,FALSE,TRUE,495000
2022-02-10,/apartamentos-venta-piantini/1255475/,2,3.5,3,US$,345000,Top International Realty,Piantini, Santo Domingo Centro (D.N.), Santo Domingo,Nueva,220,Residencial,3,TRUE,TRUE,TRUE,FALSE,TRUE,TRUE,TRUE,TRUE,TRUE,345000
2022-02-10,/apartamentos-venta-y-alquiler-piantini/1248935/,2,3.5,3,US$,420000,Top International Realty,Piantini, Santo Domingo Centro (D.N.), Santo Domingo,Segundo Uso,210,Residencial,7,TRUE,TRUE,FALSE,TRUE,FALSE,TRUE,TRUE,FALSE,TRUE,420000
2022-02-10,/apartamentos-venta-piantini/1241209/,4,3.5,3,US$,560000,Top International Realty,Piantini, Santo Domingo Centro (D.N.), Santo Domingo,Nueva,327,Residencial,5,TRUE,TRUE,TRUE,TRUE,TRUE,TRUE,TRUE,TRUE,TRUE,560000
2022-02-10,/apartamentos-venta-piantini/1269645/,2,2.5,3,US$,340000,Monica  MIranda,Piantini, Santo Domingo Centro (D.N.), Santo Domingo,Nueva,191,Residencial,6,TRUE,TRUE,TRUE,TRUE,FALSE,TRUE,TRUE,FALSE,TRUE,340000
2022-02-10,/apartamentos-venta-piantini/1256712/,2,1.5,1,US$,189000,Premier Real Estate,Piantini, Santo Domingo Centro (D.N.), Santo Domingo,Segundo Uso,102,Residencial,NA,FALSE,FALSE,FALSE,FALSE,FALSE,TRUE,FALSE,FALSE,FALSE,189000
2022-02-10,/apartamentos-venta-piantini/1268577/,2,3.5,3,US$,340000,Premier Real Estate,Piantini, Santo Domingo Centro (D.N.), Santo Domingo,Segundo Uso,NA,Residencial,NA,TRUE,TRUE,TRUE,FALSE,FALSE,FALSE,TRUE,FALSE,TRUE,340000
2022-02-10,/apartamentos-venta-piantini/1207883/,2,3.5,3,US$,404000,Mudate,Piantini, Santo Domingo Centro (D.N.), Santo Domingo,Nueva,275,Residencial,NA,FALSE,FALSE,FALSE,FALSE,FALSE,FALSE,FALSE,FALSE,FALSE,404000
2022-02-10,/apartamentos-venta-piantini/1241486/,3,3.5,3,US$,540000,Mudate,Piantini, Santo Domingo Centro (D.N.), Santo Domingo,Segundo Uso,300,Residencial,NA,FALSE,FALSE,FALSE,FALSE,FALSE,FALSE,FALSE,FALSE,FALSE,540000
2022-02-10,/apartamentos-venta-piantini/1256074/,1,1.5,1,US$,146000,Mudate,Piantini, Santo Domingo Centro (D.N.), Santo Domingo,Nueva,NA,Residencial,NA,FALSE,FALSE,FALSE,FALSE,FALSE,FALSE,FALSE,FALSE,FALSE,146000
2022-02-10,/apartamentos-venta-piantini/1217112/,1,1.5,1,US$,172000,Mudate,Piantini, Santo Domingo Centro (D.N.), Santo Domingo,Nueva,70,Residencial,NA,FALSE,FALSE,FALSE,FALSE,FALSE,FALSE,FALSE,FALSE,FALSE,172000
2022-02-10,/apartamentos-venta-piantini/1248212/,3,3.5,3,US$,470000,Mudate,Piantini, Santo Domingo Centro (D.N.), Santo Domingo,Nueva,220,Residencial,NA,FALSE,FALSE,FALSE,FALSE,FALSE,FALSE,FALSE,FALSE,FALSE,470000
2022-02-10,/apartamentos-venta-piantini/1212427/,2,3.5,3,US$,370000,Mudate,Piantini, Santo Domingo Centro (D.N.), Santo Domingo,Nueva,174,Residencial,NA,FALSE,FALSE,FALSE,FALSE,FALSE,FALSE,FALSE,FALSE,FALSE,370000
2022-02-10,/apartamentos-venta-piantini/1208637/,5,4.5,4,US$,1550000,Mudate,Piantini, Santo Domingo Centro (D.N.), Santo Domingo,Nueva,650,Residencial,NA,FALSE,FALSE,FALSE,FALSE,FALSE,FALSE,FALSE,FALSE,FALSE,1550000
2022-02-10,/apartamentos-venta-piantini/1257992/,1,1.5,1,US$,143000,Mudate,Piantini, Santo Domingo Centro (D.N.), Santo Domingo,Nueva,44,Residencial,NA,TRUE,TRUE,FALSE,TRUE,TRUE,TRUE,TRUE,TRUE,TRUE,143000
2022-02-10,/apartamentos-venta-piantini/1246553/,4,3.5,3,US$,775000,Mudate,Piantini, Santo Domingo Centro (D.N.), Santo Domingo,Nueva,375,Residencial,NA,FALSE,FALSE,FALSE,FALSE,FALSE,FALSE,FALSE,FALSE,FALSE,775000
2022-02-10,/apartamentos-venta-piantini/1208493/,4,3.5,3,US$,657248,Mudate,Piantini, Santo Domingo Centro (D.N.), Santo Domingo,Nueva,325,Residencial,NA,FALSE,FALSE,FALSE,FALSE,FALSE,FALSE,FALSE,FALSE,FALSE,657248
2022-02-10,/apartamentos-venta-piantini/1250546/,3,4.5,4,US$,850000,Mudate,Piantini, Santo Domingo Centro (D.N.), Santo Domingo,Nueva,405,Residencial,NA,FALSE,FALSE,FALSE,FALSE,FALSE,FALSE,FALSE,FALSE,FALSE,850000
2022-02-10,/apartamentos-venta-piantini/1208492/,3,3.5,3,US$,540000,Mudate,Piantini, Santo Domingo Centro (D.N.), Santo Domingo,Nueva,305,Residencial,NA,FALSE,FALSE,FALSE,FALSE,FALSE,FALSE,FALSE,FALSE,FALSE,540000
2022-02-10,/apartamentos-venta-piantini/1233551/,4,3,3,US$,680000,Mudate,Piantini, Santo Domingo Centro (D.N.), Santo Domingo,Nueva,340,Residencial,NA,FALSE,FALSE,FALSE,FALSE,FALSE,FALSE,FALSE,FALSE,FALSE,680000
2022-02-10,/apartamentos-venta-piantini/1265176/,2,2.5,2,US$,360000,Mudate,Piantini, Santo Domingo Centro (D.N.), Santo Domingo,Nueva,105,Residencial,NA,FALSE,FALSE,FALSE,FALSE,FALSE,FALSE,FALSE,FALSE,FALSE,360000
2022-02-10,/apartamentos-venta-piantini/1207890/,3,3.5,3,US$,382000,Mudate,Piantini, Santo Domingo Centro (D.N.), Santo Domingo,Nueva,210,Residencial,NA,FALSE,FALSE,FALSE,FALSE,FALSE,FALSE,FALSE,FALSE,FALSE,382000
2022-02-10,/apartamentos-venta-piantini/1207886/,4,3.5,3,US$,895000,Mudate,Piantini, Santo Domingo Centro (D.N.), Santo Domingo,Nueva,412,Residencial,NA,FALSE,FALSE,FALSE,FALSE,FALSE,FALSE,FALSE,FALSE,FALSE,895000
2022-02-10,/apartamentos-venta-y-alquiler-piantini/1208440/,4,3.5,3,US$,1095000,Mudate,Piantini, Santo Domingo Centro (D.N.), Santo Domingo,Nueva,460,Residencial,NA,FALSE,FALSE,FALSE,FALSE,FALSE,FALSE,FALSE,FALSE,FALSE,1095000
2022-02-10,/apartamentos-venta-piantini/923882/,4,3.5,3,US$,1000000,Paez Luxury Real Estate ,Piantini, Santo Domingo Centro (D.N.), Santo Domingo,NA,520,Residencial,NA,FALSE,FALSE,FALSE,FALSE,FALSE,FALSE,FALSE,FALSE,FALSE,1000000
2022-02-10,/apartamentos-venta-piantini/1230515/,2,3.5,3,US$,550000,Paez Luxury Real Estate ,Piantini, Santo Domingo Centro (D.N.), Santo Domingo,Nueva,235,Residencial,NA,TRUE,TRUE,TRUE,TRUE,TRUE,TRUE,TRUE,FALSE,FALSE,550000
2022-02-10,/apartamentos-venta-piantini/1262156/,3,3.5,3,US$,270000,Paez Luxury Real Estate ,Piantini, Santo Domingo Centro (D.N.), Santo Domingo,Segundo Uso,188,Residencial,10,TRUE,TRUE,FALSE,FALSE,FALSE,TRUE,FALSE,FALSE,TRUE,270000
2022-02-10,/apartamentos-venta-piantini/1260889/,1,1.5,1,US$,217000,Paez Luxury Real Estate ,Piantini, Santo Domingo Centro (D.N.), Santo Domingo,Nueva,80,Residencial,NA,FALSE,FALSE,TRUE,FALSE,FALSE,FALSE,TRUE,FALSE,TRUE,217000
2022-02-10,/apartamentos-venta-y-alquiler-piantini/1231979/,2,3.5,3,US$,360000,Paez Luxury Real Estate ,Piantini, Santo Domingo Centro (D.N.), Santo Domingo,Segundo Uso,242,Residencial,NA,TRUE,TRUE,TRUE,TRUE,FALSE,TRUE,FALSE,FALSE,TRUE,360000
2022-02-10,/apartamentos-venta-y-alquiler-piantini/1264103/,3,3.5,3,US$,950000,Paez Luxury Real Estate ,Piantini, Santo Domingo Centro (D.N.), Santo Domingo,Nueva,415,Residencial,NA,FALSE,FALSE,TRUE,FALSE,FALSE,FALSE,FALSE,FALSE,TRUE,950000
2022-02-10,/apartamentos-venta-piantini/1264791/,3,4.5,4,US$,495000,Paez Luxury Real Estate ,Piantini, Santo Domingo Centro (D.N.), Santo Domingo,Segundo Uso,NA,Residencial,NA,FALSE,FALSE,FALSE,FALSE,FALSE,FALSE,FALSE,TRUE,TRUE,495000
2022-02-10,/apartamentos-venta-piantini/923949/,3,4.5,4,US$,900000,Paez Luxury Real Estate ,Piantini, Santo Domingo Centro (D.N.), Santo Domingo,NA,412,Residencial,NA,FALSE,FALSE,FALSE,FALSE,FALSE,FALSE,FALSE,FALSE,FALSE,900000
2022-02-10,/apartamentos-venta-piantini/1260895/,1,1.5,1,US$,205000,Paez Luxury Real Estate ,Piantini, Santo Domingo Centro (D.N.), Santo Domingo,Nueva,73,Residencial,NA,FALSE,TRUE,TRUE,FALSE,FALSE,FALSE,FALSE,TRUE,TRUE,205000
2022-02-10,/apartamentos-venta-piantini/1134084/,3,3.5,3,US$,650000,Paez Luxury Real Estate ,Piantini, Santo Domingo Centro (D.N.), Santo Domingo,Segundo Uso,378,Residencial,7,FALSE,FALSE,FALSE,FALSE,FALSE,FALSE,FALSE,FALSE,FALSE,650000
2022-02-10,/apartamentos-venta-piantini/1259730/,3,3.5,3,US$,280000,Paez Luxury Real Estate ,Piantini, Santo Domingo Centro (D.N.), Santo Domingo,Segundo Uso,215,Residencial,3,TRUE,TRUE,TRUE,FALSE,FALSE,TRUE,FALSE,FALSE,TRUE,280000
2022-02-10,/apartamentos-venta-piantini/1261810/,2,3.5,3,US$,650000,Paez Luxury Real Estate ,Piantini, Santo Domingo Centro (D.N.), Santo Domingo,Segundo Uso,385,Residencial,NA,FALSE,TRUE,FALSE,FALSE,FALSE,FALSE,FALSE,FALSE,TRUE,650000
2022-02-10,/apartamentos-venta-piantini/1154299/,3,3.5,3,US$,725000,Paez Luxury Real Estate ,Piantini, Santo Domingo Centro (D.N.), Santo Domingo,Nueva,347,Residencial,NA,FALSE,FALSE,TRUE,FALSE,FALSE,TRUE,FALSE,FALSE,TRUE,725000
2022-02-10,/apartamentos-venta-piantini/1260898/,3,3.5,3,US$,915000,Paez Luxury Real Estate ,Piantini, Santo Domingo Centro (D.N.), Santo Domingo,Nueva,415,Residencial,NA,FALSE,FALSE,TRUE,FALSE,FALSE,TRUE,FALSE,FALSE,TRUE,915000
2022-02-10,/apartamentos-venta-piantini/1260660/,3,3.5,3,US$,270000,Paez Luxury Real Estate ,Piantini, Santo Domingo Centro (D.N.), Santo Domingo,Segundo Uso,188,Residencial,10,TRUE,TRUE,FALSE,FALSE,TRUE,TRUE,FALSE,FALSE,TRUE,270000
2022-02-10,/apartamentos-venta-piantini/1194590/,3,3.5,3,US$,550000,Paez Luxury Real Estate ,Piantini, Santo Domingo Centro (D.N.), Santo Domingo,Segundo Uso,390,Residencial,12,TRUE,TRUE,TRUE,FALSE,FALSE,TRUE,FALSE,FALSE,TRUE,550000
2022-02-10,/apartamentos-venta-piantini/1258746/,2,3.5,3,US$,370000,Ginebra Realty Group,Piantini, Santo Domingo Centro (D.N.), Santo Domingo,Segundo Uso,187,Residencial,3,TRUE,TRUE,TRUE,FALSE,FALSE,TRUE,TRUE,FALSE,TRUE,370000
2022-02-10,/apartamentos-venta-piantini/1212669/,5,3.5,3,US$,1800000,Paez Luxury Real Estate ,Piantini, Santo Domingo Centro (D.N.), Santo Domingo,Segundo Uso,650,Residencial,NA,TRUE,TRUE,TRUE,FALSE,TRUE,TRUE,TRUE,FALSE,TRUE,1800000
2022-02-10,/apartamentos-venta-y-alquiler-piantini/1210456/,4,3.5,3,US$,1050000,Paez Luxury Real Estate ,Piantini, Santo Domingo Centro (D.N.), Santo Domingo,Segundo Uso,440,Residencial,NA,TRUE,TRUE,TRUE,FALSE,TRUE,TRUE,TRUE,TRUE,TRUE,1050000
2022-02-10,/apartamentos-venta-piantini/1215357/,2,3.5,3,US$,450000,Paez Luxury Real Estate ,Piantini, Santo Domingo Centro (D.N.), Santo Domingo,Segundo Uso,400,Residencial,3,TRUE,TRUE,FALSE,FALSE,FALSE,TRUE,FALSE,FALSE,TRUE,450000
2022-02-10,/apartamentos-venta-piantini/1264165/,2,2.5,3,US$,350000,Paez Luxury Real Estate ,Piantini, Santo Domingo Centro (D.N.), Santo Domingo,Segundo Uso,187,Residencial,NA,FALSE,TRUE,TRUE,FALSE,FALSE,TRUE,TRUE,FALSE,TRUE,350000
2022-02-10,/apartamentos-venta-piantini/1205802/,1,1.5,1,US$,170000,Paez Luxury Real Estate ,Piantini, Santo Domingo Centro (D.N.), Santo Domingo,En Construcción,87,Residencial,NA,FALSE,FALSE,FALSE,FALSE,FALSE,FALSE,FALSE,FALSE,FALSE,170000
2022-02-10,/apartamentos-venta-piantini/1244734/,NA,2.5,2,US$,255000,Paez Luxury Real Estate ,Piantini, Santo Domingo Centro (D.N.), Santo Domingo,En Construcción,105,Residencial,NA,FALSE,FALSE,FALSE,FALSE,FALSE,FALSE,FALSE,FALSE,FALSE,255000
2022-02-10,/apartamentos-venta-piantini/1186210/,3,3.5,3,US$,675000,Paez Luxury Real Estate ,Piantini, Santo Domingo Centro (D.N.), Santo Domingo,Segundo Uso,378,Residencial,NA,FALSE,FALSE,FALSE,FALSE,FALSE,FALSE,FALSE,FALSE,FALSE,675000
2022-02-10,/apartamentos-venta-piantini/1241725/,4,3.5,3,US$,2600000,Paez Luxury Real Estate ,Piantini, Santo Domingo Centro (D.N.), Santo Domingo,Nueva,560,Residencial,NA,TRUE,TRUE,TRUE,TRUE,TRUE,TRUE,TRUE,TRUE,TRUE,2600000
2022-02-10,/apartamentos-venta-piantini/1211855/,4,3.5,3,US$,950000,Paez Luxury Real Estate ,Piantini, Santo Domingo Centro (D.N.), Santo Domingo,Nueva,483,Residencial,NA,FALSE,FALSE,FALSE,FALSE,FALSE,FALSE,FALSE,FALSE,FALSE,950000
2022-02-10,/apartamentos-venta-piantini/1190453/,4,4.5,4,US$,1700000,Paez Luxury Real Estate ,Piantini, Santo Domingo Centro (D.N.), Santo Domingo,Nueva,507,Residencial,NA,TRUE,TRUE,TRUE,TRUE,TRUE,TRUE,TRUE,TRUE,TRUE,1700000
2022-02-10,/apartamentos-venta-piantini/1228215/,NA,3.5,3,US$,990000,Paez Luxury Real Estate ,Piantini, Santo Domingo Centro (D.N.), Santo Domingo,Segundo Uso,395,Residencial,NA,FALSE,FALSE,FALSE,FALSE,FALSE,FALSE,FALSE,FALSE,FALSE,990000
2022-02-10,/apartamentos-venta-y-alquiler-piantini/923876/,3,3.5,3,US$,1800000,Paez Luxury Real Estate ,Piantini, Santo Domingo Centro (D.N.), Santo Domingo,NA,560,Residencial,NA,FALSE,FALSE,FALSE,FALSE,FALSE,FALSE,FALSE,FALSE,FALSE,1800000
2022-02-10,/apartamentos-venta-y-alquiler-piantini/1225145/,3,3.5,3,US$,980000,Paez Luxury Real Estate ,Piantini, Santo Domingo Centro (D.N.), Santo Domingo,Nueva,415,Residencial,NA,TRUE,TRUE,TRUE,FALSE,TRUE,TRUE,TRUE,FALSE,TRUE,980000
2022-02-10,/apartamentos-venta-piantini/1204242/,3,3.5,3,US$,650000,Paez Luxury Real Estate ,Piantini, Santo Domingo Centro (D.N.), Santo Domingo,Segundo Uso,320,Residencial,NA,TRUE,TRUE,TRUE,FALSE,TRUE,TRUE,TRUE,TRUE,TRUE,650000
2022-02-10,/apartamentos-venta-piantini/1265627/,1,1.5,1,US$,170000,Paez Luxury Real Estate ,Piantini, Santo Domingo Centro (D.N.), Santo Domingo,Remodelada,70,Residencial,4,TRUE,TRUE,FALSE,TRUE,TRUE,TRUE,FALSE,TRUE,TRUE,170000
2022-02-10,/apartamentos-venta-piantini/1267070/,3,3.5,3,US$,555000,Ginebra Realty Group,Piantini, Santo Domingo Centro (D.N.), Santo Domingo,Segundo Uso,317,Residencial,4,TRUE,FALSE,TRUE,FALSE,FALSE,TRUE,TRUE,FALSE,TRUE,555000
2022-02-10,/apartamentos-venta-piantini/1253455/,1,1.5,1,US$,160000,Paez Luxury Real Estate ,Piantini, Santo Domingo Centro (D.N.), Santo Domingo,Segundo Uso,99,Residencial,NA,TRUE,TRUE,FALSE,FALSE,FALSE,FALSE,FALSE,FALSE,FALSE,160000
2022-02-10,/apartamentos-venta-piantini/1214245/,2,3.5,3,US$,450000,Paez Luxury Real Estate ,Piantini, Santo Domingo Centro (D.N.), Santo Domingo,Segundo Uso,365,Residencial,9,TRUE,TRUE,FALSE,FALSE,TRUE,TRUE,FALSE,FALSE,FALSE,450000
2022-02-10,/apartamentos-venta-piantini/1243251/,2,2.5,2,US$,184000,Paez Luxury Real Estate ,Piantini, Santo Domingo Centro (D.N.), Santo Domingo,En Construcción,123,Residencial,NA,FALSE,FALSE,FALSE,FALSE,FALSE,FALSE,FALSE,FALSE,FALSE,184000
2022-02-10,/apartamentos-venta-piantini/1239615/,NA,NA,NA,US$,560000,Paez Luxury Real Estate ,Piantini, Santo Domingo Centro (D.N.), Santo Domingo,Segundo Uso,NA,Residencial,NA,FALSE,FALSE,FALSE,FALSE,FALSE,FALSE,FALSE,FALSE,FALSE,560000
2022-02-10,/apartamentos-venta-y-alquiler-piantini/1211844/,3,3.5,3,US$,330000,Paez Luxury Real Estate ,Piantini, Santo Domingo Centro (D.N.), Santo Domingo,Segundo Uso,221,Residencial,8,TRUE,TRUE,TRUE,TRUE,FALSE,TRUE,TRUE,FALSE,TRUE,330000
2022-02-10,/apartamentos-venta-y-alquiler-piantini/1257189/,1,1,1,US$,240000,CityMax Santo Domingo,Piantini, Santo Domingo Centro (D.N.), Santo Domingo,Nueva,77,Residencial,10,TRUE,TRUE,TRUE,FALSE,TRUE,TRUE,TRUE,FALSE,FALSE,240000
2022-02-10,/apartamentos-venta-piantini/1269589/,2,2.5,3,US$,235000,Best Team Inmobiliaria ,Piantini, Santo Domingo Centro (D.N.), Santo Domingo,Segundo Uso,176,Residencial,3,TRUE,TRUE,FALSE,FALSE,FALSE,TRUE,FALSE,FALSE,FALSE,235000
2022-02-10,/apartamentos-venta-piantini/1253333/,2,2.5,2,US$,350000,CityMax Santo Domingo,Piantini, Santo Domingo Centro (D.N.), Santo Domingo,En Construcción,135,Residencial,5,TRUE,TRUE,FALSE,FALSE,TRUE,TRUE,TRUE,TRUE,TRUE,350000
2022-02-10,/apartamentos-venta-y-alquiler-piantini/1268975/,4,3.5,3,US$,700000,Inmobiliaria Hazim Rodriguez,Piantini, Santo Domingo Centro (D.N.), Santo Domingo,Segundo Uso,374,Residencial,10,TRUE,TRUE,TRUE,FALSE,TRUE,TRUE,TRUE,TRUE,TRUE,700000
2022-02-10,/apartamentos-venta-piantini/1247065/,3,3.5,3,US$,380000,Vidalpe Inmobiliaria,Piantini, Santo Domingo Centro (D.N.), Santo Domingo,Segundo Uso,210,Residencial,NA,TRUE,TRUE,TRUE,FALSE,FALSE,TRUE,TRUE,FALSE,TRUE,380000
2022-02-10,/apartamentos-venta-y-alquiler-piantini/1251847/,3,3.5,3,US$,570000,Vidalpe Inmobiliaria,Piantini, Santo Domingo Centro (D.N.), Santo Domingo,Segundo Uso,NA,Residencial,NA,TRUE,TRUE,TRUE,FALSE,FALSE,TRUE,TRUE,FALSE,TRUE,570000
2022-02-10,/apartamentos-venta-y-alquiler-piantini/1195641/,3,3.5,3,US$,490000,Algonovo Real Estate,Piantini, Santo Domingo Centro (D.N.), Santo Domingo,Segundo Uso,260,Residencial,7,TRUE,TRUE,TRUE,TRUE,TRUE,TRUE,TRUE,FALSE,TRUE,490000
2022-02-10,/apartamentos-venta-piantini/1267672/,3,3.5,3,US$,335000,Inmobiliaria Grupal,Piantini, Santo Domingo Centro (D.N.), Santo Domingo,Remodelada,238,Residencial,5,TRUE,TRUE,FALSE,TRUE,TRUE,TRUE,TRUE,FALSE,TRUE,335000
2022-02-10,/apartamentos-venta-piantini/1266087/,2,2.5,2,US$,370000,Inmobiliaria Grupal,Piantini, Santo Domingo Centro (D.N.), Santo Domingo,Nueva,107,Residencial,6,TRUE,TRUE,FALSE,TRUE,FALSE,TRUE,TRUE,TRUE,FALSE,370000
2022-02-10,/apartamentos-venta-piantini/1268203/,2,2.5,3,US$,200000,Inmobiliaria Grupal,Piantini, Santo Domingo Centro (D.N.), Santo Domingo,Segundo Uso,187,Residencial,2,FALSE,TRUE,FALSE,TRUE,FALSE,FALSE,FALSE,FALSE,FALSE,200000
2022-02-10,/apartamentos-venta-y-alquiler-piantini/1246856/,3,3.5,3,US$,480000,Flavia Cortina Unique Properties,Piantini, Santo Domingo Centro (D.N.), Santo Domingo,Segundo Uso,400000,Residencial,NA,TRUE,TRUE,TRUE,FALSE,TRUE,TRUE,FALSE,FALSE,TRUE,480000
2022-02-10,/apartamentos-venta-piantini/1246857/,5,3.5,3,US$,1800000,Flavia Cortina Unique Properties,Piantini, Santo Domingo Centro (D.N.), Santo Domingo,Segundo Uso,650,Residencial,NA,TRUE,TRUE,TRUE,FALSE,TRUE,TRUE,TRUE,FALSE,TRUE,1800000
2022-02-10,/apartamentos-venta-piantini/1246858/,5,3.5,3,US$,1800000,Flavia Cortina Unique Properties,Piantini, Santo Domingo Centro (D.N.), Santo Domingo,Segundo Uso,650000,Residencial,NA,TRUE,TRUE,TRUE,FALSE,FALSE,TRUE,TRUE,FALSE,TRUE,1800000
2022-02-10,/apartamentos-venta-piantini/1253219/,3,3.5,3,US$,650000,Flavia Cortina Unique Properties,Piantini, Santo Domingo Centro (D.N.), Santo Domingo,Segundo Uso,319,Residencial,NA,TRUE,TRUE,TRUE,FALSE,FALSE,TRUE,TRUE,FALSE,TRUE,650000
2022-02-10,/apartamentos-venta-y-alquiler-piantini/1251870/,3,3.5,3,US$,915000,Flavia Cortina Unique Properties,Piantini, Santo Domingo Centro (D.N.), Santo Domingo,Nueva,360,Residencial,NA,TRUE,TRUE,TRUE,FALSE,TRUE,TRUE,TRUE,FALSE,TRUE,915000
2022-02-10,/apartamentos-venta-y-alquiler-piantini/1247960/,4,3.5,3,US$,400000,Flavia Cortina Unique Properties,Piantini, Santo Domingo Centro (D.N.), Santo Domingo,Segundo Uso,305,Residencial,NA,TRUE,TRUE,TRUE,FALSE,FALSE,TRUE,FALSE,FALSE,TRUE,400000
2022-02-10,/apartamentos-venta-piantini/1247852/,4,3.5,3,US$,540000,Flavia Cortina Unique Properties,Piantini, Santo Domingo Centro (D.N.), Santo Domingo,Segundo Uso,370,Residencial,NA,TRUE,TRUE,TRUE,FALSE,FALSE,TRUE,TRUE,TRUE,TRUE,540000
2022-02-10,/apartamentos-venta-piantini/1260249/,3,3.5,3,US$,540000,Flavia Cortina Unique Properties,Piantini, Santo Domingo Centro (D.N.), Santo Domingo,Segundo Uso,315,Residencial,NA,TRUE,TRUE,TRUE,FALSE,FALSE,TRUE,TRUE,FALSE,TRUE,540000
2022-02-10,/apartamentos-venta-piantini/1264965/,3,3.5,3,US$,440000,Flavia Cortina Unique Properties,Piantini, Santo Domingo Centro (D.N.), Santo Domingo,Segundo Uso,248,Residencial,NA,TRUE,TRUE,TRUE,FALSE,FALSE,TRUE,TRUE,FALSE,TRUE,440000
2022-02-10,/apartamentos-venta-piantini/1247491/,3,3.5,3,US$,350000,Flavia Cortina Unique Properties,Piantini, Santo Domingo Centro (D.N.), Santo Domingo,Segundo Uso,253,Residencial,NA,TRUE,TRUE,FALSE,FALSE,FALSE,TRUE,TRUE,FALSE,TRUE,350000
2022-02-10,/apartamentos-venta-piantini/1224381/,2,3.5,2,US$,265000,MCR Asesoría Inmobiliaria,Piantini, Santo Domingo Centro (D.N.), Santo Domingo,En Construcción,150,Residencial,NA,TRUE,TRUE,TRUE,FALSE,TRUE,TRUE,TRUE,FALSE,TRUE,265000
2022-02-10,/apartamentos-venta-piantini/1224380/,2,3.5,3,US$,350000,MCR Asesoría Inmobiliaria,Piantini, Santo Domingo Centro (D.N.), Santo Domingo,En Construcción,200,Residencial,NA,TRUE,FALSE,TRUE,FALSE,TRUE,TRUE,TRUE,FALSE,TRUE,350000
2022-02-10,/apartamentos-venta-piantini/1235047/,3,3.5,3,US$,445000,MCR Asesoría Inmobiliaria,Piantini, Santo Domingo Centro (D.N.), Santo Domingo,En Construcción,256,Residencial,7,TRUE,TRUE,TRUE,FALSE,TRUE,TRUE,TRUE,FALSE,TRUE,445000
2022-02-10,/apartamentos-venta-piantini/1234345/,4,4.5,4,US$,1075000,Top International Realty,Piantini, Santo Domingo Centro (D.N.), Santo Domingo,Nueva,450,Residencial,3,TRUE,TRUE,TRUE,TRUE,TRUE,TRUE,TRUE,TRUE,TRUE,1075000
2022-02-10,/apartamentos-venta-piantini/1267422/,2,3.5,3,US$,312000,Inmobiliaria Grupal,Piantini, Santo Domingo Centro (D.N.), Santo Domingo,Segundo Uso,245,Residencial,2,TRUE,TRUE,FALSE,TRUE,TRUE,TRUE,TRUE,FALSE,FALSE,312000
2022-02-10,/apartamentos-venta-piantini/1269349/,3,2.5,2,US$,260000,Inmobiliaria Grupal,Piantini, Santo Domingo Centro (D.N.), Santo Domingo,Segundo Uso,180,Residencial,2,TRUE,TRUE,TRUE,TRUE,FALSE,TRUE,TRUE,FALSE,TRUE,260000
2022-02-10,/apartamentos-venta-piantini/1257891/,1,1,1,US$,143000,Seekers Inmobiliaria,Piantini, Santo Domingo Centro (D.N.), Santo Domingo,En Construcción,50,Residencial,NA,TRUE,TRUE,FALSE,TRUE,FALSE,TRUE,TRUE,FALSE,TRUE,143000
2022-02-10,/apartamentos-venta-piantini/1254647/,3,3,3,US$,415000,Seekers Inmobiliaria,Piantini, Santo Domingo Centro (D.N.), Santo Domingo,En Construcción,200,Residencial,NA,TRUE,TRUE,TRUE,TRUE,TRUE,TRUE,TRUE,FALSE,TRUE,415000
2022-02-10,/apartamentos-venta-piantini/1257976/,1,1,1,US$,143000,Seekers Inmobiliaria,Piantini, Santo Domingo Centro (D.N.), Santo Domingo,En Construcción,45,Residencial,NA,TRUE,TRUE,FALSE,TRUE,FALSE,TRUE,TRUE,FALSE,TRUE,143000
2022-02-10,/apartamentos-venta-y-alquiler-piantini/1269448/,2,2,1,US$,170000,Real Broker Tavarez Pimentel ,Piantini, Santo Domingo Centro (D.N.), Santo Domingo,Segundo Uso,70,Residencial,8,TRUE,TRUE,TRUE,FALSE,TRUE,TRUE,TRUE,TRUE,TRUE,170000
2022-02-10,/apartamentos-venta-y-alquiler-piantini/1258023/,3,3.5,3,US$,480000,Top Side Brokers Realty Group,Piantini, Santo Domingo Centro (D.N.), Santo Domingo,Segundo Uso,260,Residencial,NA,TRUE,TRUE,TRUE,FALSE,TRUE,TRUE,TRUE,FALSE,TRUE,480000
2022-02-10,/apartamentos-venta-piantini/1255106/,3,3,3,US$,415000,Seekers Inmobiliaria,Piantini, Santo Domingo Centro (D.N.), Santo Domingo,En Construcción,200,Residencial,NA,TRUE,TRUE,TRUE,TRUE,TRUE,TRUE,TRUE,FALSE,TRUE,415000
2022-02-10,/apartamentos-venta-piantini/1252019/,3,3.5,3,US$,415000,Seekers Inmobiliaria,Piantini, Santo Domingo Centro (D.N.), Santo Domingo,En Construcción,200,Residencial,NA,TRUE,TRUE,FALSE,FALSE,TRUE,TRUE,TRUE,FALSE,TRUE,415000
2022-02-10,/apartamentos-venta-piantini/1243816/,3,1.5,3,US$,377250,Seekers Inmobiliaria,Piantini, Santo Domingo Centro (D.N.), Santo Domingo,Nueva,210,Residencial,11,TRUE,TRUE,TRUE,FALSE,TRUE,TRUE,TRUE,FALSE,TRUE,377250
2022-02-10,/apartamentos-venta-piantini/1265509/,1,1,1,US$,144000,Seekers Inmobiliaria,Piantini, Santo Domingo Centro (D.N.), Santo Domingo,En Construcción,NA,Residencial,NA,TRUE,FALSE,FALSE,TRUE,FALSE,TRUE,TRUE,TRUE,TRUE,144000
2022-02-10,/apartamentos-venta-piantini/1233790/,1,1.5,1,US$,205000,Seekers Inmobiliaria,Piantini, Santo Domingo Centro (D.N.), Santo Domingo,En Construcción,85,Residencial,NA,TRUE,TRUE,TRUE,TRUE,TRUE,TRUE,TRUE,FALSE,TRUE,205000
2022-02-10,/apartamentos-venta-piantini/1252021/,3,3.5,3,US$,415000,Seekers Inmobiliaria,Piantini, Santo Domingo Centro (D.N.), Santo Domingo,En Construcción,200,Residencial,NA,TRUE,TRUE,FALSE,TRUE,TRUE,TRUE,TRUE,FALSE,TRUE,415000
2022-02-10,/apartamentos-venta-piantini/1269066/,1,1.5,1,US$,144000,Seekers Inmobiliaria,Piantini, Santo Domingo Centro (D.N.), Santo Domingo,En Construcción,69,Residencial,NA,FALSE,TRUE,FALSE,FALSE,TRUE,TRUE,TRUE,TRUE,TRUE,144000
2022-02-10,/apartamentos-venta-piantini/1268299/,NA,3.5,3,US$,260000,Inmobiliaria Grupal,Piantini, Santo Domingo Centro (D.N.), Santo Domingo,Segundo Uso,179,Residencial,2,TRUE,TRUE,TRUE,FALSE,FALSE,TRUE,TRUE,FALSE,TRUE,260000
2022-02-10,/apartamentos-venta-piantini/1268948/,2,2.5,2,US$,210000,Hogarium Real Estate,Piantini, Santo Domingo Centro (D.N.), Santo Domingo,Segundo Uso,185,Residencial,9,TRUE,TRUE,FALSE,TRUE,FALSE,FALSE,TRUE,FALSE,FALSE,210000
2022-02-10,/apartamentos-venta-piantini/1259857/,3,3.5,3,US$,298750,Premium Real Estate,Piantini, Santo Domingo Centro (D.N.), Santo Domingo,En Construcción,175,Residencial,NA,TRUE,TRUE,FALSE,FALSE,FALSE,TRUE,TRUE,TRUE,TRUE,298750
2022-02-10,/apartamentos-venta-piantini/1257143/,3,3.5,3,US$,540000,Premium Real Estate,Piantini, Santo Domingo Centro (D.N.), Santo Domingo,Nueva,275,Residencial,NA,TRUE,TRUE,TRUE,FALSE,FALSE,TRUE,TRUE,FALSE,TRUE,540000
2022-02-10,/apartamentos-venta-piantini/1268792/,3,3.5,3,US$,450000,Inmobiliaria Grupal,Piantini, Santo Domingo Centro (D.N.), Santo Domingo,Nueva,208,Residencial,NA,TRUE,TRUE,TRUE,FALSE,FALSE,TRUE,TRUE,FALSE,TRUE,450000
2022-02-10,/apartamentos-venta-piantini/1268205/,2,3,2,US$,265000,Inmobiliaria Grupal,Piantini, Santo Domingo Centro (D.N.), Santo Domingo,Segundo Uso,180,Residencial,2,TRUE,TRUE,TRUE,FALSE,FALSE,FALSE,TRUE,FALSE,TRUE,265000
2022-02-10,/apartamentos-venta-piantini/1265704/,2,2.5,2,US$,370000,Inmobiliaria Grupal,Piantini, Santo Domingo Centro (D.N.), Santo Domingo,Nueva,107,Residencial,6,TRUE,TRUE,TRUE,FALSE,TRUE,TRUE,TRUE,TRUE,TRUE,370000
2022-02-10,/apartamentos-venta-y-alquiler-piantini/1266847/,2,4.5,3,US$,440000,Inmobiliaria Grupal,Piantini, Santo Domingo Centro (D.N.), Santo Domingo,Segundo Uso,326,Residencial,5,TRUE,TRUE,FALSE,FALSE,FALSE,TRUE,TRUE,FALSE,TRUE,440000
2022-02-10,/apartamentos-venta-piantini/1259472/,2,2.5,2,US$,296250,Plusval Homes Realty Group,Piantini, Santo Domingo Centro (D.N.), Santo Domingo,Nueva,153,N/D,3,FALSE,TRUE,TRUE,FALSE,TRUE,TRUE,TRUE,TRUE,TRUE,296250
2022-02-10,/apartamentos-venta-y-alquiler-piantini/1245562/,3,3.5,3,US$,485000,Tropical Living,Piantini, Santo Domingo Centro (D.N.), Santo Domingo,Segundo Uso,262,Residencial,NA,FALSE,TRUE,TRUE,FALSE,TRUE,FALSE,FALSE,FALSE,TRUE,485000
2022-02-10,/apartamentos-venta-piantini/1267575/,3,3.5,3,US$,382250,Tropical Living,Piantini, Santo Domingo Centro (D.N.), Santo Domingo,Nueva,210,Residencial,NA,TRUE,TRUE,TRUE,FALSE,FALSE,FALSE,TRUE,FALSE,FALSE,382250
2022-02-10,/apartamentos-venta-piantini/1267611/,4,3.5,3,US$,775000,Tropical Living,Piantini, Santo Domingo Centro (D.N.), Santo Domingo,Nueva,375,Residencial,NA,TRUE,TRUE,TRUE,FALSE,TRUE,FALSE,TRUE,FALSE,TRUE,775000
2022-02-10,/apartamentos-venta-piantini/1253644/,1,1.5,1,US$,239600,Tropical Living,Piantini, Santo Domingo Centro (D.N.), Santo Domingo,Nueva,85,Residencial,NA,TRUE,TRUE,TRUE,FALSE,TRUE,FALSE,TRUE,FALSE,TRUE,239600
2022-02-10,/apartamentos-venta-piantini/1263851/,2,2.5,2,US$,296250,Tropical Living,Piantini, Santo Domingo Centro (D.N.), Santo Domingo,En Construcción,153,Residencial,NA,TRUE,TRUE,TRUE,FALSE,TRUE,FALSE,TRUE,FALSE,TRUE,296250
2022-02-10,/apartamentos-venta-y-alquiler-piantini/1264993/,3,3.5,3,US$,399000,Tropical Living,Piantini, Santo Domingo Centro (D.N.), Santo Domingo,Segundo Uso,305,Residencial,7,TRUE,TRUE,TRUE,FALSE,TRUE,FALSE,FALSE,FALSE,TRUE,399000
2022-02-10,/apartamentos-venta-piantini/1252856/,4,3.5,3,US$,775000,Tropical Living,Piantini, Santo Domingo Centro (D.N.), Santo Domingo,Nueva,375,Residencial,NA,FALSE,TRUE,TRUE,FALSE,TRUE,TRUE,TRUE,FALSE,TRUE,775000
2022-02-10,/apartamentos-venta-piantini/1259602/,NA,3.5,3,US$,255000,Inmobiliaria Grupo DYZ,Piantini, Santo Domingo Centro (D.N.), Santo Domingo,Segundo Uso,296,Residencial,12,TRUE,TRUE,TRUE,FALSE,TRUE,TRUE,TRUE,FALSE,FALSE,255000
2022-02-10,/apartamentos-venta-piantini/1257123/,4,3.5,3,US$,700000,Anyelina Sánchez,Piantini, Santo Domingo Centro (D.N.), Santo Domingo,Segundo Uso,NA,Residencial,NA,FALSE,FALSE,FALSE,FALSE,FALSE,FALSE,FALSE,FALSE,FALSE,700000
2022-02-10,/apartamentos-venta-piantini/1249109/,2,3.5,3,US$,380000,Anyelina Sánchez,Piantini, Santo Domingo Centro (D.N.), Santo Domingo,Remodelada,360,Residencial,NA,FALSE,FALSE,FALSE,FALSE,FALSE,FALSE,FALSE,FALSE,FALSE,380000
2022-02-10,/apartamentos-venta-piantini/1249135/,3,NA,3,US$,270000,Anyelina Sánchez,Piantini, Santo Domingo Centro (D.N.), Santo Domingo,Nueva,173,Residencial,NA,FALSE,FALSE,FALSE,FALSE,FALSE,FALSE,FALSE,FALSE,FALSE,270000
2022-02-10,/apartamentos-venta-piantini/1249098/,4,3.5,3,US$,775000,Anyelina Sánchez,Piantini, Santo Domingo Centro (D.N.), Santo Domingo,Segundo Uso,NA,Residencial,NA,FALSE,FALSE,FALSE,FALSE,FALSE,FALSE,FALSE,FALSE,FALSE,775000
2022-02-10,/apartamentos-venta-piantini/1265446/,4,3.5,3,US$,790000,Anyelina Sánchez,Piantini, Santo Domingo Centro (D.N.), Santo Domingo,Segundo Uso,390,Residencial,NA,FALSE,FALSE,FALSE,FALSE,FALSE,FALSE,FALSE,FALSE,FALSE,790000
2022-02-10,/apartamentos-venta-piantini/1269053/,2,2.5,2,US$,450000,Anyelina Sánchez,Piantini, Santo Domingo Centro (D.N.), Santo Domingo,Segundo Uso,NA,Residencial,NA,FALSE,FALSE,FALSE,FALSE,FALSE,FALSE,FALSE,FALSE,FALSE,450000
2022-02-10,/apartamentos-venta-piantini/1256983/,NA,NA,NA,US$,600000,Anyelina Sánchez,Piantini, Santo Domingo Centro (D.N.), Santo Domingo,Segundo Uso,319,Residencial,NA,FALSE,FALSE,FALSE,FALSE,FALSE,FALSE,FALSE,FALSE,FALSE,600000
2022-02-10,/apartamentos-venta-piantini/1268586/,5,4.5,4,US$,1700000,Anyelina Sánchez,Piantini, Santo Domingo Centro (D.N.), Santo Domingo,Segundo Uso,625,Residencial,NA,FALSE,FALSE,FALSE,FALSE,FALSE,FALSE,FALSE,FALSE,FALSE,1700000
2022-02-10,/apartamentos-venta-piantini/1255729/,2,3.5,3,US$,395000,Anyelina Sánchez,Piantini, Santo Domingo Centro (D.N.), Santo Domingo,Segundo Uso,326,Residencial,NA,FALSE,FALSE,FALSE,FALSE,FALSE,FALSE,FALSE,FALSE,FALSE,395000
2022-02-10,/apartamentos-venta-piantini/1268587/,3,3.5,3,US$,915000,Anyelina Sánchez,Piantini, Santo Domingo Centro (D.N.), Santo Domingo,Segundo Uso,415,Residencial,NA,FALSE,FALSE,FALSE,FALSE,FALSE,FALSE,FALSE,FALSE,FALSE,915000
2022-02-10,/apartamentos-venta-y-alquiler-piantini/1268585/,4,3.5,3,US$,1800000,Anyelina Sánchez,Piantini, Santo Domingo Centro (D.N.), Santo Domingo,Segundo Uso,560,Residencial,NA,FALSE,FALSE,FALSE,FALSE,FALSE,FALSE,FALSE,FALSE,FALSE,1800000
2022-02-10,/apartamentos-venta-piantini/1269174/,2,3.5,3,US$,235000,Inmobiliaria Vita Home,Piantini, Santo Domingo Centro (D.N.), Santo Domingo,Segundo Uso,200,Residencial,8,TRUE,TRUE,FALSE,FALSE,FALSE,TRUE,FALSE,FALSE,FALSE,235000
2022-02-10,/apartamentos-venta-piantini/1255638/,2,3.5,3,US$,245000,Inmobiliaria Grupal,Piantini, Santo Domingo Centro (D.N.), Santo Domingo,Nueva,NA,Residencial,NA,TRUE,TRUE,FALSE,FALSE,FALSE,TRUE,TRUE,FALSE,FALSE,245000
2022-02-10,/apartamentos-venta-piantini/1257389/,2,3.5,3,US$,540000,Premium Real Estate,Piantini, Santo Domingo Centro (D.N.), Santo Domingo,Segundo Uso,275,Residencial,NA,FALSE,FALSE,FALSE,FALSE,FALSE,FALSE,FALSE,FALSE,FALSE,540000
2022-02-10,/apartamentos-venta-piantini/1234803/,3,3.5,3,US$,680000,Premium Real Estate,Piantini, Santo Domingo Centro (D.N.), Santo Domingo,Segundo Uso,NA,Residencial,NA,FALSE,TRUE,FALSE,FALSE,TRUE,FALSE,TRUE,TRUE,TRUE,680000
2022-02-10,/apartamentos-venta-piantini/1269076/,5,3.5,3,US$,1700000,Ginebra Realty Group,Piantini, Santo Domingo Centro (D.N.), Santo Domingo,Nueva,600,Residencial,12,TRUE,TRUE,TRUE,FALSE,TRUE,TRUE,TRUE,TRUE,TRUE,1700000
2022-02-10,/apartamentos-venta-piantini/1236710/,3,3.5,3,US$,400000,Kaza Inmobiliaria,Piantini, Santo Domingo Centro (D.N.), Santo Domingo,Segundo Uso,265,Residencial,9,TRUE,FALSE,TRUE,TRUE,FALSE,TRUE,FALSE,FALSE,FALSE,400000
2022-02-10,/apartamentos-venta-piantini/1256886/,7,4,3,US$,705000,SAS INMOBILIARIA ,Piantini, Santo Domingo Centro (D.N.), Santo Domingo,Nueva,450,Residencial,6,TRUE,TRUE,TRUE,TRUE,TRUE,TRUE,TRUE,TRUE,TRUE,705000
2022-02-10,/apartamentos-venta-y-alquiler-piantini/1253903/,3,3.5,3,US$,620000,Anyelina Sánchez,Piantini, Santo Domingo Centro (D.N.), Santo Domingo,Segundo Uso,321,Residencial,NA,FALSE,FALSE,FALSE,FALSE,FALSE,FALSE,FALSE,FALSE,FALSE,620000
2022-02-10,/apartamentos-venta-piantini/1253908/,NA,NA,NA,US$,725000,Anyelina Sánchez,Piantini, Santo Domingo Centro (D.N.), Santo Domingo,Segundo Uso,390,Residencial,NA,FALSE,FALSE,FALSE,FALSE,FALSE,FALSE,FALSE,FALSE,FALSE,725000
2022-02-10,/apartamentos-venta-piantini/1249134/,2,NA,3,US$,231000,Anyelina Sánchez,Piantini, Santo Domingo Centro (D.N.), Santo Domingo,Nueva,153,Residencial,NA,FALSE,FALSE,FALSE,FALSE,FALSE,FALSE,FALSE,FALSE,FALSE,231000
2022-02-10,/apartamentos-venta-piantini/1249102/,NA,3.5,3,US$,510000,Anyelina Sánchez,Piantini, Santo Domingo Centro (D.N.), Santo Domingo,Segundo Uso,262,Residencial,NA,FALSE,FALSE,FALSE,FALSE,FALSE,FALSE,FALSE,FALSE,FALSE,510000
2022-02-10,/apartamentos-venta-piantini/1249132/,4,3.5,3,US$,1800000,Anyelina Sánchez,Piantini, Santo Domingo Centro (D.N.), Santo Domingo,Nueva,601,Residencial,NA,FALSE,FALSE,FALSE,FALSE,FALSE,FALSE,FALSE,FALSE,FALSE,1800000
2022-02-10,/apartamentos-venta-piantini/1249094/,3,3.5,3,US$,585000,Anyelina Sánchez,Piantini, Santo Domingo Centro (D.N.), Santo Domingo,Segundo Uso,312,Residencial,NA,FALSE,FALSE,FALSE,FALSE,FALSE,FALSE,FALSE,FALSE,FALSE,585000
2022-02-10,/apartamentos-venta-y-alquiler-piantini/1249111/,2,3.5,3,US$,260000,Anyelina Sánchez,Piantini, Santo Domingo Centro (D.N.), Santo Domingo,Segundo Uso,245,Residencial,NA,FALSE,FALSE,FALSE,FALSE,FALSE,FALSE,FALSE,FALSE,FALSE,260000
2022-02-10,/apartamentos-venta-piantini/1269004/,2,3.5,3,US$,350000,Ginebra Realty Group,Piantini, Santo Domingo Centro (D.N.), Santo Domingo,Segundo Uso,201,Residencial,2,TRUE,TRUE,TRUE,FALSE,FALSE,TRUE,TRUE,FALSE,TRUE,350000
2022-02-10,/apartamentos-venta-piantini/1268951/,1,1.5,1,US$,1300,Top Side Brokers Realty Group,Piantini, Santo Domingo Centro (D.N.), Santo Domingo,Segundo Uso,70,Residencial,NA,TRUE,TRUE,FALSE,FALSE,TRUE,TRUE,FALSE,FALSE,TRUE,1300
2022-02-10,/apartamentos-venta-piantini/1244816/,NA,2.5,2,US$,175875,Caiba Realty Group,Piantini, Santo Domingo Centro (D.N.), Santo Domingo,En Construcción,35,Mixto,NA,FALSE,TRUE,TRUE,FALSE,TRUE,TRUE,TRUE,FALSE,TRUE,175875
2022-02-10,/apartamentos-venta-piantini/1254649/,3,4.5,4,US$,550000,Caiba Realty Group,Piantini, Santo Domingo Centro (D.N.), Santo Domingo,Segundo Uso,354,Residencial,6,FALSE,TRUE,FALSE,FALSE,FALSE,FALSE,TRUE,TRUE,TRUE,550000
2022-02-10,/apartamentos-venta-piantini/1268873/,2,2.5,2,US$,260000,Elite Brokers,Piantini, Santo Domingo Centro (D.N.), Santo Domingo,NA,148,Residencial,NA,TRUE,TRUE,TRUE,FALSE,FALSE,TRUE,TRUE,TRUE,TRUE,260000
2022-02-10,/apartamentos-venta-piantini/1259158/,2,3.5,3,US$,312000,BAEZ MUESES INMOBILIARIA,Piantini, Santo Domingo Centro (D.N.), Santo Domingo,Segundo Uso,325,Residencial,2,TRUE,TRUE,FALSE,TRUE,TRUE,TRUE,TRUE,FALSE,FALSE,312000
2022-02-10,/apartamentos-venta-piantini/1268651/,NA,1.5,1,US$,150000,Premium Real Estate,Piantini, Santo Domingo Centro (D.N.), Santo Domingo,Segundo Uso,72,Residencial,NA,FALSE,FALSE,FALSE,FALSE,FALSE,FALSE,FALSE,FALSE,FALSE,150000
2022-02-10,/apartamentos-venta-piantini/1241301/,2,2.5,2,US$,235000,Lucila Brito,Piantini, Santo Domingo Centro (D.N.), Santo Domingo,Segundo Uso,160,Residencial,7,TRUE,TRUE,TRUE,FALSE,FALSE,TRUE,TRUE,FALSE,TRUE,235000
2022-02-10,/apartamentos-venta-y-alquiler-piantini/1247328/,4,3.5,3,US$,1800000,Flavia Cortina Unique Properties,Piantini, Santo Domingo Centro (D.N.), Santo Domingo,Segundo Uso,560,Residencial,NA,TRUE,TRUE,TRUE,FALSE,TRUE,TRUE,TRUE,FALSE,TRUE,1800000
2022-02-10,/apartamentos-venta-piantini/1265395/,NA,NA,3,US$,255000,Inmobiliaria Grupal,Piantini, Santo Domingo Centro (D.N.), Santo Domingo,Segundo Uso,193,Residencial,9,TRUE,TRUE,FALSE,FALSE,FALSE,FALSE,FALSE,FALSE,TRUE,255000
2022-02-10,/apartamentos-venta-piantini/1265417/,NA,NA,NA,US$,270000,Inmobiliaria Grupal,Piantini, Santo Domingo Centro (D.N.), Santo Domingo,Nueva,NA,Residencial,NA,FALSE,FALSE,FALSE,FALSE,FALSE,FALSE,FALSE,FALSE,FALSE,270000
2022-02-10,/apartamentos-venta-piantini/1258858/,2,3.5,3,US$,290000,Inmobiliaria Hazim Rodriguez,Piantini, Santo Domingo Centro (D.N.), Santo Domingo,Segundo Uso,273,Residencial,3,TRUE,TRUE,FALSE,FALSE,FALSE,TRUE,FALSE,FALSE,FALSE,290000
2022-02-10,/apartamentos-venta-y-alquiler-piantini/1266299/,5,4.5,4,US$,825000,Seekers Inmobiliaria,Piantini, Santo Domingo Centro (D.N.), Santo Domingo,Segundo Uso,514,Residencial,6,TRUE,TRUE,FALSE,FALSE,TRUE,TRUE,TRUE,TRUE,FALSE,825000
2022-02-10,/apartamentos-venta-piantini/1239533/,3,3.5,3,US$,335000,Quality Inmobiliaria,Piantini, Santo Domingo Centro (D.N.), Santo Domingo,Segundo Uso,360,Residencial,NA,TRUE,TRUE,FALSE,TRUE,TRUE,TRUE,TRUE,FALSE,FALSE,335000
2022-02-10,/apartamentos-venta-piantini/1265273/,3,3,2,US$,258000,BAEZ MUESES INMOBILIARIA,Piantini, Santo Domingo Centro (D.N.), Santo Domingo,Segundo Uso,180,Residencial,2,TRUE,TRUE,TRUE,TRUE,TRUE,TRUE,TRUE,FALSE,TRUE,258000
2022-02-10,/apartamentos-venta-y-alquiler-piantini/1268642/,3,3.5,3,US$,600000,Top inmobiliario Srl,Piantini, Santo Domingo Centro (D.N.), Santo Domingo,Segundo Uso,370,Residencial,2,TRUE,TRUE,TRUE,TRUE,TRUE,TRUE,TRUE,TRUE,TRUE,600000
2022-02-10,/apartamentos-venta-piantini/1268609/,2,2.5,2,US$,305000,Remax Metropolitana,Piantini, Santo Domingo Centro (D.N.), Santo Domingo,Segundo Uso,166,Residencial,15,TRUE,TRUE,TRUE,FALSE,FALSE,TRUE,FALSE,TRUE,TRUE,305000
2022-02-10,/apartamentos-venta-piantini/1268604/,NA,NA,NA,US$,305000,Lucila Brito,Piantini, Santo Domingo Centro (D.N.), Santo Domingo,Segundo Uso,NA,Residencial,NA,TRUE,TRUE,TRUE,TRUE,FALSE,TRUE,FALSE,FALSE,FALSE,305000
2022-02-10,/apartamentos-venta-piantini/1264661/,3,3.5,3,US$,420000,Habitame Inmobiliaria,Piantini, Santo Domingo Centro (D.N.), Santo Domingo,Segundo Uso,198,Residencial,11,TRUE,TRUE,TRUE,FALSE,FALSE,TRUE,TRUE,FALSE,FALSE,420000
2022-02-10,/apartamentos-venta-piantini/1257463/,3,3.5,3,US$,429000,Inmobiliaria Hazim Rodriguez,Piantini, Santo Domingo Centro (D.N.), Santo Domingo,En Construcción,200,Residencial,3,TRUE,TRUE,TRUE,FALSE,TRUE,TRUE,TRUE,FALSE,TRUE,429000
2022-02-10,/apartamentos-venta-piantini/1217135/,3,3.5,3,US$,560000,Inmobiliaria Hazim Rodriguez,Piantini, Santo Domingo Centro (D.N.), Santo Domingo,Nueva,275,Residencial,5,TRUE,TRUE,TRUE,TRUE,TRUE,TRUE,TRUE,FALSE,TRUE,560000
2022-02-10,/apartamentos-venta-piantini/1256369/,2,2.5,3,US$,195000,Time Homes Inmobiliaria,Piantini, Santo Domingo Centro (D.N.), Santo Domingo,Segundo Uso,160,Residencial,3,TRUE,TRUE,FALSE,TRUE,TRUE,TRUE,FALSE,TRUE,FALSE,195000
2022-02-10,/apartamentos-venta-piantini/1268516/,1,1.5,1,US$,163500,Top Side Brokers Realty Group,Piantini, Santo Domingo Centro (D.N.), Santo Domingo,En Construcción,75,Residencial,NA,TRUE,TRUE,FALSE,FALSE,TRUE,TRUE,TRUE,TRUE,TRUE,163500
2022-02-10,/apartamentos-venta-piantini/1262479/,2,3.5,3,US$,290000,Remax Metropolitana ,Piantini, Santo Domingo Centro (D.N.), Santo Domingo,Segundo Uso,273,Residencial,3,TRUE,TRUE,FALSE,FALSE,FALSE,TRUE,FALSE,FALSE,FALSE,290000
2022-02-10,/apartamentos-venta-piantini/1268469/,2,3,2,US$,305000,Inmobiliaria Hazim Rodriguez,Piantini, Santo Domingo Centro (D.N.), Santo Domingo,Segundo Uso,136,Residencial,15,TRUE,TRUE,TRUE,FALSE,TRUE,TRUE,FALSE,FALSE,TRUE,305000
2022-02-10,/apartamentos-venta-y-alquiler-piantini/1235848/,3,3.5,3,US$,375000,Remax Blu,Piantini, Santo Domingo Centro (D.N.), Santo Domingo,Segundo Uso,240,Residencial,4,TRUE,TRUE,TRUE,TRUE,TRUE,TRUE,TRUE,FALSE,TRUE,375000
2022-02-10,/apartamentos-venta-piantini/1246861/,5,3.5,3,US$,1700000,Flavia Cortina Unique Properties,Piantini, Santo Domingo Centro (D.N.), Santo Domingo,Segundo Uso,625,Residencial,NA,FALSE,TRUE,FALSE,FALSE,FALSE,FALSE,TRUE,FALSE,FALSE,1700000
2022-02-10,/apartamentos-venta-piantini/1251194/,2,3.5,3,US$,250000,Estrella Inmobiliaria ,Piantini, Santo Domingo Centro (D.N.), Santo Domingo,Segundo Uso,240,N/D,NA,TRUE,TRUE,FALSE,FALSE,FALSE,TRUE,TRUE,FALSE,TRUE,250000
2022-02-10,/apartamentos-venta-piantini/1268139/,2,3.5,3,US$,385000,Ginebra Realty Group,Piantini, Santo Domingo Centro (D.N.), Santo Domingo,Segundo Uso,302,Residencial,5,FALSE,FALSE,FALSE,FALSE,FALSE,FALSE,FALSE,FALSE,FALSE,385000
2022-02-10,/apartamentos-venta-piantini/1267904/,2,3.5,3,US$,340000,Inmobiliaria Bevistam,Piantini, Santo Domingo Centro (D.N.), Santo Domingo,Segundo Uso,253,Residencial,5,TRUE,TRUE,FALSE,FALSE,TRUE,TRUE,TRUE,FALSE,FALSE,340000
2022-02-10,/apartamentos-venta-piantini/1267897/,2,2.5,2,US$,375000,Rosario de Cruz,Piantini, Santo Domingo Centro (D.N.), Santo Domingo,Nueva,130,Residencial,15,TRUE,TRUE,TRUE,FALSE,TRUE,TRUE,TRUE,TRUE,TRUE,375000
2022-02-10,/apartamentos-venta-piantini/1257166/,3,3.5,3,US$,555000,Estrella Inmobiliaria ,Piantini, Santo Domingo Centro (D.N.), Santo Domingo,Nueva,275,Residencial,NA,TRUE,TRUE,TRUE,FALSE,FALSE,TRUE,TRUE,TRUE,TRUE,555000
2022-02-10,/apartamentos-venta-piantini/1253884/,4,3.5,3,US$,550000,Inmobiliaria Hazim Rodriguez,Piantini, Santo Domingo Centro (D.N.), Santo Domingo,Segundo Uso,383,Residencial,6,TRUE,TRUE,TRUE,FALSE,TRUE,TRUE,TRUE,TRUE,TRUE,550000
2022-02-10,/apartamentos-venta-piantini/1267113/,2,3.5,3,US$,590000,Seekers Inmobiliaria,Piantini, Santo Domingo Centro (D.N.), Santo Domingo,Nueva,290,Residencial,NA,FALSE,TRUE,TRUE,FALSE,TRUE,TRUE,FALSE,TRUE,TRUE,590000
2022-02-10,/apartamentos-venta-piantini/1247254/,2,2.5,2,US$,325000,Inmobiliaria Hazim Rodriguez,Piantini, Santo Domingo Centro (D.N.), Santo Domingo,Segundo Uso,200,Residencial,13,TRUE,TRUE,TRUE,FALSE,TRUE,TRUE,TRUE,TRUE,TRUE,325000
2022-02-10,/apartamentos-venta-piantini/1266898/,3,3.5,3,US$,555000,Ginebra Realty Group,Piantini, Santo Domingo Centro (D.N.), Santo Domingo,Remodelada,317,Residencial,4,TRUE,TRUE,TRUE,FALSE,FALSE,TRUE,TRUE,FALSE,TRUE,555000
2022-02-10,/apartamentos-venta-piantini/1265453/,1,1.5,1,US$,144000,Seekers Inmobiliaria,Piantini, Santo Domingo Centro (D.N.), Santo Domingo,En Construcción,69,Residencial,3,TRUE,TRUE,TRUE,FALSE,FALSE,TRUE,TRUE,FALSE,FALSE,144000
2022-02-10,/apartamentos-venta-piantini/1266298/,3,3.5,3,US$,345000,Seekers Inmobiliaria,Piantini, Santo Domingo Centro (D.N.), Santo Domingo,Nueva,158,Residencial,3,TRUE,TRUE,FALSE,FALSE,TRUE,TRUE,FALSE,FALSE,TRUE,345000
2022-02-10,/apartamentos-venta-piantini/1266681/,2,2.5,2,US$,380000,Inmobiliaria Bevistam,Piantini, Santo Domingo Centro (D.N.), Santo Domingo,Nueva,130,Residencial,17,TRUE,TRUE,TRUE,TRUE,TRUE,TRUE,TRUE,TRUE,TRUE,380000
2022-02-10,/apartamentos-venta-y-alquiler-piantini/1266674/,2,2.5,2,US$,150000,Kensami Bienes Raices ,Piantini, Santo Domingo Centro (D.N.), Santo Domingo,Segundo Uso,140,Residencial,5,TRUE,TRUE,FALSE,TRUE,FALSE,FALSE,FALSE,FALSE,FALSE,150000
2022-02-10,/apartamentos-venta-piantini/1265177/,2,2.5,3,US$,290000,Ginebra Realty Group,Piantini, Santo Domingo Centro (D.N.), Santo Domingo,Segundo Uso,192,Residencial,NA,TRUE,TRUE,TRUE,FALSE,FALSE,TRUE,TRUE,FALSE,TRUE,290000
2022-02-10,/apartamentos-venta-piantini/1266305/,2,3.5,3,US$,340000,Ginebra Realty Group,Piantini, Santo Domingo Centro (D.N.), Santo Domingo,Segundo Uso,300,Residencial,7,TRUE,TRUE,FALSE,FALSE,FALSE,TRUE,FALSE,FALSE,FALSE,340000
2022-02-10,/apartamentos-venta-piantini/1266518/,2,3.5,3,US$,319000,Elite Brokers,Piantini, Santo Domingo Centro (D.N.), Santo Domingo,NA,276,N/D,NA,TRUE,TRUE,FALSE,FALSE,FALSE,TRUE,FALSE,FALSE,FALSE,319000
2022-02-10,/apartamentos-venta-piantini/1266511/,3,3.5,3,US$,571000,Elite Brokers,Piantini, Santo Domingo Centro (D.N.), Santo Domingo,NA,315,N/D,NA,TRUE,TRUE,FALSE,FALSE,FALSE,FALSE,TRUE,FALSE,TRUE,571000
2022-02-10,/apartamentos-venta-piantini/1265175/,2,3.5,3,US$,340000,Ginebra Realty Group,Piantini, Santo Domingo Centro (D.N.), Santo Domingo,Segundo Uso,191,Residencial,7,TRUE,TRUE,TRUE,FALSE,FALSE,TRUE,TRUE,FALSE,TRUE,340000
2022-02-10,/apartamentos-venta-piantini/1264986/,2,3.5,3,US$,350000,Ginebra Realty Group,Piantini, Santo Domingo Centro (D.N.), Santo Domingo,Segundo Uso,253,Residencial,6,TRUE,TRUE,FALSE,FALSE,FALSE,TRUE,TRUE,FALSE,TRUE,350000
2022-02-10,/apartamentos-venta-piantini/1266333/,3,3.5,3,US$,355000,Tu Casa RD,Piantini, Santo Domingo Centro (D.N.), Santo Domingo,Nueva,NA,Residencial,NA,TRUE,TRUE,FALSE,FALSE,FALSE,TRUE,TRUE,FALSE,FALSE,355000
2022-02-10,/apartamentos-venta-piantini/1266326/,3,3,3,US$,595000,Seekers Inmobiliaria,Piantini, Santo Domingo Centro (D.N.), Santo Domingo,Nueva,340,Residencial,8,FALSE,FALSE,FALSE,FALSE,TRUE,FALSE,FALSE,FALSE,TRUE,595000
2022-02-10,/apartamentos-venta-piantini/1266325/,2,3,3,US$,345000,Seekers Inmobiliaria,Piantini, Santo Domingo Centro (D.N.), Santo Domingo,Segundo Uso,158,Residencial,3,TRUE,TRUE,FALSE,FALSE,FALSE,TRUE,FALSE,FALSE,TRUE,345000
2022-02-10,/apartamentos-venta-piantini/1258126/,3,3.5,3,US$,420000,Seekers Inmobiliaria,Piantini, Santo Domingo Centro (D.N.), Santo Domingo,Segundo Uso,296,Residencial,9,TRUE,TRUE,TRUE,FALSE,FALSE,TRUE,TRUE,FALSE,TRUE,420000
2022-02-10,/apartamentos-venta-piantini/1259554/,1,1.5,1,US$,210000,Premium Real Estate ,Piantini, Santo Domingo Centro (D.N.), Santo Domingo,Segundo Uso,69,Residencial,6,TRUE,TRUE,TRUE,FALSE,FALSE,FALSE,TRUE,FALSE,TRUE,210000
2022-02-10,/apartamentos-venta-piantini/1265826/,3,3.5,3,US$,290000,Elite Brokers,Piantini, Santo Domingo Centro (D.N.), Santo Domingo,NA,221,N/D,NA,TRUE,TRUE,FALSE,FALSE,FALSE,FALSE,TRUE,FALSE,TRUE,290000
2022-02-10,/apartamentos-venta-piantini/1265340/,3,3.5,3,US$,340000,Ginebra Realty Group,Piantini, Santo Domingo Centro (D.N.), Santo Domingo,Remodelada,253,Residencial,5,FALSE,TRUE,FALSE,FALSE,FALSE,TRUE,TRUE,FALSE,TRUE,340000
2022-02-10,/apartamentos-venta-piantini/1265287/,2,3.5,3,US$,240000,Tu Casa RD,Piantini, Santo Domingo Centro (D.N.), Santo Domingo,Nueva,200,Residencial,11,TRUE,TRUE,FALSE,FALSE,TRUE,TRUE,FALSE,FALSE,FALSE,240000
2022-02-10,/apartamentos-venta-piantini/1177387/,2,3.5,3,US$,348000,Inmobiliaria Baruch,Piantini, Santo Domingo Centro (D.N.), Santo Domingo,NA,NA,Residencial,13,TRUE,TRUE,TRUE,TRUE,TRUE,TRUE,TRUE,TRUE,TRUE,348000
2022-02-10,/apartamentos-venta-piantini/1265095/,2,3.5,3,US$,330000,Ginebra Realty Group,Piantini, Santo Domingo Centro (D.N.), Santo Domingo,Remodelada,265,Residencial,9,FALSE,FALSE,FALSE,FALSE,FALSE,FALSE,FALSE,FALSE,FALSE,330000
2022-02-10,/apartamentos-venta-piantini/1242165/,3,3.5,3,US$,550000,Top inmobiliario Srl,Piantini, Santo Domingo Centro (D.N.), Santo Domingo,Segundo Uso,330,Residencial,3,TRUE,TRUE,TRUE,FALSE,TRUE,TRUE,TRUE,TRUE,TRUE,550000
2022-02-10,/apartamentos-venta-piantini/1244323/,3,3.5,3,US$,360000,Top inmobiliario Srl,Piantini, Santo Domingo Centro (D.N.), Santo Domingo,Segundo Uso,360,Residencial,9,TRUE,TRUE,FALSE,TRUE,FALSE,TRUE,TRUE,FALSE,FALSE,360000
2022-02-10,/apartamentos-venta-piantini/1264966/,3,3.5,3,US$,350000,Ginebra Realty Group,Piantini, Santo Domingo Centro (D.N.), Santo Domingo,Remodelada,253,Residencial,6,TRUE,TRUE,FALSE,FALSE,FALSE,TRUE,TRUE,FALSE,TRUE,350000
2022-02-10,/apartamentos-venta-piantini/1264651/,3,3.5,3,US$,410000,Ginebra Realty Group,Piantini, Santo Domingo Centro (D.N.), Santo Domingo,Remodelada,NA,Residencial,5,FALSE,FALSE,FALSE,FALSE,FALSE,FALSE,FALSE,FALSE,FALSE,410000
2022-02-10,/apartamentos-venta-piantini/1258049/,NA,3.5,3,US$,775000,Estrella Inmobiliaria ,Piantini, Santo Domingo Centro (D.N.), Santo Domingo,Segundo Uso,375,Residencial,14,TRUE,TRUE,TRUE,TRUE,FALSE,TRUE,TRUE,TRUE,FALSE,775000
2022-02-10,/apartamentos-venta-piantini/1264299/,3,3.5,3,US$,410000,Ginebra Realty Group,Piantini, Santo Domingo Centro (D.N.), Santo Domingo,Remodelada,NA,Residencial,7,TRUE,TRUE,TRUE,FALSE,FALSE,TRUE,FALSE,FALSE,TRUE,410000
2022-02-10,/apartamentos-venta-piantini/1263589/,NA,3.5,3,US$,920000,Ginebra Realty Group,Piantini, Santo Domingo Centro (D.N.), Santo Domingo,Remodelada,NA,Residencial,NA,TRUE,TRUE,TRUE,FALSE,FALSE,TRUE,TRUE,TRUE,TRUE,920000
2022-02-10,/apartamentos-venta-piantini/1263474/,3,3.5,3,US$,265000,Elite Brokers,Piantini, Santo Domingo Centro (D.N.), Santo Domingo,NA,225,Residencial,NA,TRUE,TRUE,TRUE,FALSE,FALSE,FALSE,FALSE,FALSE,TRUE,265000
2022-02-10,/apartamentos-venta-piantini/1263471/,2,3.5,3,US$,920000,Elite Brokers,Piantini, Santo Domingo Centro (D.N.), Santo Domingo,NA,438,Residencial,NA,TRUE,TRUE,TRUE,FALSE,FALSE,FALSE,TRUE,FALSE,TRUE,920000
2022-02-10,/apartamentos-venta-piantini/1263464/,3,3.5,3,US$,279000,Elite Brokers,Piantini, Santo Domingo Centro (D.N.), Santo Domingo,NA,221,N/D,NA,TRUE,TRUE,TRUE,FALSE,TRUE,TRUE,TRUE,FALSE,TRUE,279000
2022-02-10,/apartamentos-venta-piantini/1262023/,3,3.5,3,US$,484000,Seekers Inmobiliaria,Piantini, Santo Domingo Centro (D.N.), Santo Domingo,En Construcción,220,Residencial,13,TRUE,TRUE,FALSE,FALSE,FALSE,TRUE,TRUE,TRUE,TRUE,484000
2022-02-10,/apartamentos-venta-piantini/1262972/,2,2.5,2,US$,295000,Elite Brokers,Piantini, Santo Domingo Centro (D.N.), Santo Domingo,NA,160,N/D,NA,TRUE,TRUE,TRUE,FALSE,TRUE,TRUE,FALSE,FALSE,TRUE,295000
2022-02-10,/apartamentos-venta-piantini/1262852/,3,3.5,3,US$,920000,Inmobiliaria Vita Home,Piantini, Santo Domingo Centro (D.N.), Santo Domingo,Segundo Uso,400,Residencial,5,TRUE,TRUE,TRUE,TRUE,FALSE,TRUE,FALSE,FALSE,FALSE,920000
2022-02-10,/apartamentos-venta-y-alquiler-piantini/1250676/,5,3.5,3,US$,1550000,Elite Brokers,Piantini, Santo Domingo Centro (D.N.), Santo Domingo,NA,653,Residencial,NA,TRUE,TRUE,TRUE,FALSE,TRUE,TRUE,TRUE,FALSE,TRUE,1550000
2022-02-10,/apartamentos-venta-piantini/1261957/,1,1.5,1,US$,150000,Tu Casa RD,Piantini, Santo Domingo Centro (D.N.), Santo Domingo,Nueva,NA,Residencial,NA,TRUE,TRUE,TRUE,FALSE,FALSE,TRUE,TRUE,FALSE,TRUE,150000
2022-02-10,/apartamentos-venta-piantini/1261843/,2,3.5,3,US$,290000,Elite Brokers,Piantini, Santo Domingo Centro (D.N.), Santo Domingo,NA,260,Residencial,NA,FALSE,FALSE,FALSE,FALSE,FALSE,FALSE,TRUE,FALSE,TRUE,290000
2022-02-10,/apartamentos-venta-piantini/1259995/,3,4.5,4,US$,495000,Tu Casa RD,Piantini, Santo Domingo Centro (D.N.), Santo Domingo,Nueva,354,Residencial,6,TRUE,TRUE,FALSE,FALSE,FALSE,TRUE,TRUE,FALSE,FALSE,495000
2022-02-10,/apartamentos-venta-piantini/1220649/,2,3.5,3,US$,275000,Remax Metropolitana,Piantini, Santo Domingo Centro (D.N.), Santo Domingo,Segundo Uso,247,Residencial,8,TRUE,TRUE,FALSE,FALSE,FALSE,TRUE,TRUE,FALSE,FALSE,275000
2022-02-10,/apartamentos-venta-piantini/1259367/,3,3.5,3,US$,570000,Elite Brokers,Piantini, Santo Domingo Centro (D.N.), Santo Domingo,NA,315,Residencial,NA,TRUE,TRUE,TRUE,FALSE,TRUE,TRUE,TRUE,FALSE,TRUE,570000
2022-02-10,/apartamentos-venta-piantini/1259354/,4,3.5,3,US$,660000,Elite Brokers,Piantini, Santo Domingo Centro (D.N.), Santo Domingo,NA,415,Residencial,NA,TRUE,TRUE,TRUE,FALSE,TRUE,FALSE,TRUE,FALSE,TRUE,660000
2022-02-10,/apartamentos-venta-piantini/1258863/,4,4.5,4,US$,349000,Tu Casa RD,Piantini, Santo Domingo Centro (D.N.), Santo Domingo,Nueva,280,Residencial,NA,TRUE,TRUE,FALSE,FALSE,FALSE,TRUE,TRUE,FALSE,FALSE,349000
2022-02-10,/apartamentos-venta-piantini/1258677/,3,4.5,4,US$,495000,Tu Casa RD,Piantini, Santo Domingo Centro (D.N.), Santo Domingo,Nueva,354,Residencial,6,TRUE,TRUE,FALSE,FALSE,FALSE,TRUE,TRUE,FALSE,TRUE,495000
2022-02-10,/apartamentos-venta-piantini/1257168/,5,3.5,3,US$,225000,Tu Casa RD,Piantini, Santo Domingo Centro (D.N.), Santo Domingo,Nueva,183,Residencial,NA,TRUE,TRUE,FALSE,FALSE,FALSE,TRUE,TRUE,FALSE,FALSE,225000
2022-02-10,/apartamentos-venta-piantini/1256338/,1,1.5,1,US$,130000,Tu Casa RD,Piantini, Santo Domingo Centro (D.N.), Santo Domingo,Nueva,60,Residencial,4,FALSE,TRUE,TRUE,FALSE,FALSE,TRUE,FALSE,FALSE,TRUE,130000
2022-02-10,/apartamentos-venta-piantini/1254682/,3,3.5,3,US$,618000,Tu Casa RD,Piantini, Santo Domingo Centro (D.N.), Santo Domingo,Segundo Uso,330,Residencial,15,TRUE,TRUE,FALSE,FALSE,FALSE,TRUE,TRUE,FALSE,TRUE,618000
2022-02-10,/apartamentos-venta-piantini/1251320/,2,2.5,2,US$,242500,Tu Casa RD,Piantini, Santo Domingo Centro (D.N.), Santo Domingo,Nueva,128,Residencial,4,FALSE,TRUE,TRUE,FALSE,FALSE,TRUE,TRUE,TRUE,TRUE,242500
2022-02-10,/apartamentos-venta-piantini/1250877/,2,3.5,3,US$,330000,Tu Casa RD,Piantini, Santo Domingo Centro (D.N.), Santo Domingo,Nueva,210,Residencial,6,FALSE,FALSE,FALSE,FALSE,TRUE,TRUE,TRUE,FALSE,TRUE,330000
2022-02-10,/apartamentos-venta-piantini/1256827/,4,3.5,3,US$,450000,Tu Casa RD,Piantini, Santo Domingo Centro (D.N.), Santo Domingo,Nueva,240,Residencial,NA,TRUE,TRUE,TRUE,FALSE,FALSE,TRUE,TRUE,FALSE,TRUE,450000
2022-02-10,/apartamentos-venta-piantini/1256459/,2,2.5,2,US$,295000,Tu Casa RD,Piantini, Santo Domingo Centro (D.N.), Santo Domingo,Nueva,140,Residencial,3,TRUE,TRUE,TRUE,FALSE,FALSE,TRUE,TRUE,FALSE,TRUE,295000
2022-02-10,/apartamentos-venta-piantini/1256552/,2,3.5,3,US$,345000,Tu Casa RD,Piantini, Santo Domingo Centro (D.N.), Santo Domingo,Nueva,NA,Residencial,13,TRUE,TRUE,TRUE,FALSE,FALSE,TRUE,TRUE,FALSE,TRUE,345000
2022-02-10,/apartamentos-venta-piantini/1255446/,3,3.5,3,US$,377750,Tu Casa RD,Piantini, Santo Domingo Centro (D.N.), Santo Domingo,Nueva,NA,Residencial,NA,TRUE,TRUE,TRUE,FALSE,TRUE,TRUE,TRUE,FALSE,TRUE,377750
2022-02-10,/apartamentos-venta-piantini/1254666/,3,3.5,3,US$,635000,Tu Casa RD,Piantini, Santo Domingo Centro (D.N.), Santo Domingo,Segundo Uso,375,Residencial,NA,TRUE,TRUE,FALSE,FALSE,FALSE,TRUE,TRUE,FALSE,TRUE,635000
2022-02-10,/apartamentos-venta-piantini/1237843/,3,3.5,4,US$,370000,Tu Casa RD,Piantini, Santo Domingo Centro (D.N.), Santo Domingo,Segundo Uso,210,Residencial,12,FALSE,FALSE,FALSE,FALSE,FALSE,TRUE,FALSE,FALSE,FALSE,370000
2022-02-10,/apartamentos-venta-piantini/1244340/,2,2.5,2,US$,259000,Tu Casa RD,Piantini, Santo Domingo Centro (D.N.), Santo Domingo,Nueva,135,Residencial,7,FALSE,FALSE,TRUE,FALSE,TRUE,FALSE,TRUE,FALSE,TRUE,259000
2022-02-10,/apartamentos-venta-piantini/1251950/,1,1.5,1,US$,130000,Tu Casa RD,Piantini, Santo Domingo Centro (D.N.), Santo Domingo,Nueva,NA,Residencial,NA,FALSE,FALSE,TRUE,FALSE,FALSE,TRUE,FALSE,FALSE,TRUE,130000
2022-02-10,/apartamentos-venta-piantini/1238777/,2,NA,2,US$,260000,Tu Casa RD,Piantini, Santo Domingo Centro (D.N.), Santo Domingo,Nueva,135,Residencial,NA,FALSE,TRUE,FALSE,FALSE,FALSE,TRUE,TRUE,FALSE,TRUE,260000
2022-02-10,/apartamentos-venta-piantini/1246167/,3,3.5,3,US$,600000,Tu Casa RD,Piantini, Santo Domingo Centro (D.N.), Santo Domingo,Segundo Uso,400,Residencial,NA,FALSE,TRUE,TRUE,FALSE,TRUE,TRUE,TRUE,FALSE,TRUE,600000
2022-02-10,/apartamentos-venta-piantini/1259153/,NA,3.5,3,US$,195000,Kensami Bienes Raices ,Piantini, Santo Domingo Centro (D.N.), Santo Domingo,Segundo Uso,167,Residencial,7,TRUE,TRUE,FALSE,TRUE,FALSE,TRUE,FALSE,FALSE,FALSE,195000
2022-02-10,/apartamentos-venta-y-alquiler-piantini/1188344/,3,4,3,US$,410000,SAS INMOBILIARIA ,Piantini, Santo Domingo Centro (D.N.), Santo Domingo,Nueva,380,Residencial,8,TRUE,TRUE,FALSE,TRUE,TRUE,TRUE,TRUE,FALSE,FALSE,410000
2022-02-10,/apartamentos-venta-piantini/1225810/,3,3.5,3,US$,350000,INMOBLIAM,Piantini, Santo Domingo Centro (D.N.), Santo Domingo,Segundo Uso,320,Residencial,2,TRUE,TRUE,FALSE,TRUE,TRUE,TRUE,FALSE,FALSE,FALSE,350000
2022-02-10,/apartamentos-venta-piantini/1218839/,2,1.5,1,US$,141100,Grupo Nin Inmobiliario,Piantini, Santo Domingo Centro (D.N.), Santo Domingo,En Construcción,65,Residencial,3,TRUE,TRUE,TRUE,FALSE,FALSE,TRUE,TRUE,TRUE,TRUE,141100
2022-02-10,/apartamentos-venta-piantini/1257772/,2,2.5,2,US$,300000,Grupo Nin Inmobiliario,Piantini, Santo Domingo Centro (D.N.), Santo Domingo,En Construcción,135,Residencial,2,TRUE,TRUE,FALSE,FALSE,FALSE,FALSE,TRUE,FALSE,FALSE,300000
2022-02-10,/apartamentos-venta-piantini/1257769/,1,1.5,1,US$,192000,Grupo Nin Inmobiliario,Piantini, Santo Domingo Centro (D.N.), Santo Domingo,Nueva,82,Residencial,2,TRUE,FALSE,FALSE,FALSE,TRUE,FALSE,TRUE,TRUE,TRUE,192000
2022-02-10,/apartamentos-venta-piantini/1246008/,3,3.5,3,US$,930000,Premium Real Estate,Piantini, Santo Domingo Centro (D.N.), Santo Domingo,Segundo Uso,380,Residencial,NA,FALSE,TRUE,TRUE,FALSE,TRUE,FALSE,TRUE,FALSE,TRUE,930000
2022-02-10,/apartamentos-venta-piantini/1257181/,2,3.5,3,US$,250000,Inmobiliaria Bevistam,Piantini, Santo Domingo Centro (D.N.), Santo Domingo,Segundo Uso,260,Residencial,2,TRUE,TRUE,FALSE,TRUE,FALSE,TRUE,TRUE,FALSE,FALSE,250000
2022-02-10,/apartamentos-venta-piantini/1255488/,3,3.5,3,US$,550000,Top Side Brokers Realty Group,Piantini, Santo Domingo Centro (D.N.), Santo Domingo,Nueva,272,Residencial,NA,TRUE,TRUE,TRUE,TRUE,TRUE,TRUE,TRUE,FALSE,TRUE,550000
2022-02-10,/apartamentos-venta-piantini/1256826/,3,3,3,US$,828000,Grupo Nin Inmobiliario,Piantini, Santo Domingo Centro (D.N.), Santo Domingo,En Construcción,337,Residencial,2,TRUE,TRUE,TRUE,FALSE,TRUE,TRUE,TRUE,TRUE,TRUE,828000
2022-02-10,/apartamentos-venta-piantini/1250571/,3,3.5,3,US$,387750,Inmobisla,Piantini, Santo Domingo Centro (D.N.), Santo Domingo,Nueva,210,Residencial,13,TRUE,TRUE,TRUE,FALSE,TRUE,TRUE,TRUE,FALSE,TRUE,387750
2022-02-10,/apartamentos-venta-piantini/1256691/,3,3.5,3,US$,650000,Inmobiliaria Bevistam,Piantini, Santo Domingo Centro (D.N.), Santo Domingo,Segundo Uso,510,Residencial,2,TRUE,TRUE,TRUE,TRUE,TRUE,TRUE,TRUE,TRUE,TRUE,650000
2022-02-10,/apartamentos-venta-piantini/1256685/,3,3.5,3,US$,415000,Grupo Nin Inmobiliario,Piantini, Santo Domingo Centro (D.N.), Santo Domingo,En Construcción,200,Residencial,3,TRUE,TRUE,TRUE,FALSE,TRUE,TRUE,TRUE,TRUE,TRUE,415000
2022-02-10,/apartamentos-venta-piantini/1253296/,3,3.5,3,US$,485000,Elite Brokers,Piantini, Santo Domingo Centro (D.N.), Santo Domingo,Nueva,260,N/D,NA,TRUE,TRUE,TRUE,FALSE,FALSE,FALSE,TRUE,FALSE,TRUE,485000
2022-02-10,/apartamentos-venta-y-alquiler-piantini/1252845/,NA,2.5,3,US$,250000,ZM Real Estate,Piantini, Santo Domingo Centro (D.N.), Santo Domingo,Segundo Uso,NA,Residencial,NA,TRUE,TRUE,FALSE,FALSE,FALSE,TRUE,FALSE,FALSE,FALSE,250000
2022-02-10,/apartamentos-venta-piantini/1250804/,NA,3.5,3,US$,625000,Elite Brokers,Piantini, Santo Domingo Centro (D.N.), Santo Domingo,NA,330,Residencial,NA,FALSE,TRUE,TRUE,FALSE,FALSE,FALSE,FALSE,FALSE,TRUE,625000
2022-02-10,/apartamentos-venta-piantini/1205978/,5,3.5,3,US$,555000,HouseLink,Piantini, Santo Domingo Centro (D.N.), Santo Domingo,Nueva,257,Residencial,NA,TRUE,TRUE,TRUE,FALSE,TRUE,TRUE,TRUE,FALSE,TRUE,555000
2022-02-10,/apartamentos-venta-piantini/1247538/,3,3.5,3,US$,375000,Remax Metropolitana,Piantini, Santo Domingo Centro (D.N.), Santo Domingo,Segundo Uso,218,Residencial,5,TRUE,TRUE,FALSE,FALSE,FALSE,FALSE,TRUE,FALSE,TRUE,375000
2022-02-10,/apartamentos-venta-piantini/1249080/,3,3.5,3,US$,530000,Elite Brokers,Piantini, Santo Domingo Centro (D.N.), Santo Domingo,NA,300,Residencial,NA,FALSE,TRUE,FALSE,FALSE,FALSE,FALSE,FALSE,FALSE,FALSE,530000
2022-02-10,/apartamentos-venta-piantini/1245972/,3,3.5,3,US$,560000,Inmobiliaria Vita Home,Piantini, Santo Domingo Centro (D.N.), Santo Domingo,Nueva,280,Residencial,5,TRUE,TRUE,TRUE,TRUE,FALSE,TRUE,TRUE,FALSE,TRUE,560000
2022-02-10,/apartamentos-venta-piantini/1245110/,2,3.5,3,US$,320000,Elite Brokers,Piantini, Santo Domingo Centro (D.N.), Santo Domingo,NA,212,Residencial,NA,TRUE,TRUE,TRUE,FALSE,TRUE,TRUE,TRUE,FALSE,TRUE,320000
2022-02-10,/apartamentos-venta-piantini/1243414/,2,2.5,2,US$,295000,Elite Brokers,Piantini, Santo Domingo Centro (D.N.), Santo Domingo,NA,195,Residencial,NA,TRUE,TRUE,TRUE,FALSE,FALSE,TRUE,FALSE,FALSE,TRUE,295000
2022-02-10,/apartamentos-venta-piantini/1242410/,3,2.5,2,US$,345000,Elite Brokers,Piantini, Santo Domingo Centro (D.N.), Santo Domingo,NA,236,Residencial,11,TRUE,TRUE,TRUE,TRUE,FALSE,TRUE,TRUE,FALSE,TRUE,345000
2022-02-10,/apartamentos-venta-piantini/1242353/,3,4.5,3,US$,399500,Elite Brokers,Piantini, Santo Domingo Centro (D.N.), Santo Domingo,NA,269,Residencial,5,TRUE,TRUE,TRUE,FALSE,FALSE,TRUE,FALSE,FALSE,TRUE,399500
2022-02-10,/apartamentos-venta-piantini/1241235/,3,3.5,3,US$,549000,Elite Brokers,Piantini, Santo Domingo Centro (D.N.), Santo Domingo,Nueva,305,N/D,NA,FALSE,TRUE,TRUE,FALSE,TRUE,TRUE,TRUE,FALSE,TRUE,549000
2022-02-10,/apartamentos-venta-piantini/1240094/,2,3.5,3,US$,340000,Elite Brokers,Piantini, Santo Domingo Centro (D.N.), Santo Domingo,NA,190,Residencial,NA,TRUE,TRUE,TRUE,FALSE,TRUE,FALSE,TRUE,TRUE,TRUE,340000
2022-02-10,/apartamentos-venta-y-alquiler-piantini/1238447/,4,3.5,3,US$,600000,Elite Brokers,Piantini, Santo Domingo Centro (D.N.), Santo Domingo,NA,465,Residencial,8,TRUE,TRUE,FALSE,FALSE,TRUE,TRUE,TRUE,FALSE,TRUE,600000
2022-02-10,/apartamentos-venta-piantini/1223072/,3,3.5,3,US$,550000,Elite Brokers,Piantini, Santo Domingo Centro (D.N.), Santo Domingo,NA,204,Residencial,11,TRUE,TRUE,TRUE,FALSE,FALSE,TRUE,TRUE,TRUE,TRUE,550000
2022-02-10,/apartamentos-venta-piantini/1226588/,NA,NA,NA,US$,145000,Elite Brokers,Piantini, Santo Domingo Centro (D.N.), Santo Domingo,En Planos,NA,Mixto,NA,TRUE,TRUE,TRUE,FALSE,TRUE,TRUE,TRUE,FALSE,TRUE,145000
2022-02-10,/apartamentos-venta-piantini/1208568/,2,1.5,1,US$,205000,New Home Constructora Inmobiliaria,Piantini, Santo Domingo Centro (D.N.), Santo Domingo,Nueva,85,Residencial,NA,TRUE,TRUE,TRUE,FALSE,FALSE,TRUE,TRUE,TRUE,TRUE,205000
2022-02-10,/apartamentos-venta-piantini/1172082/,4,3.5,3,US$,545000,Remax Metropolitana,Piantini, Santo Domingo Centro (D.N.), Santo Domingo,Segundo Uso,383,Residencial,6,TRUE,TRUE,TRUE,TRUE,FALSE,TRUE,TRUE,FALSE,TRUE,545000
