date,id,parking,bathrooms,bedrooms,currency,price,seller,neighborhood,city,province,status,area,usage,story,planta,lift,pool,pozo,terraza,lobby,balcon,jacuzzi,gimnasio,price.usd
2022-01-24,/apartamentos-venta-autopista-duarte/1204414/,1,1,2,RD$,2394000,Vivenzas Real Estate ,Autopista Duarte, Las Colinas Del Oeste Santo Domingo Oeste, Santo Domingo,En Planos,73,Residencial,NA,TRUE,FALSE,TRUE,FALSE,FALSE,FALSE,TRUE,FALSE,FALSE,40923.07692307692
2022-01-24,/apartamentos-venta-autopista-duarte/1267987/,1,2,3,US$,74800,Premium Real Estate,Autopista Duarte, Las Colinas Del Oeste Santo Domingo Oeste, Santo Domingo,En Construcción,90,Residencial,4,FALSE,FALSE,TRUE,FALSE,FALSE,FALSE,FALSE,FALSE,TRUE,74800
2022-01-24,/apartamentos-venta-autopista-duarte/1255582/,2,2.5,3,RD$,4500000,United Group DR,Autopista Duarte, Las Colinas Del Oeste Santo Domingo Oeste, Santo Domingo,Nueva,109,Residencial,4,FALSE,FALSE,FALSE,FALSE,FALSE,FALSE,FALSE,FALSE,FALSE,76923.07692307692
2022-01-24,/apartamentos-venta-autopista-duarte/1267555/,1,2,3,US$,62500,Seekers Inmobiliaria,Autopista Duarte, Las Colinas Del Oeste Santo Domingo Oeste, Santo Domingo,Nueva,84,Residencial,NA,TRUE,FALSE,FALSE,TRUE,TRUE,FALSE,FALSE,FALSE,TRUE,62500
2022-01-24,/apartamentos-venta-autopista-duarte/1256136/,1,2,3,RD$,3280000,Megacasa RD,Autopista Duarte, Las Colinas Del Oeste Santo Domingo Oeste, Santo Domingo,Nueva,84,Residencial,4,TRUE,FALSE,FALSE,FALSE,FALSE,FALSE,TRUE,FALSE,FALSE,56068.37606837607
2022-01-24,/apartamentos-venta-autopista-duarte/1259337/,1,2,2,US$,69445,New Home Constructora Inmobiliaria,Autopista Duarte, Las Colinas Del Oeste Santo Domingo Oeste, Santo Domingo,En Construcción,82,Residencial,NA,FALSE,FALSE,FALSE,FALSE,TRUE,FALSE,TRUE,FALSE,FALSE,69445
2022-01-24,/apartamentos-venta-autopista-duarte/1259344/,1,2,2,US$,51700,New Home Constructora Inmobiliaria,Autopista Duarte, Las Colinas Del Oeste Santo Domingo Oeste, Santo Domingo,En Construcción,75,Residencial,NA,FALSE,FALSE,TRUE,FALSE,TRUE,FALSE,TRUE,FALSE,FALSE,51700
2022-01-24,/apartamentos-venta-autopista-duarte/1259336/,1,2,3,US$,56650,New Home Constructora Inmobiliaria,Autopista Duarte, Las Colinas Del Oeste Santo Domingo Oeste, Santo Domingo,En Construcción,80,Residencial,NA,FALSE,FALSE,TRUE,FALSE,TRUE,FALSE,TRUE,FALSE,TRUE,56650
2022-01-24,/apartamentos-venta-autopista-duarte/1251264/,1,2,2,US$,44000,Remax Metropolitana,Autopista Duarte, Las Colinas Del Oeste Santo Domingo Oeste, Santo Domingo,Nueva,70,Residencial,NA,FALSE,FALSE,FALSE,FALSE,TRUE,FALSE,TRUE,FALSE,FALSE,44000
