date,id,parking,bathrooms,bedrooms,currency,price,seller,neighborhood,city,province,status,area,usage,story,planta,lift,pool,pozo,terraza,lobby,balcon,jacuzzi,gimnasio,price.usd
2022-01-24,/apartamentos-venta-punta-cana-village/1266532/,2,2.5,2,US$,231121,Premium Real Estate,NA,Punta Cana Village, Bávaro,En Planos,124,Residencial,4,TRUE,FALSE,TRUE,FALSE,FALSE,FALSE,TRUE,FALSE,FALSE,231121
2022-01-24,/apartamentos-venta-punta-cana-village/1237243/,2,2,2,US$,252007,Seekers Inmobiliaria,NA,Punta Cana Village, Bávaro,Nueva,136,Residencial,NA,FALSE,TRUE,FALSE,FALSE,FALSE,TRUE,TRUE,FALSE,FALSE,252007
2022-01-24,/apartamentos-venta-punta-cana-village/1237302/,1,1.5,1,US$,151512,Algonovo Real Estate,NA,Punta Cana Village, Bávaro,En Construcción,72,N/D,NA,TRUE,TRUE,TRUE,FALSE,FALSE,TRUE,FALSE,FALSE,TRUE,151512
2022-01-24,/apartamentos-venta-punta-cana-village/1237282/,NA,1.5,1,US$,173166,Algonovo Real Estate,NA,Punta Cana Village, Bávaro,Nueva,98,Residencial,NA,TRUE,TRUE,TRUE,FALSE,FALSE,TRUE,TRUE,FALSE,FALSE,173166
2022-01-24,/apartamentos-venta-punta-cana-village/1268176/,NA,2.5,2,US$,550000,Paez Luxury Real Estate ,NA,Punta Cana Village, Bávaro,Segundo Uso,190,Residencial,NA,TRUE,TRUE,TRUE,TRUE,FALSE,FALSE,TRUE,TRUE,FALSE,550000
2022-01-24,/apartamentos-venta-punta-cana-village/1267837/,1,1.5,1,US$,150000,KEYBROKERS INMOBILIARIA,NA,Punta Cana Village, Bávaro,Segundo Uso,96,Residencial,2,FALSE,TRUE,TRUE,FALSE,FALSE,TRUE,TRUE,FALSE,FALSE,150000
