date,id,parking,bathrooms,bedrooms,currency,price,seller,neighborhood,city,province,status,area,usage,story,planta,lift,pool,pozo,terraza,lobby,balcon,jacuzzi,gimnasio,price.usd
2022-01-24,/apartamentos-venta-el-millon/1262204/,2,2.5,3,US$,182000,Inmobiliaria Inversión Segura RD ,El Millon, Santo Domingo Centro (D.N.), Santo Domingo,En Construcción,142,Residencial,NA,TRUE,TRUE,FALSE,TRUE,TRUE,TRUE,TRUE,FALSE,TRUE,182000
2022-01-24,/apartamentos-venta-el-millon/1266073/,2,2.5,2,US$,131000,Inmobiliaria Inversión Segura RD ,El Millon, Santo Domingo Centro (D.N.), Santo Domingo,En Construcción,94,Residencial,NA,TRUE,TRUE,FALSE,TRUE,TRUE,TRUE,TRUE,FALSE,TRUE,131000
2022-01-24,/apartamentos-venta-el-millon/1268303/,1,2.5,2,US$,140000,Inmobiliaria Inversión Segura RD ,El Millon, Santo Domingo Centro (D.N.), Santo Domingo,Nueva,90,Residencial,4,TRUE,TRUE,FALSE,TRUE,TRUE,TRUE,TRUE,FALSE,FALSE,140000
2022-01-24,/apartamentos-venta-el-millon/1264093/,2,2.5,3,US$,185000,Inmobiliaria Inversión Segura RD ,El Millon, Santo Domingo Centro (D.N.), Santo Domingo,Nueva,137,Residencial,4,TRUE,TRUE,FALSE,FALSE,TRUE,FALSE,TRUE,FALSE,FALSE,185000
2022-01-24,/apartamentos-venta-el-millon/1266966/,2,2.5,3,US$,145000,Inmobiliaria Grupal,El Millon, Santo Domingo Centro (D.N.), Santo Domingo,Nueva,140,Residencial,4,FALSE,FALSE,FALSE,FALSE,FALSE,FALSE,TRUE,FALSE,FALSE,145000
2022-01-24,/apartamentos-venta-el-millon/1263977/,2,2.5,3,RD$,145000,Marco Rivero,El Millon, Santo Domingo Centro (D.N.), Santo Domingo,Nueva,140,Residencial,4,TRUE,FALSE,FALSE,FALSE,TRUE,FALSE,FALSE,FALSE,FALSE,2478.6324786324785
2022-01-24,/apartamentos-venta-el-millon/1266381/,2,3.5,3,US$,185000,Premier Real Estate,El Millon, Santo Domingo Centro (D.N.), Santo Domingo,Nueva,140,Residencial,NA,FALSE,TRUE,FALSE,FALSE,FALSE,FALSE,FALSE,FALSE,TRUE,185000
2022-01-24,/apartamentos-venta-el-millon/1265415/,2,3.5,3,US$,215000,Marco Rivero,El Millon, Santo Domingo Centro (D.N.), Santo Domingo,Nueva,NA,Residencial,NA,TRUE,TRUE,FALSE,FALSE,TRUE,TRUE,FALSE,FALSE,FALSE,215000
2022-01-24,/apartamentos-venta-el-millon/1263950/,2,2.5,3,US$,145000,Marco Rivero,El Millon, Santo Domingo Centro (D.N.), Santo Domingo,Nueva,167,Residencial,NA,TRUE,FALSE,FALSE,TRUE,FALSE,TRUE,TRUE,FALSE,FALSE,145000
2022-01-24,/apartamentos-venta-el-millon/1268337/,2,2.5,3,US$,145000,Marco Rivero,El Millon, Santo Domingo Centro (D.N.), Santo Domingo,Nueva,145,Residencial,4,TRUE,FALSE,FALSE,TRUE,FALSE,TRUE,FALSE,FALSE,FALSE,145000
2022-01-24,/apartamentos-venta-el-millon/1250655/,2,2.5,3,US$,175138,Premium Real Estate,El Millon, Santo Domingo Centro (D.N.), Santo Domingo,En Construcción,142,Residencial,NA,FALSE,FALSE,FALSE,FALSE,FALSE,FALSE,FALSE,FALSE,FALSE,175138
2022-01-24,/apartamentos-venta-el-millon/1263174/,4,6,5,US$,250000,Inmobiliaria Grupal,El Millon, Santo Domingo Centro (D.N.), Santo Domingo,Segundo Uso,400,Residencial,4,FALSE,FALSE,FALSE,FALSE,FALSE,FALSE,TRUE,FALSE,FALSE,250000
2022-01-24,/apartamentos-venta-el-millon/1265076/,2,3.5,3,US$,285000,Vivenzas Real Estate ,El Millon, Santo Domingo Centro (D.N.), Santo Domingo,Nueva,336,Residencial,NA,TRUE,TRUE,FALSE,FALSE,TRUE,TRUE,TRUE,FALSE,FALSE,285000
2022-01-24,/apartamentos-venta-el-millon/1265072/,2,2.5,3,US$,185000,Vivenzas Real Estate ,El Millon, Santo Domingo Centro (D.N.), Santo Domingo,Nueva,137,Residencial,NA,TRUE,TRUE,FALSE,TRUE,TRUE,FALSE,TRUE,FALSE,TRUE,185000
2022-01-24,/apartamentos-venta-el-millon/1267957/,2,2.5,3,US$,190000,CityMax Santo Domingo,El Millon, Santo Domingo Centro (D.N.), Santo Domingo,Nueva,139,Residencial,4,TRUE,TRUE,FALSE,TRUE,FALSE,FALSE,TRUE,FALSE,FALSE,190000
2022-01-24,/apartamentos-venta-el-millon/1256176/,2,2.5,3,US$,145000,Marco Rivero,El Millon, Santo Domingo Centro (D.N.), Santo Domingo,Nueva,142,Residencial,NA,TRUE,FALSE,FALSE,TRUE,FALSE,TRUE,TRUE,FALSE,FALSE,145000
2022-01-24,/apartamentos-venta-el-millon/1268305/,2,2.5,3,US$,145000,Marco Rivero,El Millon, Santo Domingo Centro (D.N.), Santo Domingo,Nueva,145,Residencial,4,TRUE,FALSE,FALSE,TRUE,FALSE,TRUE,FALSE,FALSE,FALSE,145000
2022-01-24,/apartamentos-venta-el-millon/1268339/,2,2.5,3,US$,145000,Marco Rivero,El Millon, Santo Domingo Centro (D.N.), Santo Domingo,Nueva,145,Residencial,NA,TRUE,FALSE,FALSE,TRUE,FALSE,TRUE,FALSE,FALSE,FALSE,145000
2022-01-24,/apartamentos-venta-el-millon/1266862/,2,2.5,3,US$,145000,Inmobiliaria Grupal,El Millon, Santo Domingo Centro (D.N.), Santo Domingo,Nueva,140,Residencial,4,FALSE,FALSE,FALSE,TRUE,FALSE,TRUE,FALSE,FALSE,FALSE,145000
2022-01-24,/apartamentos-venta-el-millon/1249871/,2,3.5,3,US$,202000,Inmobiliaria Grupal,El Millon, Santo Domingo Centro (D.N.), Santo Domingo,Nueva,170,Residencial,2,TRUE,TRUE,FALSE,FALSE,FALSE,TRUE,TRUE,FALSE,FALSE,202000
2022-01-24,/apartamentos-venta-el-millon/1262757/,2,2.5,3,US$,182143,Seekers Inmobiliaria,El Millon, Santo Domingo Centro (D.N.), Santo Domingo,En Construcción,140,Residencial,NA,FALSE,TRUE,FALSE,FALSE,FALSE,TRUE,TRUE,FALSE,FALSE,182143
2022-01-24,/apartamentos-venta-el-millon/1262400/,2,2.5,3,US$,158000,Inmobiliaria Grupal,El Millon, Santo Domingo Centro (D.N.), Santo Domingo,Segundo Uso,146,Residencial,3,FALSE,TRUE,FALSE,FALSE,FALSE,FALSE,TRUE,FALSE,FALSE,158000
2022-01-24,/apartamentos-venta-el-millon/1266954/,1,2.5,2,US$,156450,Seekers Inmobiliaria,El Millon, Santo Domingo Centro (D.N.), Santo Domingo,En Construcción,102,Residencial,NA,FALSE,TRUE,FALSE,FALSE,FALSE,TRUE,FALSE,FALSE,FALSE,156450
2022-01-24,/apartamentos-venta-el-millon/1264977/,1,1.5,1,US$,115000,Mudate,El Millon, Santo Domingo Centro (D.N.), Santo Domingo,Nueva,54,Residencial,NA,FALSE,FALSE,FALSE,FALSE,FALSE,FALSE,FALSE,FALSE,FALSE,115000
2022-01-24,/apartamentos-venta-el-millon/1263736/,2,2.5,3,US$,150400,Mudate,El Millon, Santo Domingo Centro (D.N.), Santo Domingo,Nueva,141,Residencial,NA,FALSE,FALSE,FALSE,FALSE,FALSE,FALSE,FALSE,FALSE,FALSE,150400
2022-01-24,/apartamentos-venta-el-millon/1263649/,2,2.5,3,US$,165000,Mudate,El Millon, Santo Domingo Centro (D.N.), Santo Domingo,Nueva,175,Residencial,NA,FALSE,FALSE,FALSE,FALSE,FALSE,FALSE,FALSE,FALSE,FALSE,165000
2022-01-24,/apartamentos-venta-el-millon/1262515/,3,3.5,3,US$,210000,Mudate,El Millon, Santo Domingo Centro (D.N.), Santo Domingo,Nueva,162,Residencial,NA,FALSE,FALSE,FALSE,FALSE,FALSE,FALSE,FALSE,FALSE,FALSE,210000
2022-01-24,/apartamentos-venta-el-millon/1262527/,2,3.5,3,US$,215000,Mudate,El Millon, Santo Domingo Centro (D.N.), Santo Domingo,Nueva,150,Residencial,NA,FALSE,FALSE,FALSE,FALSE,FALSE,FALSE,FALSE,FALSE,FALSE,215000
2022-01-24,/apartamentos-venta-el-millon/1246966/,3,3.5,3,US$,365000,Mudate,El Millon, Santo Domingo Centro (D.N.), Santo Domingo,Nueva,96,Residencial,NA,FALSE,FALSE,FALSE,FALSE,FALSE,FALSE,FALSE,FALSE,FALSE,365000
2022-01-24,/apartamentos-venta-el-millon/1242703/,4,4.5,4,US$,250000,Mudate,El Millon, Santo Domingo Centro (D.N.), Santo Domingo,Segundo Uso,400,Residencial,NA,FALSE,FALSE,FALSE,FALSE,FALSE,FALSE,FALSE,FALSE,FALSE,250000
2022-01-24,/apartamentos-venta-el-millon/1267639/,2,2.5,3,US$,145000,Mis Casas RD,El Millon, Santo Domingo Centro (D.N.), Santo Domingo,Nueva,140,Residencial,4,FALSE,FALSE,FALSE,FALSE,FALSE,TRUE,FALSE,FALSE,FALSE,145000
2022-01-24,/apartamentos-venta-el-millon/1264202/,2,2.5,3,US$,195000,Mis Casas RD,El Millon, Santo Domingo Centro (D.N.), Santo Domingo,Segundo Uso,204,Residencial,4,FALSE,TRUE,FALSE,FALSE,FALSE,FALSE,TRUE,FALSE,FALSE,195000
2022-01-24,/apartamentos-venta-el-millon/1267740/,2,2.5,3,US$,185000,Maravilla Properties,El Millon, Santo Domingo Centro (D.N.), Santo Domingo,Nueva,125,Residencial,4,TRUE,TRUE,FALSE,FALSE,FALSE,TRUE,TRUE,FALSE,FALSE,185000
2022-01-24,/apartamentos-venta-el-millon/1267344/,2,2.5,3,US$,145000,Inmobiliaria Grupal,El Millon, Santo Domingo Centro (D.N.), Santo Domingo,Nueva,140,Residencial,4,FALSE,FALSE,FALSE,FALSE,FALSE,TRUE,FALSE,FALSE,FALSE,145000
2022-01-24,/apartamentos-venta-el-millon/1261665/,NA,NA,NA,US$,325800,Inmobiliaria Grupal,El Millon, Santo Domingo Centro (D.N.), Santo Domingo,Segundo Uso,NA,Residencial,NA,FALSE,FALSE,FALSE,FALSE,FALSE,FALSE,FALSE,FALSE,FALSE,325800
2022-01-24,/apartamentos-venta-el-millon/1261670/,NA,NA,NA,US$,85000,Inmobiliaria Grupal,El Millon, Santo Domingo Centro (D.N.), Santo Domingo,Nueva,NA,Residencial,NA,TRUE,TRUE,FALSE,FALSE,FALSE,TRUE,FALSE,FALSE,FALSE,85000
2022-01-24,/apartamentos-venta-el-millon/1265555/,1,1.5,1,US$,115000,Inmobiliaria Grupal,El Millon, Santo Domingo Centro (D.N.), Santo Domingo,Nueva,66,Residencial,4,TRUE,TRUE,FALSE,TRUE,FALSE,TRUE,FALSE,FALSE,FALSE,115000
2022-01-24,/apartamentos-venta-el-millon/1265638/,2,2,3,US$,185000,Inmobiliaria Grupal,El Millon, Santo Domingo Centro (D.N.), Santo Domingo,En Construcción,NA,Residencial,NA,TRUE,TRUE,FALSE,FALSE,FALSE,FALSE,FALSE,FALSE,FALSE,185000
2022-01-24,/apartamentos-venta-el-millon/1266849/,1,2.5,2,US$,127040,Inmobiliaria Grupal,El Millon, Santo Domingo Centro (D.N.), Santo Domingo,Nueva,96,Residencial,NA,TRUE,TRUE,FALSE,TRUE,TRUE,FALSE,TRUE,FALSE,FALSE,127040
2022-01-24,/apartamentos-venta-el-millon/1266845/,2,2.5,3,US$,145000,Inmobiliaria Grupal,El Millon, Santo Domingo Centro (D.N.), Santo Domingo,Nueva,140,Residencial,4,FALSE,FALSE,FALSE,FALSE,FALSE,FALSE,TRUE,FALSE,FALSE,145000
2022-01-24,/apartamentos-venta-el-millon/1265637/,1,1,1,US$,85000,Inmobiliaria Grupal,El Millon, Santo Domingo Centro (D.N.), Santo Domingo,En Construcción,NA,Residencial,NA,TRUE,TRUE,FALSE,TRUE,FALSE,TRUE,FALSE,TRUE,FALSE,85000
2022-01-24,/apartamentos-venta-el-millon/1267497/,1,1,1,US$,80000,Inmobiliaria Grupal,El Millon, Santo Domingo Centro (D.N.), Santo Domingo,En Construcción,48,Residencial,3,TRUE,TRUE,FALSE,TRUE,TRUE,TRUE,FALSE,FALSE,FALSE,80000
2022-01-24,/apartamentos-venta-el-millon/1267083/,2,2.5,3,US$,145000,Inmobiliaria Grupal,El Millon, Santo Domingo Centro (D.N.), Santo Domingo,Nueva,140,Residencial,4,FALSE,FALSE,FALSE,FALSE,FALSE,FALSE,FALSE,FALSE,FALSE,145000
2022-01-24,/apartamentos-venta-el-millon/1266897/,2,3,3,US$,210000,Inmobiliaria Grupal,El Millon, Santo Domingo Centro (D.N.), Santo Domingo,Segundo Uso,190,Residencial,4,FALSE,FALSE,FALSE,FALSE,TRUE,FALSE,TRUE,FALSE,FALSE,210000
2022-01-24,/apartamentos-venta-el-millon/1263046/,2,3.5,3,US$,230000,Inmobiliaria Grupal,El Millon, Santo Domingo Centro (D.N.), Santo Domingo,Segundo Uso,280,Residencial,2,TRUE,FALSE,FALSE,TRUE,FALSE,FALSE,TRUE,FALSE,FALSE,230000
2022-01-24,/apartamentos-venta-y-alquiler-el-millon/1267778/,2,3.5,3,US$,225000,Estrella Inmobiliaria ,El Millon, Santo Domingo Centro (D.N.), Santo Domingo,Segundo Uso,200,N/D,3,TRUE,TRUE,FALSE,FALSE,FALSE,TRUE,TRUE,FALSE,TRUE,225000
2022-01-24,/apartamentos-venta-el-millon/1231919/,3,3.5,3,US$,221000,Top International Realty,El Millon, Santo Domingo Centro (D.N.), Santo Domingo,Nueva,217,Residencial,2,TRUE,TRUE,FALSE,TRUE,TRUE,TRUE,FALSE,TRUE,TRUE,221000
2022-01-24,/apartamentos-venta-el-millon/1232926/,2,3.5,3,US$,320000,Top International Realty,El Millon, Santo Domingo Centro (D.N.), Santo Domingo,Nueva,199,Residencial,3,TRUE,TRUE,FALSE,TRUE,FALSE,TRUE,TRUE,TRUE,TRUE,320000
2022-01-24,/apartamentos-venta-el-millon/1251598/,2,2.5,3,US$,182200,Top International Realty,El Millon, Santo Domingo Centro (D.N.), Santo Domingo,Nueva,142,Residencial,3,TRUE,TRUE,FALSE,TRUE,FALSE,TRUE,TRUE,FALSE,TRUE,182200
2022-01-24,/apartamentos-venta-el-millon/1239424/,2,2.5,3,US$,189000,Top International Realty,El Millon, Santo Domingo Centro (D.N.), Santo Domingo,Nueva,141,Residencial,3,FALSE,FALSE,FALSE,TRUE,TRUE,TRUE,TRUE,FALSE,FALSE,189000
2022-01-24,/apartamentos-venta-el-millon/1242038/,2,2.5,3,US$,195000,Top International Realty,El Millon, Santo Domingo Centro (D.N.), Santo Domingo,Nueva,137,Residencial,5,TRUE,TRUE,FALSE,FALSE,FALSE,FALSE,TRUE,FALSE,TRUE,195000
2022-01-24,/apartamentos-venta-el-millon/1242032/,2,2.5,3,US$,195000,Top International Realty,El Millon, Santo Domingo Centro (D.N.), Santo Domingo,Nueva,137,Residencial,4,TRUE,TRUE,FALSE,TRUE,FALSE,FALSE,TRUE,FALSE,TRUE,195000
2022-01-24,/apartamentos-venta-el-millon/1268007/,2,2.5,3,US$,190000,CityMax Santo Domingo,El Millon, Santo Domingo Centro (D.N.), Santo Domingo,Nueva,165,Residencial,6,TRUE,TRUE,FALSE,FALSE,TRUE,FALSE,TRUE,FALSE,TRUE,190000
2022-01-24,/apartamentos-venta-el-millon/1258303/,NA,NA,NA,US$,230000,Inmobiliaria Grupal,El Millon, Santo Domingo Centro (D.N.), Santo Domingo,Segundo Uso,280,Residencial,NA,FALSE,FALSE,FALSE,FALSE,FALSE,FALSE,TRUE,TRUE,FALSE,230000
2022-01-24,/apartamentos-venta-el-millon/1266153/,NA,2.5,3,US$,165600,United Group DR,El Millon, Santo Domingo Centro (D.N.), Santo Domingo,En Construcción,137,Residencial,2,FALSE,FALSE,FALSE,FALSE,FALSE,FALSE,FALSE,FALSE,FALSE,165600
2022-01-24,/apartamentos-venta-el-millon/1266160/,NA,NA,NA,US$,162600,United Group DR,El Millon, Santo Domingo Centro (D.N.), Santo Domingo,En Construcción,136,Residencial,NA,FALSE,FALSE,FALSE,FALSE,FALSE,FALSE,FALSE,FALSE,FALSE,162600
2022-01-24,/apartamentos-venta-el-millon/1253624/,3,3.5,3,US$,365000,United Group DR,El Millon, Santo Domingo Centro (D.N.), Santo Domingo,Nueva,248,Residencial,NA,FALSE,FALSE,FALSE,FALSE,FALSE,FALSE,FALSE,FALSE,FALSE,365000
2022-01-24,/apartamentos-venta-el-millon/1253620/,NA,3.5,3,US$,325000,United Group DR,El Millon, Santo Domingo Centro (D.N.), Santo Domingo,Nueva,285,Residencial,6,FALSE,FALSE,FALSE,FALSE,FALSE,FALSE,FALSE,FALSE,FALSE,325000
2022-01-24,/apartamentos-venta-el-millon/1243610/,NA,NA,3,US$,185000,United Group DR,El Millon, Santo Domingo Centro (D.N.), Santo Domingo,En Construcción,132,Residencial,NA,FALSE,FALSE,FALSE,FALSE,TRUE,FALSE,FALSE,FALSE,FALSE,185000
2022-01-24,/apartamentos-venta-el-millon/1267168/,2,2.5,2,US$,150000,Inmobiliaria Grupal,El Millon, Santo Domingo Centro (D.N.), Santo Domingo,Nueva,145,Residencial,6,FALSE,TRUE,FALSE,FALSE,FALSE,TRUE,TRUE,FALSE,TRUE,150000
2022-01-24,/apartamentos-venta-el-millon/1250826/,2,2,2,US$,127000,Inmobiliaria Grupal,El Millon, Santo Domingo Centro (D.N.), Santo Domingo,En Construcción,96,Residencial,2,TRUE,TRUE,FALSE,TRUE,TRUE,FALSE,TRUE,FALSE,FALSE,127000
2022-01-24,/apartamentos-venta-el-millon/1250892/,2,2,3,US$,158800,Inmobiliaria Grupal,El Millon, Santo Domingo Centro (D.N.), Santo Domingo,En Construcción,124,Residencial,NA,FALSE,TRUE,FALSE,TRUE,FALSE,TRUE,TRUE,FALSE,TRUE,158800
2022-01-24,/apartamentos-venta-el-millon/1267115/,2,2.5,3,US$,145000,Habitame Inmobiliaria,El Millon, Santo Domingo Centro (D.N.), Santo Domingo,Nueva,140,Residencial,NA,FALSE,FALSE,FALSE,FALSE,FALSE,FALSE,FALSE,FALSE,FALSE,145000
2022-01-24,/apartamentos-venta-el-millon/1256288/,2,3.5,3,US$,220500,Algonovo Real Estate,El Millon, Santo Domingo Centro (D.N.), Santo Domingo,En Construcción,147,Residencial,2,TRUE,TRUE,FALSE,FALSE,TRUE,TRUE,TRUE,FALSE,FALSE,220500
2022-01-24,/apartamentos-venta-el-millon/1256284/,1,2.5,2,US$,156450,Algonovo Real Estate,El Millon, Santo Domingo Centro (D.N.), Santo Domingo,En Construcción,101,Residencial,2,TRUE,TRUE,FALSE,FALSE,TRUE,TRUE,TRUE,FALSE,FALSE,156450
2022-01-24,/apartamentos-venta-el-millon/1268194/,2,2.5,2,US$,140000,Inmobiliaria Grupal,El Millon, Santo Domingo Centro (D.N.), Santo Domingo,En Construcción,90,Residencial,4,TRUE,TRUE,FALSE,FALSE,FALSE,FALSE,TRUE,FALSE,FALSE,140000
2022-01-24,/apartamentos-venta-el-millon/1248581/,2,4.5,3,US$,235000,Inmobiliaria Grupal,El Millon, Santo Domingo Centro (D.N.), Santo Domingo,Nueva,234,Residencial,4,TRUE,TRUE,FALSE,TRUE,FALSE,TRUE,TRUE,FALSE,TRUE,235000
2022-01-24,/apartamentos-venta-el-millon/1264405/,2,3.5,3,US$,190000,Víctor García Asesor Inmobiliario,El Millon, Santo Domingo Centro (D.N.), Santo Domingo,Nueva,153,Residencial,7,TRUE,TRUE,FALSE,FALSE,FALSE,TRUE,TRUE,FALSE,TRUE,190000
2022-01-24,/apartamentos-venta-el-millon/1264421/,2,3.5,3,RD$,190000,Víctor García Asesor Inmobiliario,El Millon, Santo Domingo Centro (D.N.), Santo Domingo,Nueva,153,Residencial,7,TRUE,TRUE,FALSE,TRUE,FALSE,TRUE,TRUE,FALSE,TRUE,3247.863247863248
2022-01-24,/apartamentos-venta-el-millon/1265977/,2,2.5,2,US$,167000,Víctor García Asesor Inmobiliario,El Millon, Santo Domingo Centro (D.N.), Santo Domingo,En Construcción,90,Residencial,5,TRUE,FALSE,FALSE,TRUE,TRUE,TRUE,TRUE,FALSE,TRUE,167000
2022-01-24,/apartamentos-venta-el-millon/1265972/,1,2.5,2,US$,147000,Víctor García Asesor Inmobiliario,El Millon, Santo Domingo Centro (D.N.), Santo Domingo,En Planos,83,Residencial,4,TRUE,TRUE,FALSE,TRUE,TRUE,TRUE,TRUE,FALSE,TRUE,147000
2022-01-24,/apartamentos-venta-el-millon/1253004/,2,3.5,3,US$,202000,Víctor García Asesor Inmobiliario,El Millon, Santo Domingo Centro (D.N.), Santo Domingo,Nueva,170,Residencial,2,TRUE,TRUE,FALSE,TRUE,FALSE,TRUE,TRUE,FALSE,FALSE,202000
2022-01-24,/apartamentos-venta-el-millon/1266938/,NA,NA,NA,US$,145000,Inmobiliaria Grupal,El Millon, Santo Domingo Centro (D.N.), Santo Domingo,Nueva,NA,Residencial,NA,FALSE,FALSE,FALSE,FALSE,FALSE,FALSE,TRUE,FALSE,FALSE,145000
2022-01-24,/apartamentos-venta-el-millon/1265786/,NA,NA,NA,US$,270000,Inmobiliaria Grupal,El Millon, Santo Domingo Centro (D.N.), Santo Domingo,Segundo Uso,320,Residencial,NA,FALSE,FALSE,FALSE,FALSE,FALSE,FALSE,FALSE,FALSE,FALSE,270000
2022-01-24,/apartamentos-venta-el-millon/1265769/,NA,NA,NA,US$,202000,Inmobiliaria Grupal,El Millon, Santo Domingo Centro (D.N.), Santo Domingo,Nueva,170,Residencial,NA,FALSE,FALSE,FALSE,FALSE,FALSE,FALSE,FALSE,FALSE,FALSE,202000
2022-01-24,/apartamentos-venta-el-millon/1265783/,NA,NA,NA,US$,230000,Inmobiliaria Grupal,El Millon, Santo Domingo Centro (D.N.), Santo Domingo,Segundo Uso,NA,Residencial,NA,FALSE,FALSE,FALSE,FALSE,FALSE,FALSE,FALSE,FALSE,FALSE,230000
2022-01-24,/apartamentos-venta-el-millon/1267775/,2,2.5,3,US$,190000,Estrella Inmobiliaria ,El Millon, Santo Domingo Centro (D.N.), Santo Domingo,Segundo Uso,160,Residencial,4,TRUE,TRUE,FALSE,FALSE,FALSE,TRUE,TRUE,FALSE,TRUE,190000
2022-01-24,/apartamentos-venta-el-millon/1268135/,2,4.5,3,US$,245000,Isidro Frometa,El Millon, Santo Domingo Centro (D.N.), Santo Domingo,Segundo Uso,230,Residencial,8,TRUE,TRUE,FALSE,TRUE,FALSE,TRUE,TRUE,FALSE,TRUE,245000
2022-01-24,/apartamentos-venta-el-millon/1268109/,2,2,3,US$,7900000,Inmobiliaria Bevistam,El Millon, Santo Domingo Centro (D.N.), Santo Domingo,Segundo Uso,149,Residencial,1,FALSE,FALSE,FALSE,FALSE,FALSE,FALSE,FALSE,FALSE,FALSE,7900000
2022-01-24,/apartamentos-venta-el-millon/1254567/,2,2.5,2,US$,170000,Bonillamultiservice,El Millon, Santo Domingo Centro (D.N.), Santo Domingo,Nueva,116,Residencial,NA,TRUE,TRUE,FALSE,FALSE,TRUE,FALSE,TRUE,FALSE,FALSE,170000
2022-01-24,/apartamentos-venta-el-millon/1253056/,2,3.5,3,US$,217400,Algonovo Real Estate,El Millon, Santo Domingo Centro (D.N.), Santo Domingo,Nueva,152,Residencial,6,FALSE,TRUE,FALSE,FALSE,TRUE,TRUE,TRUE,TRUE,TRUE,217400
2022-01-24,/apartamentos-venta-el-millon/1252220/,1,2.5,2,US$,127040,Algonovo Real Estate,El Millon, Santo Domingo Centro (D.N.), Santo Domingo,Nueva,97,Residencial,NA,FALSE,TRUE,FALSE,FALSE,TRUE,FALSE,FALSE,FALSE,FALSE,127040
2022-01-24,/apartamentos-venta-el-millon/1265013/,2,3.5,3,US$,185000,Mr. Home Asesores Inmobiliarios,El Millon, Santo Domingo Centro (D.N.), Santo Domingo,NA,NA,Residencial,NA,TRUE,TRUE,FALSE,FALSE,TRUE,TRUE,FALSE,FALSE,FALSE,185000
2022-01-24,/apartamentos-venta-el-millon/1265010/,3,3.5,16,US$,210000,Mr. Home Asesores Inmobiliarios,El Millon, Santo Domingo Centro (D.N.), Santo Domingo,NA,162,Residencial,NA,TRUE,TRUE,FALSE,FALSE,TRUE,FALSE,FALSE,TRUE,TRUE,210000
2022-01-24,/apartamentos-venta-el-millon/1265857/,2,3.5,3,US$,185000,Mr. Home Asesores Inmobiliarios,El Millon, Santo Domingo Centro (D.N.), Santo Domingo,NA,132,Residencial,NA,FALSE,FALSE,FALSE,FALSE,FALSE,FALSE,FALSE,FALSE,FALSE,185000
2022-01-24,/apartamentos-venta-el-millon/1265856/,3,3,3,US$,225000,Mr. Home Asesores Inmobiliarios,El Millon, Santo Domingo Centro (D.N.), Santo Domingo,NA,190,Residencial,NA,FALSE,FALSE,FALSE,FALSE,FALSE,FALSE,TRUE,FALSE,FALSE,225000
2022-01-24,/apartamentos-venta-el-millon/1261338/,2,2.5,3,US$,148000,Mr. Home Asesores Inmobiliarios,El Millon, Santo Domingo Centro (D.N.), Santo Domingo,NA,155,Residencial,NA,TRUE,FALSE,FALSE,FALSE,FALSE,FALSE,FALSE,FALSE,FALSE,148000
2022-01-24,/apartamentos-venta-el-millon/1261322/,2,2,2,RD$,8000000,Mr. Home Asesores Inmobiliarios,El Millon, Santo Domingo Centro (D.N.), Santo Domingo,NA,150,Residencial,NA,TRUE,TRUE,FALSE,FALSE,FALSE,FALSE,FALSE,FALSE,FALSE,136752.13675213675
2022-01-24,/apartamentos-venta-el-millon/1261318/,2,2.5,2,US$,121540,Mr. Home Asesores Inmobiliarios,El Millon, Santo Domingo Centro (D.N.), Santo Domingo,NA,NA,Residencial,NA,FALSE,TRUE,FALSE,FALSE,TRUE,TRUE,FALSE,FALSE,FALSE,121540
2022-01-24,/apartamentos-venta-el-millon/1252546/,2,2.5,2,US$,142000,Mr. Home Asesores Inmobiliarios,El Millon, Santo Domingo Centro (D.N.), Santo Domingo,Nueva,NA,Residencial,NA,TRUE,TRUE,FALSE,FALSE,TRUE,TRUE,FALSE,FALSE,FALSE,142000
2022-01-24,/apartamentos-venta-el-millon/1234971/,2,3.5,3,US$,250000,Mr. Home Asesores Inmobiliarios,El Millon, Santo Domingo Centro (D.N.), Santo Domingo,NA,227,Residencial,NA,TRUE,FALSE,FALSE,FALSE,FALSE,TRUE,FALSE,FALSE,FALSE,250000
2022-01-24,/apartamentos-venta-el-millon/1247732/,2,2,2,US$,128380,Mr. Home Asesores Inmobiliarios,El Millon, Santo Domingo Centro (D.N.), Santo Domingo,NA,97,Residencial,NA,FALSE,FALSE,FALSE,FALSE,FALSE,TRUE,FALSE,FALSE,TRUE,128380
2022-01-24,/apartamentos-venta-el-millon/1256819/,2,2.5,3,US$,165000,Mr. Home Asesores Inmobiliarios,El Millon, Santo Domingo Centro (D.N.), Santo Domingo,NA,182,Residencial,NA,TRUE,TRUE,FALSE,FALSE,FALSE,TRUE,FALSE,FALSE,FALSE,165000
2022-01-24,/apartamentos-venta-el-millon/1260227/,1,2,2,US$,156450,Inmobiliaria Grupo DYZ,El Millon, Santo Domingo Centro (D.N.), Santo Domingo,En Construcción,102,Residencial,4,FALSE,TRUE,FALSE,FALSE,FALSE,TRUE,TRUE,FALSE,FALSE,156450
2022-01-24,/apartamentos-venta-el-millon/1259506/,2,2.5,3,US$,203000,Inmobiliaria Grupo DYZ,El Millon, Santo Domingo Centro (D.N.), Santo Domingo,Nueva,170000,Residencial,2,TRUE,TRUE,FALSE,FALSE,TRUE,TRUE,TRUE,FALSE,FALSE,203000
2022-01-24,/apartamentos-venta-el-millon/1258990/,2,3.5,3,US$,220500,Inmobiliaria Grupo DYZ,El Millon, Santo Domingo Centro (D.N.), Santo Domingo,En Construcción,147,Residencial,2,TRUE,TRUE,FALSE,FALSE,FALSE,TRUE,TRUE,FALSE,FALSE,220500
2022-01-24,/apartamentos-venta-el-millon/1235815/,2,2,2,US$,135800,Remax Blu,El Millon, Santo Domingo Centro (D.N.), Santo Domingo,En Construcción,124,Residencial,3,TRUE,TRUE,FALSE,FALSE,TRUE,FALSE,TRUE,FALSE,TRUE,135800
2022-01-24,/apartamentos-venta-el-millon/1264005/,1,2,3,RD$,6300000,Borbón Rodríguez,El Millon, Santo Domingo Centro (D.N.), Santo Domingo,Segundo Uso,130,Residencial,4,FALSE,FALSE,FALSE,FALSE,FALSE,FALSE,TRUE,FALSE,FALSE,107692.30769230769
2022-01-24,/apartamentos-venta-el-millon/1243226/,2,2.5,2,US$,156849,Ginebra Realty Group,El Millon, Santo Domingo Centro (D.N.), Santo Domingo,En Construcción,136,Residencial,2,TRUE,TRUE,FALSE,FALSE,FALSE,TRUE,TRUE,FALSE,TRUE,156849
2022-01-24,/apartamentos-venta-el-millon/1257936/,1,1.5,1,US$,98000,Ginebra Realty Group,El Millon, Santo Domingo Centro (D.N.), Santo Domingo,Nueva,61,Residencial,NA,TRUE,TRUE,FALSE,FALSE,FALSE,FALSE,TRUE,FALSE,TRUE,98000
2022-01-24,/apartamentos-venta-el-millon/1257933/,2,3.5,3,US$,185000,Ginebra Realty Group,El Millon, Santo Domingo Centro (D.N.), Santo Domingo,Nueva,129,Residencial,2,TRUE,FALSE,FALSE,FALSE,FALSE,TRUE,TRUE,FALSE,TRUE,185000
2022-01-24,/apartamentos-venta-el-millon/1264675/,2,2.5,3,US$,182143,Habitame Inmobiliaria,El Millon, Santo Domingo Centro (D.N.), Santo Domingo,En Construcción,140,Residencial,NA,TRUE,TRUE,FALSE,FALSE,FALSE,TRUE,TRUE,FALSE,FALSE,182143
2022-01-24,/apartamentos-venta-y-alquiler-el-millon/1265967/,2,2.5,3,US$,235000,Estrella Inmobiliaria ,El Millon, Santo Domingo Centro (D.N.), Santo Domingo,Nueva,170,N/D,2,TRUE,TRUE,FALSE,FALSE,TRUE,TRUE,TRUE,FALSE,FALSE,235000
2022-01-24,/apartamentos-venta-el-millon/1267781/,1,1.5,1,US$,135000,Estrella Inmobiliaria ,El Millon, Santo Domingo Centro (D.N.), Santo Domingo,Nueva,102,N/D,2,TRUE,TRUE,FALSE,FALSE,FALSE,TRUE,TRUE,FALSE,TRUE,135000
2022-01-24,/apartamentos-venta-el-millon/1261486/,1,2.5,2,US$,127400,BELFER INNOVARTHOMERD,El Millon, Santo Domingo Centro (D.N.), Santo Domingo,En Construcción,97,Residencial,2,FALSE,TRUE,FALSE,FALSE,FALSE,FALSE,TRUE,FALSE,FALSE,127400
2022-01-24,/apartamentos-venta-el-millon/1266370/,2,2.5,3,US$,165000,Home Master SRL,El Millon, Santo Domingo Centro (D.N.), Santo Domingo,Segundo Uso,144,Residencial,2,FALSE,FALSE,FALSE,FALSE,FALSE,FALSE,TRUE,FALSE,FALSE,165000
2022-01-24,/apartamentos-venta-el-millon/1264079/,2,2.5,2,RD$,165000,Best Team Inmobiliaria ,El Millon, Santo Domingo Centro (D.N.), Santo Domingo,Segundo Uso,144,Residencial,2,TRUE,TRUE,FALSE,TRUE,FALSE,FALSE,TRUE,FALSE,FALSE,2820.5128205128203
2022-01-24,/apartamentos-venta-el-millon/1233375/,2,2.5,3,US$,229000,Remax Blu,El Millon, Santo Domingo Centro (D.N.), Santo Domingo,Nueva,NA,Residencial,5,TRUE,TRUE,FALSE,FALSE,FALSE,TRUE,TRUE,TRUE,FALSE,229000
2022-01-24,/apartamentos-venta-el-millon/1267506/,NA,2.5,2,US$,156450,Seekers Inmobiliaria,El Millon, Santo Domingo Centro (D.N.), Santo Domingo,En Construcción,102,Residencial,NA,FALSE,FALSE,FALSE,TRUE,FALSE,TRUE,TRUE,FALSE,FALSE,156450
2022-01-24,/apartamentos-venta-el-millon/1267085/,2,NA,NA,US$,195000,Remax Blu,El Millon, Santo Domingo Centro (D.N.), Santo Domingo,Segundo Uso,156,Residencial,3,TRUE,TRUE,FALSE,FALSE,FALSE,TRUE,TRUE,FALSE,TRUE,195000
2022-01-24,/apartamentos-venta-el-millon/1266818/,2,3.5,3,US$,195000,Remax Blu,El Millon, Santo Domingo Centro (D.N.), Santo Domingo,Segundo Uso,156,Residencial,3,TRUE,TRUE,FALSE,FALSE,FALSE,FALSE,TRUE,FALSE,TRUE,195000
2022-01-24,/apartamentos-venta-el-millon/1246183/,2,2.5,3,US$,161235,Seekers Inmobiliaria,El Millon, Santo Domingo Centro (D.N.), Santo Domingo,En Construcción,137,Residencial,3,TRUE,TRUE,FALSE,TRUE,FALSE,TRUE,TRUE,FALSE,TRUE,161235
2022-01-24,/apartamentos-venta-el-millon/1267283/,2,2.5,3,US$,165000,X-TRIBA Inmobiliaria,El Millon, Santo Domingo Centro (D.N.), Santo Domingo,Segundo Uso,144,Residencial,2,FALSE,FALSE,FALSE,FALSE,FALSE,FALSE,TRUE,FALSE,FALSE,165000
2022-01-24,/apartamentos-venta-el-millon/1267146/,2,2.5,3,US$,155000,Tu Casa RD,El Millon, Santo Domingo Centro (D.N.), Santo Domingo,Nueva,165,Residencial,3,TRUE,TRUE,FALSE,FALSE,FALSE,FALSE,TRUE,FALSE,FALSE,155000
2022-01-24,/apartamentos-venta-el-millon/1266980/,1,2.5,2,US$,156450,Seekers Inmobiliaria,El Millon, Santo Domingo Centro (D.N.), Santo Domingo,En Construcción,102,Residencial,4,TRUE,TRUE,FALSE,FALSE,FALSE,TRUE,TRUE,FALSE,FALSE,156450
2022-01-24,/apartamentos-venta-el-millon/1266904/,1,2.5,2,US$,162750,Seekers Inmobiliaria,El Millon, Santo Domingo Centro (D.N.), Santo Domingo,En Construcción,101,Residencial,5,TRUE,TRUE,FALSE,FALSE,FALSE,TRUE,TRUE,FALSE,FALSE,162750
2022-01-24,/apartamentos-venta-el-millon/1266278/,2,2.5,3,US$,165000,KW Capital,El Millon, Santo Domingo Centro (D.N.), Santo Domingo,Segundo Uso,144,Residencial,2,FALSE,FALSE,FALSE,FALSE,FALSE,FALSE,TRUE,FALSE,FALSE,165000
2022-01-24,/apartamentos-venta-el-millon/1257558/,2,3,3,US$,202000,Inmobiliaria Grupal,El Millon, Santo Domingo Centro (D.N.), Santo Domingo,Nueva,170,Residencial,2,FALSE,TRUE,FALSE,FALSE,FALSE,TRUE,TRUE,FALSE,FALSE,202000
2022-01-24,/apartamentos-venta-el-millon/1264351/,2,2.5,3,US$,156849,Tu Casa RD,El Millon, Santo Domingo Centro (D.N.), Santo Domingo,En Construcción,137,Residencial,NA,TRUE,TRUE,FALSE,FALSE,TRUE,TRUE,TRUE,FALSE,TRUE,156849
2022-01-24,/apartamentos-venta-el-millon/1266738/,2,3.5,2,US$,156450,X-TRIBA Inmobiliaria,El Millon, Santo Domingo Centro (D.N.), Santo Domingo,Nueva,102,Residencial,NA,FALSE,TRUE,FALSE,FALSE,TRUE,TRUE,TRUE,FALSE,FALSE,156450
2022-01-24,/apartamentos-venta-el-millon/1256734/,2,2.5,3,US$,162600,Caiba Realty Group,El Millon, Santo Domingo Centro (D.N.), Santo Domingo,En Construcción,135,Residencial,2,FALSE,FALSE,FALSE,FALSE,FALSE,FALSE,FALSE,FALSE,TRUE,162600
2022-01-24,/apartamentos-venta-el-millon/1266150/,2,2.5,3,US$,165000,Remax Plus,El Millon, Santo Domingo Centro (D.N.), Santo Domingo,Segundo Uso,144,Residencial,2,FALSE,FALSE,FALSE,FALSE,FALSE,FALSE,TRUE,FALSE,FALSE,165000
2022-01-24,/apartamentos-venta-el-millon/1266621/,1,2.5,2,US$,156450,Ginebra Realty Group,El Millon, Santo Domingo Centro (D.N.), Santo Domingo,En Construcción,102,Residencial,NA,FALSE,FALSE,FALSE,FALSE,FALSE,FALSE,FALSE,FALSE,FALSE,156450
2022-01-24,/apartamentos-venta-el-millon/1266611/,2,4,3,US$,220500,X-TRIBA Inmobiliaria,El Millon, Santo Domingo Centro (D.N.), Santo Domingo,En Construcción,147,Residencial,5,FALSE,TRUE,FALSE,FALSE,TRUE,TRUE,TRUE,FALSE,FALSE,220500
2022-01-24,/apartamentos-venta-el-millon/1261597/,1,1.5,1,US$,85000,Inmobiliaria Grupal,El Millon, Santo Domingo Centro (D.N.), Santo Domingo,En Construcción,48,Residencial,NA,FALSE,FALSE,FALSE,FALSE,FALSE,FALSE,TRUE,FALSE,FALSE,85000
2022-01-24,/apartamentos-venta-el-millon/1263241/,2,NA,2,US$,165000,Inmobiliaria Grupal,El Millon, Santo Domingo Centro (D.N.), Santo Domingo,Segundo Uso,NA,Residencial,NA,FALSE,FALSE,FALSE,FALSE,FALSE,FALSE,FALSE,FALSE,FALSE,165000
2022-01-24,/apartamentos-venta-el-millon/1266316/,2,2,3,US$,158500,Probrokers Inmobiliaria Inprob S.R.L,El Millon, Santo Domingo Centro (D.N.), Santo Domingo,Nueva,150,Residencial,NA,TRUE,TRUE,FALSE,FALSE,TRUE,TRUE,FALSE,FALSE,FALSE,158500
2022-01-24,/apartamentos-venta-el-millon/1266097/,2,3.5,3,US$,207240,Plusval Venta Directa,El Millon, Santo Domingo Centro (D.N.), Santo Domingo,En Construcción,151,Residencial,2,TRUE,TRUE,FALSE,FALSE,TRUE,TRUE,FALSE,FALSE,TRUE,207240
2022-01-24,/apartamentos-venta-el-millon/1266096/,2,3.5,3,US$,186510,Plusval Venta Directa,El Millon, Santo Domingo Centro (D.N.), Santo Domingo,En Construcción,132,Residencial,3,TRUE,TRUE,FALSE,FALSE,FALSE,TRUE,TRUE,FALSE,TRUE,186510
2022-01-24,/apartamentos-venta-el-millon/1266095/,2,2.5,2,US$,131026,Plusval Venta Directa,El Millon, Santo Domingo Centro (D.N.), Santo Domingo,En Construcción,94,Residencial,2,TRUE,TRUE,FALSE,FALSE,FALSE,TRUE,TRUE,FALSE,TRUE,131026
2022-01-24,/apartamentos-venta-el-millon/1265993/,2,2.5,2,US$,149000,Inmobiliaria Grupal,El Millon, Santo Domingo Centro (D.N.), Santo Domingo,Nueva,132,Residencial,NA,TRUE,FALSE,FALSE,FALSE,FALSE,FALSE,FALSE,FALSE,TRUE,149000
2022-01-24,/apartamentos-venta-el-millon/1265139/,2,2.5,3,US$,185000,City Homes,El Millon, Santo Domingo Centro (D.N.), Santo Domingo,Nueva,138,Residencial,NA,FALSE,FALSE,FALSE,FALSE,FALSE,FALSE,FALSE,FALSE,FALSE,185000
2022-01-24,/apartamentos-venta-el-millon/1264766/,2,2.5,3,US$,182143,Grupo Nin Inmobiliario,El Millon, Santo Domingo Centro (D.N.), Santo Domingo,Nueva,140,Residencial,NA,TRUE,FALSE,FALSE,TRUE,FALSE,TRUE,TRUE,FALSE,TRUE,182143
2022-01-24,/apartamentos-venta-el-millon/1264626/,2,2.5,3,US$,198000,Grupo Nin Inmobiliario,El Millon, Santo Domingo Centro (D.N.), Santo Domingo,En Construcción,98,Residencial,NA,FALSE,TRUE,FALSE,FALSE,TRUE,FALSE,TRUE,FALSE,FALSE,198000
2022-01-24,/apartamentos-venta-el-millon/1264350/,1,1.5,1,US$,97000,Tu Casa RD,El Millon, Santo Domingo Centro (D.N.), Santo Domingo,En Construcción,69,Residencial,NA,TRUE,FALSE,FALSE,FALSE,TRUE,TRUE,FALSE,FALSE,TRUE,97000
2022-01-24,/apartamentos-venta-el-millon/1263925/,1,1.5,1,US$,105000,Remax Metropolitana,El Millon, Santo Domingo Centro (D.N.), Santo Domingo,Nueva,66,Residencial,4,TRUE,TRUE,FALSE,FALSE,FALSE,FALSE,FALSE,FALSE,TRUE,105000
2022-01-24,/apartamentos-venta-el-millon/1264111/,2,3.5,3,US$,188000,Ginebra Realty Group,El Millon, Santo Domingo Centro (D.N.), Santo Domingo,En Planos,113,Residencial,NA,TRUE,TRUE,FALSE,FALSE,FALSE,FALSE,TRUE,FALSE,TRUE,188000
2022-01-24,/apartamentos-venta-el-millon/1264046/,2,2.5,3,US$,202000,Inverfisa,El Millon, Santo Domingo Centro (D.N.), Santo Domingo,En Planos,170,Residencial,NA,FALSE,FALSE,FALSE,FALSE,FALSE,FALSE,TRUE,FALSE,FALSE,202000
2022-01-24,/apartamentos-venta-el-millon/1241190/,2,3.5,3,US$,202000,HouseLink,El Millon, Santo Domingo Centro (D.N.), Santo Domingo,En Construcción,170,Residencial,2,TRUE,TRUE,FALSE,FALSE,FALSE,FALSE,TRUE,FALSE,FALSE,202000
2022-01-24,/apartamentos-venta-el-millon/1262326/,2,3.5,3,US$,202000,Tu Casa RD,El Millon, Santo Domingo Centro (D.N.), Santo Domingo,Nueva,170,Residencial,2,TRUE,TRUE,FALSE,FALSE,FALSE,TRUE,TRUE,FALSE,FALSE,202000
2022-01-24,/apartamentos-venta-el-millon/1260562/,3,3.5,3,US$,210000,Grupo Nin Inmobiliario,El Millon, Santo Domingo Centro (D.N.), Santo Domingo,Nueva,162,Residencial,3,TRUE,TRUE,FALSE,FALSE,TRUE,TRUE,TRUE,FALSE,TRUE,210000
2022-01-24,/apartamentos-venta-el-millon/1260500/,2,2.5,2,US$,165000,Grupo Nin Inmobiliario,El Millon, Santo Domingo Centro (D.N.), Santo Domingo,Nueva,130,Residencial,2,TRUE,TRUE,FALSE,FALSE,FALSE,FALSE,TRUE,FALSE,FALSE,165000
2022-01-24,/apartamentos-venta-el-millon/1259013/,2,2.5,3,US$,162849,New Home Constructora Inmobiliaria,El Millon, Santo Domingo Centro (D.N.), Santo Domingo,En Construcción,136,Residencial,NA,FALSE,TRUE,FALSE,FALSE,TRUE,TRUE,TRUE,FALSE,TRUE,162849
2022-01-24,/apartamentos-venta-el-millon/1259816/,2,2.5,3,US$,165000,Tu Casa RD,El Millon, Santo Domingo Centro (D.N.), Santo Domingo,Nueva,123,Residencial,5,TRUE,TRUE,FALSE,FALSE,FALSE,TRUE,TRUE,FALSE,FALSE,165000
2022-01-24,/apartamentos-venta-el-millon/1256408/,2,2.5,2,US$,160000,Tu Casa RD,El Millon, Santo Domingo Centro (D.N.), Santo Domingo,Nueva,130,Residencial,2,TRUE,TRUE,FALSE,FALSE,FALSE,TRUE,TRUE,FALSE,FALSE,160000
2022-01-24,/apartamentos-venta-el-millon/1254305/,NA,3.5,3,US$,165000,Tu Casa RD,El Millon, Santo Domingo Centro (D.N.), Santo Domingo,Nueva,NA,Residencial,NA,TRUE,TRUE,FALSE,FALSE,TRUE,TRUE,TRUE,TRUE,TRUE,165000
2022-01-24,/apartamentos-venta-el-millon/1246692/,2,3.5,3,US$,225000,Tu Casa RD,El Millon, Santo Domingo Centro (D.N.), Santo Domingo,Segundo Uso,227,Residencial,NA,FALSE,FALSE,FALSE,FALSE,FALSE,FALSE,TRUE,FALSE,FALSE,225000
2022-01-24,/apartamentos-venta-el-millon/1244339/,NA,2.5,3,RD$,8800000,Tu Casa RD,El Millon, Santo Domingo Centro (D.N.), Santo Domingo,Segundo Uso,185,Residencial,NA,FALSE,FALSE,FALSE,FALSE,FALSE,FALSE,FALSE,FALSE,FALSE,150427.35042735044
2022-01-24,/apartamentos-venta-el-millon/1251412/,2,2.5,2,US$,160000,Property Inmobiliaria,El Millon, Santo Domingo Centro (D.N.), Santo Domingo,Nueva,130,Residencial,2,TRUE,TRUE,FALSE,TRUE,TRUE,TRUE,TRUE,FALSE,FALSE,160000
2022-01-24,/apartamentos-venta-el-millon/1245152/,2,2.5,3,US$,164400,Inverfisa,El Millon, Santo Domingo Centro (D.N.), Santo Domingo,En Planos,135,Residencial,NA,TRUE,FALSE,FALSE,FALSE,TRUE,TRUE,TRUE,FALSE,TRUE,164400
2022-01-24,/apartamentos-venta-el-millon/1256562/,2,2.5,2,US$,160000,Grupo Nin Inmobiliario,El Millon, Santo Domingo Centro (D.N.), Santo Domingo,Nueva,130,Residencial,2,TRUE,TRUE,FALSE,FALSE,FALSE,FALSE,TRUE,FALSE,FALSE,160000
2022-01-24,/apartamentos-venta-el-millon/1256355/,3,3.5,3,US$,197000,Grupo Nin Inmobiliario,El Millon, Santo Domingo Centro (D.N.), Santo Domingo,Nueva,162,Residencial,NA,FALSE,TRUE,FALSE,FALSE,TRUE,TRUE,TRUE,FALSE,TRUE,197000
2022-01-24,/apartamentos-venta-el-millon/1251322/,1,1,2,RD$,4199000,Inmobiliaria Grupal,El Millon, Santo Domingo Centro (D.N.), Santo Domingo,Segundo Uso,81,Residencial,1,FALSE,FALSE,FALSE,FALSE,FALSE,FALSE,FALSE,FALSE,FALSE,71777.77777777778
2022-01-24,/apartamentos-venta-el-millon/1248270/,2,3.5,3,US$,197000,Grupo Nin Inmobiliario,El Millon, Santo Domingo Centro (D.N.), Santo Domingo,Nueva,170,Residencial,2,TRUE,TRUE,FALSE,FALSE,FALSE,FALSE,TRUE,FALSE,FALSE,197000
2022-01-24,/apartamentos-venta-el-millon/1246132/,3,3.5,3,US$,177600,Grupo Nin Inmobiliario,El Millon, Santo Domingo Centro (D.N.), Santo Domingo,En Construcción,152,Residencial,NA,TRUE,TRUE,FALSE,FALSE,TRUE,TRUE,TRUE,TRUE,TRUE,177600
