date,id,parking,bathrooms,bedrooms,currency,price,seller,neighborhood,city,province,status,area,usage,story,planta,lift,pool,pozo,terraza,lobby,balcon,jacuzzi,gimnasio,price.usd
2022-01-24,/apartamentos-venta-colinas-del-arroyo-ii/1259290/,NA,NA,NA,RD$,3450000,Remax Metropolitana,Colinas del Arroyo II, Santo Domingo Centro (D.N.), Santo Domingo,Nueva,NA,Residencial,NA,FALSE,FALSE,FALSE,FALSE,FALSE,FALSE,FALSE,FALSE,FALSE,58974.35897435898
2022-01-24,/apartamentos-venta-colinas-del-arroyo-ii/1267701/,1,2,3,RD$,3400000,CityMax Santo Domingo,Colinas del Arroyo II, Santo Domingo Centro (D.N.), Santo Domingo,En Construcción,76,Residencial,NA,FALSE,FALSE,FALSE,FALSE,TRUE,FALSE,TRUE,FALSE,FALSE,58119.65811965812
2022-01-24,/apartamentos-venta-colinas-del-arroyo-ii/1264999/,1,2,3,RD$,3275000,Remax Metropolitana ,Colinas del Arroyo II, Santo Domingo Centro (D.N.), Santo Domingo,En Construcción,77,Residencial,NA,FALSE,FALSE,FALSE,FALSE,FALSE,FALSE,TRUE,FALSE,FALSE,55982.905982905984
2022-01-24,/apartamentos-venta-colinas-del-arroyo-ii/1255534/,NA,2,3,US$,55000,New Home Constructora Inmobiliaria,Colinas del Arroyo II, Santo Domingo Centro (D.N.), Santo Domingo,En Planos,91,Residencial,NA,FALSE,FALSE,FALSE,FALSE,TRUE,FALSE,TRUE,FALSE,FALSE,55000
