date,id,parking,bathrooms,bedrooms,currency,price,seller,neighborhood,city,province,status,area,usage,story,planta,lift,pool,pozo,terraza,lobby,balcon,jacuzzi,gimnasio,price.usd
2022-01-24,/apartamentos-venta-av--ecologica/1265876/,2,2.5,3,US$,136850,Ciudad Inmobiliaria ,Av. Ecológica, Santo Domingo Este, Santo Domingo,En Planos,119,Mixto,NA,FALSE,TRUE,TRUE,FALSE,TRUE,TRUE,TRUE,FALSE,TRUE,136850
2022-01-24,/apartamentos-venta-av--ecologica/1266906/,2,2,3,US$,146452,Tu Casa RD,Av. Ecológica, Santo Domingo Este, Santo Domingo,En Construcción,127,Residencial,11,TRUE,TRUE,FALSE,TRUE,TRUE,TRUE,TRUE,FALSE,TRUE,146452
2022-01-24,/apartamentos-venta-av--ecologica/1267613/,2,2,3,US$,99000,Premium Real Estate,Av. Ecológica, Santo Domingo Este, Santo Domingo,En Construcción,120,Residencial,NA,FALSE,FALSE,FALSE,FALSE,FALSE,FALSE,FALSE,FALSE,FALSE,99000
2022-01-24,/apartamentos-venta-av--ecologica/1262290/,1,2,3,RD$,4500000,Bonillamultiservice,Av. Ecológica, Santo Domingo Este, Santo Domingo,En Planos,103,Residencial,NA,FALSE,FALSE,FALSE,FALSE,FALSE,FALSE,TRUE,FALSE,FALSE,76923.07692307692
2022-01-24,/apartamentos-venta-av--ecologica/1266801/,1,1,1,US$,60150,Mr. Home Asesores Inmobiliarios,Av. Ecológica, Santo Domingo Este, Santo Domingo,NA,51,Residencial,NA,FALSE,TRUE,TRUE,TRUE,FALSE,TRUE,TRUE,FALSE,TRUE,60150
2022-01-24,/apartamentos-venta-av--ecologica/1260934/,1,2,3,RD$,5800000,Mr. Home Asesores Inmobiliarios,Av. Ecológica, Santo Domingo Este, Santo Domingo,NA,100,Residencial,NA,FALSE,FALSE,FALSE,FALSE,FALSE,FALSE,TRUE,FALSE,FALSE,99145.29914529914
2022-01-24,/apartamentos-venta-av--ecologica/1242514/,1,2,3,US$,73000,Mr. Home Asesores Inmobiliarios,Av. Ecológica, Santo Domingo Este, Santo Domingo,NA,96,Residencial,NA,FALSE,FALSE,FALSE,FALSE,FALSE,FALSE,TRUE,FALSE,FALSE,73000
2022-01-24,/apartamentos-venta-av--ecologica/1262304/,NA,2,3,RD$,4300000,Centro Juridico Dra. Angela Rojas,Av. Ecológica, Santo Domingo Este, Santo Domingo,Nueva,86,Residencial,NA,FALSE,FALSE,FALSE,FALSE,FALSE,FALSE,FALSE,FALSE,FALSE,73504.2735042735
2022-01-24,/apartamentos-venta-av--ecologica/1250759/,2,2,3,RD$,4600000,Centro Juridico Dra. Angela Rojas,Av. Ecológica, Santo Domingo Este, Santo Domingo,Nueva,NA,Residencial,NA,FALSE,FALSE,FALSE,FALSE,FALSE,FALSE,TRUE,FALSE,FALSE,78632.47863247863
