date,id,parking,bathrooms,bedrooms,currency,price,seller,neighborhood,city,province,status,area,usage,story,planta,lift,pool,pozo,terraza,lobby,balcon,jacuzzi,gimnasio,price.usd
2022-01-24,/apartamentos-venta-julieta-morales/1266416/,2,2.5,3,US$,165000,Seekers Inmobiliaria,Julieta Morales, Santo Domingo Centro (D.N.), Santo Domingo,Segundo Uso,171,Residencial,NA,TRUE,TRUE,FALSE,FALSE,FALSE,FALSE,FALSE,FALSE,FALSE,165000
2022-01-24,/apartamentos-venta-julieta-morales/1255523/,NA,1,1,US$,122347,DARAD Real Estate RD,Julieta Morales, Santo Domingo Centro (D.N.), Santo Domingo,En Construcción,NA,Residencial,NA,TRUE,TRUE,TRUE,TRUE,TRUE,TRUE,TRUE,FALSE,TRUE,122347
2022-01-24,/apartamentos-venta-julieta-morales/1266714/,2,2.5,3,US$,165000,Seekers Inmobiliaria,Julieta Morales, Santo Domingo Centro (D.N.), Santo Domingo,Nueva,172,Residencial,NA,TRUE,TRUE,FALSE,TRUE,FALSE,TRUE,TRUE,FALSE,FALSE,165000
2022-01-24,/apartamentos-venta-julieta-morales/1256403/,NA,NA,1,US$,100000,Paez Luxury Real Estate ,Julieta Morales, Santo Domingo Centro (D.N.), Santo Domingo,Nueva,40,Residencial,NA,TRUE,TRUE,TRUE,TRUE,TRUE,TRUE,TRUE,TRUE,TRUE,100000
2022-01-24,/apartamentos-venta-julieta-morales/1266296/,2,2.5,3,US$,165000,Seekers Inmobiliaria,Julieta Morales, Santo Domingo Centro (D.N.), Santo Domingo,Segundo Uso,171,Residencial,2,FALSE,TRUE,FALSE,FALSE,FALSE,FALSE,FALSE,FALSE,FALSE,165000
2022-01-24,/apartamentos-venta-julieta-morales/1266275/,2,2,3,US$,165000,Seekers Inmobiliaria,Julieta Morales, Santo Domingo Centro (D.N.), Santo Domingo,Segundo Uso,171,Residencial,2,TRUE,TRUE,FALSE,FALSE,FALSE,FALSE,FALSE,FALSE,FALSE,165000
2022-01-24,/apartamentos-venta-julieta-morales/1262995/,2,3.5,3,US$,200000,Ginebra Realty Group,Julieta Morales, Santo Domingo Centro (D.N.), Santo Domingo,En Construcción,142,Residencial,3,FALSE,FALSE,FALSE,FALSE,FALSE,FALSE,FALSE,FALSE,FALSE,200000
2022-01-24,/apartamentos-venta-julieta-morales/1256622/,2,3.5,3,US$,189000,Kensami Bienes Raices ,Julieta Morales, Santo Domingo Centro (D.N.), Santo Domingo,Segundo Uso,170,Mixto,2,FALSE,FALSE,FALSE,FALSE,FALSE,FALSE,FALSE,FALSE,TRUE,189000
