date,id,parking,bathrooms,bedrooms,currency,price,seller,neighborhood,city,province,status,area,usage,story,planta,lift,pool,pozo,terraza,lobby,balcon,jacuzzi,gimnasio,price.usd
2022-02-10,/apartamentos-venta-costa-verde/1269172/,1,2,2,RD$,4200000,Remax Metropolitana,Costa Verde, Santo Domingo Centro (D.N.), Santo Domingo,Segundo Uso,121,Residencial,NA,FALSE,FALSE,FALSE,FALSE,FALSE,FALSE,FALSE,FALSE,FALSE,71794.8717948718
2022-02-10,/apartamentos-venta-costa-verde/1269650/,NA,2,2,US$,105000,Inmobiliaria Grupal,Costa Verde, Santo Domingo Centro (D.N.), Santo Domingo,Nueva,120,N/D,4,FALSE,FALSE,FALSE,FALSE,TRUE,FALSE,TRUE,FALSE,FALSE,105000
2022-02-10,/apartamentos-venta-costa-verde/1267675/,1,2,2,US$,100000,Inmobiliaria Grupal,Costa Verde, Santo Domingo Centro (D.N.), Santo Domingo,Nueva,105,Residencial,4,TRUE,FALSE,FALSE,TRUE,FALSE,FALSE,FALSE,FALSE,FALSE,100000
2022-02-10,/apartamentos-venta-costa-verde/1263285/,1,2,2,RD$,4300000,Mario Alberto Aquino,Costa Verde, Santo Domingo Centro (D.N.), Santo Domingo,Segundo Uso,120,Residencial,1,FALSE,FALSE,FALSE,FALSE,FALSE,FALSE,FALSE,FALSE,FALSE,73504.2735042735
2022-02-10,/apartamentos-venta-costa-verde/1267533/,1,2,2,US$,100000,Inmobiliaria Grupal,Costa Verde, Santo Domingo Centro (D.N.), Santo Domingo,Nueva,105,Residencial,4,TRUE,FALSE,FALSE,TRUE,FALSE,FALSE,TRUE,FALSE,FALSE,100000
