date,id,parking,bathrooms,bedrooms,currency,price,seller,neighborhood,city,province,status,area,usage,story,planta,lift,pool,pozo,terraza,lobby,balcon,jacuzzi,gimnasio,price.usd
2022-01-24,/apartamentos-venta-mirador-del-este/1266770/,1,3,3,RD$,5500000,Mr. Home Asesores Inmobiliarios,Mirador del Este, Santo Domingo Este, Santo Domingo,Nueva,182,Residencial,4,FALSE,FALSE,FALSE,FALSE,FALSE,FALSE,TRUE,FALSE,FALSE,94017.09401709402
2022-01-24,/apartamentos-venta-mirador-del-este/1262634/,1,2,3,RD$,4950000,Mr. Home Asesores Inmobiliarios,Mirador del Este, Santo Domingo Este, Santo Domingo,NA,102,Residencial,NA,FALSE,FALSE,FALSE,FALSE,FALSE,FALSE,TRUE,FALSE,FALSE,84615.38461538461
2022-01-24,/apartamentos-venta-mirador-del-este/1264427/,1,2,3,RD$,4900000,Mr. Home Asesores Inmobiliarios,Mirador del Este, Santo Domingo Este, Santo Domingo,NA,102,Residencial,NA,FALSE,FALSE,FALSE,FALSE,FALSE,FALSE,TRUE,FALSE,FALSE,83760.68376068377
2022-01-24,/apartamentos-venta-mirador-del-este/1266240/,2,3,3,US$,125000,Probrokers Inmobiliaria Inprob S.R.L,Mirador del Este, Santo Domingo Este, Santo Domingo,Nueva,148,Residencial,4,FALSE,FALSE,FALSE,FALSE,TRUE,TRUE,TRUE,FALSE,FALSE,125000
