date,id,parking,bathrooms,bedrooms,currency,price,seller,neighborhood,city,province,status,area,usage,story,planta,lift,pool,pozo,terraza,lobby,balcon,jacuzzi,gimnasio,price.usd
2022-01-24,/apartamentos-venta-av--monumental/1266795/,NA,NA,NA,RD$,4300000,Inmobiliaria Grupal,Av. Monumental, Santo Domingo Centro (D.N.), Santo Domingo,Segundo Uso,NA,Residencial,NA,FALSE,FALSE,FALSE,FALSE,FALSE,FALSE,FALSE,FALSE,FALSE,73504.2735042735
2022-01-24,/apartamentos-venta-av--monumental/1257433/,1,2.5,3,RD$,3950000,Hogarium Real Estate,Av. Monumental, Santo Domingo Centro (D.N.), Santo Domingo,Segundo Uso,NA,Residencial,3,FALSE,FALSE,FALSE,TRUE,FALSE,FALSE,TRUE,FALSE,FALSE,67521.36752136752
2022-01-24,/apartamentos-venta-av--monumental/1265844/,1,2,3,RD$,3700000,Habitame Inmobiliaria,Av. Monumental, Santo Domingo Centro (D.N.), Santo Domingo,Segundo Uso,80,Residencial,3,FALSE,FALSE,FALSE,FALSE,FALSE,FALSE,TRUE,FALSE,FALSE,63247.86324786325
2022-01-24,/apartamentos-venta-av--monumental/1199790/,1,2,3,US$,70000,Inmobiliaria Grupal,Av. Monumental, Santo Domingo Centro (D.N.), Santo Domingo,En Construcción,75,Residencial,3,FALSE,FALSE,TRUE,FALSE,FALSE,FALSE,TRUE,FALSE,TRUE,70000
2022-01-24,/apartamentos-venta-av--monumental/1242026/,1,NA,2,RD$,3395000,Tu Casa RD,Av. Monumental, Santo Domingo Centro (D.N.), Santo Domingo,Nueva,95,Residencial,NA,FALSE,FALSE,FALSE,FALSE,FALSE,FALSE,TRUE,FALSE,FALSE,58034.18803418803
2022-01-24,/apartamentos-venta-av--monumental/1246643/,1,2.5,3,RD$,4500000,Grupo Nin Inmobiliario,Av. Monumental, Santo Domingo Centro (D.N.), Santo Domingo,Segundo Uso,187,Residencial,4,FALSE,FALSE,TRUE,FALSE,TRUE,FALSE,FALSE,FALSE,TRUE,76923.07692307692
