date,id,parking,bathrooms,bedrooms,currency,price,seller,neighborhood,city,province,status,area,usage,story,planta,lift,pool,pozo,terraza,lobby,balcon,jacuzzi,gimnasio,price.usd
2022-01-24,/apartamentos-venta-la-isabela/1261416/,1,1,2,RD$,1782000,Ciudad Inmobiliaria ,La Isabela, Santo Domingo Centro (D.N.), Santo Domingo,En Construcción,64,Residencial,NA,FALSE,FALSE,FALSE,FALSE,FALSE,FALSE,TRUE,FALSE,TRUE,30461.53846153846
2022-01-24,/apartamentos-venta-la-isabela/1264690/,2,2,3,RD$,2965000,Habitame Inmobiliaria,La Isabela, Santo Domingo Centro (D.N.), Santo Domingo,En Planos,90,Residencial,NA,FALSE,FALSE,FALSE,FALSE,FALSE,FALSE,TRUE,FALSE,FALSE,50683.76068376069
2022-01-24,/apartamentos-venta-la-isabela/1264685/,1,1,2,RD$,1730000,Habitame Inmobiliaria,La Isabela, Santo Domingo Centro (D.N.), Santo Domingo,En Planos,54,Residencial,NA,FALSE,FALSE,FALSE,FALSE,FALSE,FALSE,TRUE,FALSE,FALSE,29572.649572649574
2022-01-24,/apartamentos-venta-la-isabela/1237114/,1,3.5,3,RD$,1675000,Mr. Home Asesores Inmobiliarios,La Isabela, Santo Domingo Centro (D.N.), Santo Domingo,En Construcción,54,Residencial,NA,FALSE,FALSE,FALSE,FALSE,TRUE,FALSE,FALSE,FALSE,FALSE,28632.478632478633
2022-01-24,/apartamentos-venta-la-isabela/1264686/,1,1,3,RD$,2050000,Habitame Inmobiliaria,La Isabela, Santo Domingo Centro (D.N.), Santo Domingo,En Planos,64,Residencial,NA,FALSE,FALSE,FALSE,FALSE,FALSE,FALSE,FALSE,FALSE,FALSE,35042.73504273504
2022-01-24,/apartamentos-venta-la-isabela/1264688/,1,2,3,RD$,2500000,Habitame Inmobiliaria,La Isabela, Santo Domingo Centro (D.N.), Santo Domingo,En Planos,76,Residencial,NA,FALSE,FALSE,FALSE,FALSE,FALSE,FALSE,TRUE,FALSE,FALSE,42735.042735042734
