date,id,parking,bathrooms,bedrooms,currency,price,seller,neighborhood,city,province,status,area,usage,story,planta,lift,pool,pozo,terraza,lobby,balcon,jacuzzi,gimnasio,price.usd
2022-02-10,/apartamentos-venta-el-portillo/1263705/,NA,NA,NA,US$,140000,Premium Real Estate,El portillo, Las Terrenas, Samaná,En Construcción,NA,Residencial,NA,TRUE,FALSE,TRUE,FALSE,TRUE,FALSE,TRUE,FALSE,TRUE,140000
2022-02-10,/apartamentos-venta-el-portillo/1263701/,NA,NA,NA,US$,140000,Premium Real Estate,El portillo, Las Terrenas, Samaná,En Construcción,NA,Residencial,NA,TRUE,FALSE,TRUE,FALSE,TRUE,TRUE,TRUE,FALSE,TRUE,140000
2022-02-10,/apartamentos-venta-el-portillo/1268504/,1,1,1,US$,200000,Tropical Living,El portillo, Las Terrenas, Samaná,Segundo Uso,90,Residencial,4,TRUE,FALSE,TRUE,FALSE,TRUE,FALSE,TRUE,TRUE,FALSE,200000
2022-02-10,/apartamentos-venta-el-portillo/1252818/,2,1.5,1,US$,59999,Inmobiliaria Grupal,El portillo, Las Terrenas, Samaná,Nueva,78,Mixto,3,TRUE,TRUE,TRUE,TRUE,TRUE,TRUE,TRUE,TRUE,TRUE,59999
2022-02-10,/apartamentos-venta-el-portillo/1224565/,NA,2.5,2,US$,248400,New Home Constructora Inmobiliaria,El portillo, Las Terrenas, Samaná,En Planos,NA,Residencial,NA,TRUE,FALSE,TRUE,FALSE,FALSE,TRUE,TRUE,TRUE,FALSE,248400
