date,id,parking,bathrooms,bedrooms,currency,price,seller,neighborhood,city,province,status,area,usage,story,planta,lift,pool,pozo,terraza,lobby,balcon,jacuzzi,gimnasio,price.usd
2022-02-10,/apartamentos-venta-punta-cana-village/1237302/,1,1.5,1,US$,151512,Algonovo Real Estate,NA,Punta Cana Village, Bávaro,En Construcción,72,N/D,NA,TRUE,TRUE,TRUE,FALSE,FALSE,TRUE,FALSE,FALSE,TRUE,151512
2022-02-10,/apartamentos-venta-punta-cana-village/1237243/,2,2,2,US$,252007,Seekers Inmobiliaria,NA,Punta Cana Village, Bávaro,Nueva,136,Residencial,NA,FALSE,TRUE,FALSE,FALSE,FALSE,TRUE,TRUE,FALSE,FALSE,252007
2022-02-10,/apartamentos-venta-punta-cana-village/1237282/,NA,1.5,1,US$,173166,Algonovo Real Estate,NA,Punta Cana Village, Bávaro,Nueva,98,Residencial,NA,TRUE,TRUE,TRUE,FALSE,FALSE,TRUE,TRUE,FALSE,FALSE,173166
2022-02-10,/apartamentos-venta-punta-cana-village/1268176/,NA,2.5,2,US$,550000,Paez Luxury Real Estate ,NA,Punta Cana Village, Bávaro,Segundo Uso,190,Residencial,NA,TRUE,TRUE,TRUE,TRUE,FALSE,FALSE,TRUE,TRUE,FALSE,550000
2022-02-10,/apartamentos-venta-punta-cana-village/1266532/,2,2.5,2,US$,231121,Premium Real Estate,NA,Punta Cana Village, Bávaro,En Planos,124,Residencial,4,TRUE,FALSE,TRUE,FALSE,FALSE,FALSE,TRUE,FALSE,FALSE,231121
2022-02-10,/apartamentos-venta-punta-cana-village/1268548/,1,3,2,US$,155000,Premium Real Estate,NA,Punta Cana Village, Bávaro,En Construcción,95,Mixto,NA,FALSE,FALSE,FALSE,FALSE,FALSE,TRUE,FALSE,TRUE,TRUE,155000
2022-02-10,/apartamentos-venta-punta-cana-village/1268539/,1,NA,2,US$,224000,Premium Real Estate,NA,Punta Cana Village, Bávaro,En Construcción,140,Mixto,NA,TRUE,FALSE,TRUE,FALSE,FALSE,TRUE,FALSE,FALSE,TRUE,224000
