date,id,parking,bathrooms,bedrooms,currency,price,seller,neighborhood,city,province,status,area,usage,story,planta,lift,pool,pozo,terraza,lobby,balcon,jacuzzi,gimnasio,price.usd
2022-01-24,/apartamentos-venta-santo-domingo-oeste/1261755/,2,2,3,US$,134200,Republic Real State,NA,Santo Domingo Oeste, Santo Domingo,En Construcción,115,Residencial,NA,TRUE,TRUE,TRUE,FALSE,FALSE,TRUE,TRUE,FALSE,TRUE,134200
2022-01-24,/apartamentos-venta-santo-domingo-oeste/1261748/,1,2,3,US$,87000,Republic Real State,NA,Santo Domingo Oeste, Santo Domingo,En Planos,106,Residencial,NA,FALSE,FALSE,FALSE,FALSE,FALSE,FALSE,TRUE,FALSE,TRUE,87000
2022-01-24,/apartamentos-venta-santo-domingo-oeste/1261732/,1,1,1,US$,95000,Republic Real State,NA,Santo Domingo Oeste, Santo Domingo,En Planos,68,Residencial,NA,TRUE,TRUE,FALSE,FALSE,FALSE,TRUE,TRUE,TRUE,TRUE,95000
2022-01-24,/apartamentos-venta-santo-domingo-oeste/1256725/,1,2,3,US$,89000,Algonovo Real Estate,NA,Santo Domingo Oeste, Santo Domingo,En Planos,96,Residencial,NA,FALSE,FALSE,FALSE,FALSE,TRUE,FALSE,TRUE,FALSE,TRUE,89000
2022-01-24,/apartamentos-venta-santo-domingo-oeste/1253778/,1,2,3,US$,79000,Inmobiliaria Grupal,NA,Santo Domingo Oeste, Santo Domingo,En Construcción,91,Residencial,NA,TRUE,TRUE,TRUE,FALSE,TRUE,TRUE,TRUE,FALSE,TRUE,79000
2022-01-24,/apartamentos-venta-santo-domingo-oeste/1266717/,1,2,3,RD$,3950000,Mr. Home Asesores Inmobiliarios,NA,Santo Domingo Oeste, Santo Domingo,NA,101,Residencial,NA,FALSE,FALSE,TRUE,FALSE,FALSE,FALSE,FALSE,FALSE,FALSE,67521.36752136752
2022-01-24,/apartamentos-venta-santo-domingo-oeste/1253919/,NA,NA,NA,US$,74100,Inmobiliaria Grupal,NA,Santo Domingo Oeste, Santo Domingo,Nueva,91,Residencial,NA,TRUE,TRUE,TRUE,FALSE,FALSE,FALSE,TRUE,FALSE,FALSE,74100
