date,id,parking,bathrooms,bedrooms,currency,price,seller,neighborhood,city,province,status,area,usage,story,planta,lift,pool,pozo,terraza,lobby,balcon,jacuzzi,gimnasio,price.usd
2022-01-24,/apartamentos-venta-villa-naco/1266472/,1,2,3,US$,62500,Seekers Inmobiliaria,Villa Naco, Las Colinas Del Oeste Santo Domingo Oeste, Santo Domingo,Nueva,107,Residencial,NA,FALSE,FALSE,FALSE,FALSE,FALSE,FALSE,FALSE,FALSE,TRUE,62500
2022-01-24,/apartamentos-venta-y-alquiler-villa-naco/1249925/,2,3.5,3,US$,249000,Vidalpe Inmobiliaria,Villa Naco, Las Colinas Del Oeste Santo Domingo Oeste, Santo Domingo,Segundo Uso,NA,Residencial,NA,TRUE,TRUE,FALSE,FALSE,FALSE,FALSE,TRUE,FALSE,TRUE,249000
2022-01-24,/apartamentos-venta-villa-naco/1258817/,1,2,3,US$,75000,Premium Real Estate,Villa Naco, Las Colinas Del Oeste Santo Domingo Oeste, Santo Domingo,En Planos,84,Residencial,1,TRUE,FALSE,FALSE,FALSE,FALSE,FALSE,TRUE,FALSE,TRUE,75000
2022-01-24,/apartamentos-venta-villa-naco/1258816/,1,2,3,US$,62600,Premium Real Estate,Villa Naco, Las Colinas Del Oeste Santo Domingo Oeste, Santo Domingo,En Planos,84,Residencial,3,FALSE,FALSE,FALSE,FALSE,FALSE,FALSE,TRUE,FALSE,TRUE,62600
