date,id,parking,bathrooms,bedrooms,currency,price,seller,neighborhood,city,province,status,area,usage,story,planta,lift,pool,pozo,terraza,lobby,balcon,jacuzzi,gimnasio,price.usd
2022-02-10,/apartamentos-venta-brisas-de-guavaberry/1259008/,NA,3,3,US$,150000,Mr. Home Asesores Inmobiliarios,Brisas de guavaberry, Juan Dolio, San Pedro De Macoris,NA,NA,Residencial,NA,FALSE,FALSE,FALSE,FALSE,TRUE,FALSE,FALSE,FALSE,FALSE,150000
2022-02-10,/apartamentos-venta-brisas-de-guavaberry/1238163/,2,3.5,3,US$,125000,Premium Real Estate,Brisas de guavaberry, Juan Dolio, San Pedro De Macoris,Segundo Uso,NA,Residencial,2,FALSE,FALSE,TRUE,FALSE,FALSE,FALSE,TRUE,FALSE,FALSE,125000
2022-02-10,/apartamentos-venta-brisas-de-guavaberry/1268915/,2,2,2,US$,170000,Plusval Puente Azul,Brisas de guavaberry, Juan Dolio, San Pedro De Macoris,Segundo Uso,195,Residencial,2,TRUE,TRUE,TRUE,FALSE,FALSE,TRUE,TRUE,TRUE,FALSE,170000
2022-02-10,/apartamentos-venta-brisas-de-guavaberry/1268905/,2,2.5,2,US$,125000,Remax Blu,Brisas de guavaberry, Juan Dolio, San Pedro De Macoris,Segundo Uso,140,Residencial,2,TRUE,FALSE,TRUE,TRUE,TRUE,TRUE,TRUE,FALSE,TRUE,125000
2022-02-10,/apartamentos-venta-brisas-de-guavaberry/1268402/,NA,2,3,US$,375,Plusval Puente Azul,Brisas de guavaberry, Juan Dolio, San Pedro De Macoris,Segundo Uso,175,Residencial,NA,TRUE,FALSE,TRUE,FALSE,TRUE,TRUE,TRUE,FALSE,FALSE,375
