date,id,parking,bathrooms,bedrooms,currency,price,seller,neighborhood,city,province,status,area,usage,story,planta,lift,pool,pozo,terraza,lobby,balcon,jacuzzi,gimnasio,price.usd
2022-01-24,/apartamentos-venta-atala/1267458/,1,2,1,US$,81191,Seekers Inmobiliaria,Atala, Santo Domingo Centro (D.N.), Santo Domingo,En Construcción,51,Residencial,NA,FALSE,FALSE,FALSE,FALSE,FALSE,FALSE,FALSE,FALSE,FALSE,81191
2022-01-24,/apartamentos-venta-atala/1241265/,2,2,2,US$,160000,Seekers Inmobiliaria,Atala, Santo Domingo Centro (D.N.), Santo Domingo,En Construcción,97,Residencial,NA,FALSE,TRUE,FALSE,FALSE,FALSE,FALSE,FALSE,FALSE,FALSE,160000
2022-01-24,/apartamentos-venta-atala/1267502/,1,2,1,US$,81191,Seekers Inmobiliaria,Atala, Santo Domingo Centro (D.N.), Santo Domingo,En Construcción,51,Residencial,NA,TRUE,FALSE,FALSE,TRUE,FALSE,TRUE,TRUE,FALSE,FALSE,81191
2022-01-24,/apartamentos-venta-atala/1267131/,1,2,2,US$,127776,Seekers Inmobiliaria,Atala, Santo Domingo Centro (D.N.), Santo Domingo,En Construcción,108,Residencial,3,FALSE,FALSE,FALSE,FALSE,FALSE,FALSE,FALSE,FALSE,FALSE,127776
2022-01-24,/apartamentos-venta-atala/1245218/,1,1.5,2,US$,128000,Inverfisa,Atala, Santo Domingo Centro (D.N.), Santo Domingo,En Construcción,60,Residencial,NA,FALSE,TRUE,FALSE,FALSE,TRUE,FALSE,TRUE,FALSE,FALSE,128000
2022-01-24,/apartamentos-venta-atala/1231330/,2,1.5,2,US$,128000,HouseLink,Atala, Santo Domingo Centro (D.N.), Santo Domingo,En Construcción,97,Residencial,4,TRUE,TRUE,FALSE,FALSE,FALSE,TRUE,FALSE,FALSE,FALSE,128000
