date,id,parking,bathrooms,bedrooms,currency,price,seller,neighborhood,city,province,status,area,usage,story,planta,lift,pool,pozo,terraza,lobby,balcon,jacuzzi,gimnasio,price.usd
2022-02-10,/apartamentos-venta-costa-azul/1264907/,NA,2,2,US$,93000,Inmobiliaria Grupal,Costa Azul, Santo Domingo Centro (D.N.), Santo Domingo,Segundo Uso,NA,Residencial,NA,FALSE,FALSE,FALSE,FALSE,FALSE,FALSE,FALSE,FALSE,FALSE,93000
2022-02-10,/apartamentos-venta-costa-azul/1266441/,1,2,2,US$,93000,Inmobiliaria Grupal,Costa Azul, Santo Domingo Centro (D.N.), Santo Domingo,Segundo Uso,93,Residencial,4,FALSE,FALSE,FALSE,TRUE,TRUE,FALSE,TRUE,FALSE,FALSE,93000
2022-02-10,/apartamentos-venta-costa-azul/1263712/,1,2,2,US$,93000,Inmobiliaria Grupal,Costa Azul, Santo Domingo Centro (D.N.), Santo Domingo,Segundo Uso,96,Residencial,4,FALSE,FALSE,FALSE,TRUE,FALSE,FALSE,TRUE,FALSE,FALSE,93000
2022-02-10,/apartamentos-venta-costa-azul/1266357/,1,2,2,US$,97000,Probrokers Inmobiliaria Inprob S.R.L,Costa Azul, Santo Domingo Centro (D.N.), Santo Domingo,Segundo Uso,129,Residencial,4,FALSE,FALSE,FALSE,FALSE,FALSE,FALSE,TRUE,FALSE,FALSE,97000
2022-02-10,/apartamentos-venta-costa-azul/1210689/,1,2,2,US$,72000,Remax Metropolitana,Costa Azul, Santo Domingo Centro (D.N.), Santo Domingo,Nueva,90,Residencial,NA,FALSE,FALSE,FALSE,FALSE,FALSE,FALSE,TRUE,FALSE,FALSE,72000
