date,id,parking,bathrooms,bedrooms,currency,price,seller,neighborhood,city,province,status,area,usage,story,planta,lift,pool,pozo,terraza,lobby,balcon,jacuzzi,gimnasio,price.usd
2022-01-24,/apartamentos-venta-la-trinitaria/1257195/,4,3.5,3,US$,850000,NOVES PROPERTIES,La Trinitaria, Santiago, Santiago de los Caballeros,Nueva,500,Residencial,13,TRUE,TRUE,FALSE,FALSE,FALSE,TRUE,TRUE,FALSE,TRUE,850000
2022-01-24,/apartamentos-venta-la-trinitaria/1245294/,NA,2.5,2,US$,194000,NOVES PROPERTIES,La Trinitaria, Santiago, Santiago de los Caballeros,En Planos,NA,Residencial,8,TRUE,TRUE,FALSE,FALSE,TRUE,FALSE,TRUE,FALSE,FALSE,194000
2022-01-24,/apartamentos-venta-llanos-de-gurabo/1264361/,1,2,3,US$,98000,NOVES PROPERTIES,LLanos de Gurabo, Santiago, Santiago de los Caballeros,En Planos,98,Residencial,1,FALSE,FALSE,FALSE,FALSE,FALSE,FALSE,TRUE,FALSE,FALSE,98000
2022-01-24,/apartamentos-venta-jardines-del-norte/1256462/,1,2,3,US$,95000,NOVES PROPERTIES,Jardines del Norte, Santiago, Santiago de los Caballeros,En Construcción,101,Residencial,4,TRUE,FALSE,TRUE,FALSE,FALSE,FALSE,TRUE,FALSE,FALSE,95000
2022-01-24,/apartamentos-venta-av--juan-pablo-duarte/1260378/,2,2.5,3,RD$,10000000,NOVES PROPERTIES,Av. Juan Pablo Duarte, Santiago, Santiago de los Caballeros,Segundo Uso,170,Residencial,2,TRUE,TRUE,FALSE,FALSE,FALSE,FALSE,TRUE,FALSE,FALSE,170940.17094017094
2022-01-24,/apartamentos-venta-jardines-del-norte/1256251/,1,2,3,US$,100000,NOVES PROPERTIES,Jardines del Norte, Santiago, Santiago de los Caballeros,Nueva,100,Residencial,1,TRUE,TRUE,FALSE,FALSE,FALSE,FALSE,TRUE,FALSE,FALSE,100000
2022-01-24,/apartamentos-venta-la-trinitaria/1231778/,2,3.5,3,US$,362000,NOVES PROPERTIES,La Trinitaria, Santiago, Santiago de los Caballeros,En Construcción,219,Residencial,4,TRUE,TRUE,FALSE,FALSE,TRUE,TRUE,TRUE,FALSE,TRUE,362000
2022-01-24,/apartamentos-venta-el-amanecer/1251431/,3,2.5,3,US$,191500,NOVES PROPERTIES,El Amanecer, Santiago, Santiago de los Caballeros,En Planos,168,Residencial,1,FALSE,FALSE,FALSE,FALSE,FALSE,FALSE,TRUE,FALSE,FALSE,191500
2022-01-24,/apartamentos-venta-cerros-de-gurabo/1246285/,2,3.5,3,US$,285000,NOVES PROPERTIES,Cerros de Gurabo, Santiago, Santiago de los Caballeros,En Construcción,185,Residencial,4,TRUE,TRUE,FALSE,FALSE,FALSE,FALSE,TRUE,FALSE,TRUE,285000
2022-01-24,/apartamentos-venta-gurabo/1264402/,1,2,3,RD$,4350000,NOVES PROPERTIES,Gurabo, Santiago, Santiago de los Caballeros,En Construcción,89,Residencial,2,FALSE,FALSE,TRUE,FALSE,FALSE,FALSE,TRUE,TRUE,FALSE,74358.97435897436
2022-01-24,/apartamentos-venta-la-trinitaria/1231770/,2,3.5,3,US$,362000,NOVES PROPERTIES,La Trinitaria, Santiago, Santiago de los Caballeros,En Construcción,219,Residencial,4,TRUE,TRUE,FALSE,FALSE,FALSE,FALSE,TRUE,FALSE,FALSE,362000
2022-01-24,/apartamentos-venta-av--juan-pablo-duarte/1239257/,1,2,3,US$,90000,NOVES PROPERTIES,Av. Juan Pablo Duarte, Santiago, Santiago de los Caballeros,A Remodelar,144,Residencial,4,FALSE,FALSE,FALSE,FALSE,FALSE,FALSE,FALSE,FALSE,FALSE,90000
2022-01-24,/apartamentos-venta-thomen/1245545/,2,2.5,3,US$,140000,NOVES PROPERTIES,Thomen, Santiago, Santiago de los Caballeros,En Construcción,138,Residencial,3,TRUE,TRUE,FALSE,FALSE,TRUE,FALSE,TRUE,FALSE,FALSE,140000
2022-01-24,/apartamentos-venta-rincon-largo/1235201/,1,2,2,US$,251275,NOVES PROPERTIES,Rincon Largo, Santiago, Santiago de los Caballeros,En Construcción,109,Residencial,10,TRUE,TRUE,TRUE,FALSE,TRUE,TRUE,TRUE,FALSE,TRUE,251275
2022-01-24,/apartamentos-venta-don-pedro/1249050/,2,2.5,3,US$,147000,NOVES PROPERTIES,Don Pedro, Santiago, Santiago de los Caballeros,Segundo Uso,151,Residencial,4,TRUE,TRUE,FALSE,FALSE,FALSE,TRUE,TRUE,TRUE,TRUE,147000
2022-01-24,/apartamentos-venta-cerros-de-gurabo/1231486/,2,2.5,3,US$,320000,NOVES PROPERTIES,Cerros de Gurabo, Santiago, Santiago de los Caballeros,En Construcción,186,Residencial,2,TRUE,TRUE,FALSE,FALSE,FALSE,FALSE,TRUE,FALSE,TRUE,320000
2022-01-24,/apartamentos-venta-la-esmeralda/1256122/,1,2.5,2,US$,210000,NOVES PROPERTIES,La Esmeralda, Santiago, Santiago de los Caballeros,Nueva,107,Residencial,10,TRUE,TRUE,FALSE,FALSE,TRUE,FALSE,TRUE,FALSE,TRUE,210000
2022-01-24,/apartamentos-venta-la-trinitaria/1231571/,2,3.5,3,US$,460000,NOVES PROPERTIES,La Trinitaria, Santiago, Santiago de los Caballeros,Nueva,262,Residencial,5,TRUE,TRUE,FALSE,FALSE,TRUE,TRUE,TRUE,FALSE,TRUE,460000
2022-01-24,/apartamentos-venta-la-trinitaria/1264360/,2,3.5,3,US$,550000,NOVES PROPERTIES,La Trinitaria, Santiago, Santiago de los Caballeros,Nueva,262,Residencial,5,TRUE,TRUE,FALSE,FALSE,TRUE,TRUE,TRUE,FALSE,TRUE,550000
2022-01-24,/apartamentos-venta-cerros-de-gurabo/1252565/,2,3.5,3,US$,245000,NOVES PROPERTIES,Cerros de Gurabo, Santiago, Santiago de los Caballeros,En Construcción,182,Residencial,4,TRUE,TRUE,FALSE,FALSE,TRUE,TRUE,TRUE,FALSE,TRUE,245000
2022-01-24,/apartamentos-venta-la-rinconada/1231515/,2,3.5,3,US$,303800,NOVES PROPERTIES,La Rinconada, Santiago, Santiago de los Caballeros,En Planos,196,Residencial,3,TRUE,TRUE,FALSE,FALSE,FALSE,FALSE,TRUE,FALSE,TRUE,303800
2022-01-24,/apartamentos-venta-bella-vista/1262516/,2,3.5,3,US$,260000,Premium Real Estate,Bella vista, Santiago, Santiago de los Caballeros,Segundo Uso,184,Residencial,NA,FALSE,FALSE,FALSE,FALSE,FALSE,FALSE,TRUE,FALSE,FALSE,260000
2022-01-24,/apartamentos-venta-bella-vista/1231756/,2,2.5,2,US$,179400,Premium Real Estate,Bella vista, Santiago, Santiago de los Caballeros,En Construcción,NA,Residencial,NA,TRUE,FALSE,TRUE,FALSE,TRUE,FALSE,FALSE,FALSE,TRUE,179400
2022-01-24,/apartamentos-venta-santiago/1198185/,1,2.5,3,RD$,3500000,Carmelia Suero,NA,Santiago, Santiago de los Caballeros,Segundo Uso,115,Residencial,4,FALSE,FALSE,FALSE,TRUE,FALSE,FALSE,TRUE,FALSE,FALSE,59829.05982905983
2022-01-24,/apartamentos-venta-santiago/1232991/,1,2.5,2,US$,180575,Cindy Real Estate,NA,Santiago, Santiago de los Caballeros,En Planos,116,Residencial,NA,TRUE,TRUE,FALSE,FALSE,TRUE,TRUE,TRUE,FALSE,TRUE,180575
2022-01-24,/apartamentos-venta-santiago/1263271/,2,2.5,3,US$,171864,Cindy Real Estate,NA,Santiago, Santiago de los Caballeros,En Planos,122,Residencial,NA,TRUE,TRUE,TRUE,FALSE,TRUE,TRUE,TRUE,FALSE,TRUE,171864
2022-01-24,/apartamentos-venta-santiago/1197783/,2,3.5,3,US$,460000,Cindy Real Estate,NA,Santiago, Santiago de los Caballeros,En Construcción,261,Residencial,NA,TRUE,TRUE,FALSE,FALSE,FALSE,TRUE,TRUE,FALSE,TRUE,460000
2022-01-24,/apartamentos-venta-santiago/1261875/,2,2.5,3,US$,235000,Cindy Real Estate,NA,Santiago, Santiago de los Caballeros,Nueva,145,Residencial,7,TRUE,TRUE,TRUE,FALSE,TRUE,TRUE,FALSE,FALSE,TRUE,235000
2022-01-24,/apartamentos-venta-santiago/1251547/,3,3.5,3,US$,340000,Cindy Real Estate,NA,Santiago, Santiago de los Caballeros,Segundo Uso,300,Residencial,NA,TRUE,TRUE,FALSE,FALSE,FALSE,FALSE,TRUE,TRUE,FALSE,340000
2022-01-24,/apartamentos-venta-santiago/1266989/,2,2.5,3,US$,148109,Cindy Real Estate,NA,Santiago, Santiago de los Caballeros,En Planos,123,Residencial,NA,TRUE,TRUE,FALSE,FALSE,FALSE,TRUE,TRUE,FALSE,TRUE,148109
2022-01-24,/apartamentos-venta-santiago/1265445/,2,2.5,3,US$,211400,Cindy Real Estate,NA,Santiago, Santiago de los Caballeros,En Construcción,151,Residencial,NA,TRUE,TRUE,FALSE,FALSE,TRUE,TRUE,TRUE,FALSE,TRUE,211400
2022-01-24,/apartamentos-venta-santiago/1255968/,3,4.5,4,US$,560000,Cindy Real Estate,NA,Santiago, Santiago de los Caballeros,Segundo Uso,360,Residencial,NA,TRUE,TRUE,FALSE,FALSE,TRUE,TRUE,TRUE,FALSE,TRUE,560000
2022-01-24,/apartamentos-venta-santiago/1235550/,2,2.5,3,US$,171000,Cindy Real Estate,NA,Santiago, Santiago de los Caballeros,En Construcción,130,Residencial,NA,TRUE,TRUE,TRUE,FALSE,TRUE,TRUE,TRUE,FALSE,TRUE,171000
2022-01-24,/apartamentos-venta-santiago/1251801/,1,1,1,US$,55500,Cindy Real Estate,NA,Santiago, Santiago de los Caballeros,En Construcción,53,Residencial,4,FALSE,FALSE,FALSE,FALSE,FALSE,FALSE,FALSE,FALSE,FALSE,55500
2022-01-24,/apartamentos-venta-santiago/1263761/,1,2.5,2,US$,195000,Cindy Real Estate,NA,Santiago, Santiago de los Caballeros,En Planos,114,Residencial,NA,TRUE,TRUE,FALSE,FALSE,TRUE,TRUE,TRUE,TRUE,TRUE,195000
2022-01-24,/apartamentos-venta-santiago/1266196/,2,3.5,3,US$,318500,Cindy Real Estate,NA,Santiago, Santiago de los Caballeros,En Planos,164,Residencial,NA,TRUE,TRUE,TRUE,FALSE,TRUE,TRUE,TRUE,FALSE,TRUE,318500
2022-01-24,/apartamentos-venta-santiago/1164882/,2,3.5,3,US$,362000,Cindy Real Estate,NA,Santiago, Santiago de los Caballeros,En Construcción,219,Residencial,NA,TRUE,TRUE,FALSE,FALSE,TRUE,TRUE,TRUE,FALSE,TRUE,362000
2022-01-24,/apartamentos-venta-santiago/1262300/,2,2,3,US$,118500,Cindy Real Estate,NA,Santiago, Santiago de los Caballeros,En Planos,111,Residencial,NA,FALSE,FALSE,TRUE,FALSE,TRUE,FALSE,TRUE,FALSE,FALSE,118500
2022-01-24,/apartamentos-venta-santiago/1251798/,2,2.5,3,US$,117800,Cindy Real Estate,NA,Santiago, Santiago de los Caballeros,En Construcción,113,Residencial,NA,FALSE,FALSE,FALSE,FALSE,FALSE,FALSE,FALSE,FALSE,FALSE,117800
2022-01-24,/apartamentos-venta-santiago/1232992/,2,3.5,3,US$,303800,Cindy Real Estate,NA,Santiago, Santiago de los Caballeros,En Planos,196,Residencial,NA,TRUE,TRUE,FALSE,FALSE,TRUE,TRUE,TRUE,FALSE,TRUE,303800
2022-01-24,/apartamentos-venta-santiago/1255164/,2,2.5,3,US$,143000,Cindy Real Estate,NA,Santiago, Santiago de los Caballeros,En Planos,138,Residencial,NA,FALSE,FALSE,FALSE,FALSE,FALSE,TRUE,TRUE,FALSE,FALSE,143000
2022-01-24,/apartamentos-venta-santiago/1236442/,2,3.5,3,US$,268000,Cindy Real Estate,NA,Santiago, Santiago de los Caballeros,En Planos,182,Residencial,NA,TRUE,TRUE,FALSE,FALSE,TRUE,TRUE,TRUE,TRUE,TRUE,268000
2022-01-24,/apartamentos-venta-santiago/1263273/,2,2.5,3,US$,171864,Cindy Real Estate,NA,Santiago, Santiago de los Caballeros,En Planos,122,Residencial,NA,TRUE,TRUE,TRUE,FALSE,TRUE,TRUE,TRUE,FALSE,TRUE,171864
2022-01-24,/apartamentos-venta-santiago/1266194/,1,2.5,2,US$,226000,Cindy Real Estate,NA,Santiago, Santiago de los Caballeros,En Planos,117,Residencial,NA,TRUE,TRUE,TRUE,FALSE,TRUE,TRUE,TRUE,FALSE,TRUE,226000
2022-01-24,/apartamentos-venta-santiago/1265457/,2,2.5,3,US$,228250,Cindy Real Estate,NA,Santiago, Santiago de los Caballeros,En Construcción,163,Residencial,NA,TRUE,TRUE,TRUE,FALSE,TRUE,FALSE,TRUE,FALSE,TRUE,228250
2022-01-24,/apartamentos-venta-santiago/1265386/,2,2,3,US$,128000,Cindy Real Estate,NA,Santiago, Santiago de los Caballeros,En Planos,115,Residencial,NA,FALSE,FALSE,FALSE,FALSE,FALSE,FALSE,TRUE,FALSE,FALSE,128000
2022-01-24,/apartamentos-venta-la-esmeralda/1257337/,2,3.5,3,US$,313600,Seekers Inmobiliaria,La Esmeralda, Santiago, Santiago de los Caballeros,En Construcción,194,Residencial,4,TRUE,TRUE,FALSE,FALSE,TRUE,TRUE,TRUE,TRUE,TRUE,313600
2022-01-24,/apartamentos-venta-la-esmeralda/1257336/,2,3.5,3,US$,180575,Seekers Inmobiliaria,La Esmeralda, Santiago, Santiago de los Caballeros,En Construcción,116,Residencial,1,TRUE,TRUE,FALSE,FALSE,TRUE,TRUE,TRUE,TRUE,TRUE,180575
2022-01-24,/apartamentos-venta-bella-vista/1229270/,4,3.5,3,US$,900900,Seekers Inmobiliaria,Bella vista, Santiago, Santiago de los Caballeros,En Construcción,358,Residencial,3,TRUE,TRUE,TRUE,FALSE,TRUE,TRUE,TRUE,FALSE,TRUE,900900
2022-01-24,/apartamentos-venta-la-esmeralda/1262495/,2,4,3,US$,260000,Olima Real Estate,La Esmeralda, Santiago, Santiago de los Caballeros,Nueva,243,Residencial,1,FALSE,FALSE,FALSE,FALSE,FALSE,FALSE,TRUE,FALSE,FALSE,260000
2022-01-24,/apartamentos-venta-av--juan-pablo-duarte/1263387/,3,4,3,RD$,8100000,Olima Real Estate,Av. Juan Pablo Duarte, Santiago, Santiago de los Caballeros,Segundo Uso,208,Residencial,1,FALSE,FALSE,FALSE,FALSE,TRUE,FALSE,TRUE,FALSE,FALSE,138461.53846153847
2022-01-24,/apartamentos-venta-la-esmeralda/1263381/,1,4,3,US$,260000,Olima Real Estate,La Esmeralda, Santiago, Santiago de los Caballeros,Segundo Uso,243,Residencial,7,FALSE,TRUE,FALSE,FALSE,FALSE,FALSE,TRUE,FALSE,FALSE,260000
2022-01-24,/apartamentos-venta-la-esmeralda/1260475/,1,3,2,US$,187000,Olima Real Estate,La Esmeralda, Santiago, Santiago de los Caballeros,Nueva,118,Residencial,13,FALSE,TRUE,FALSE,FALSE,TRUE,TRUE,TRUE,FALSE,FALSE,187000
2022-01-24,/apartamentos-venta-gurabo/1254467/,1,2,3,RD$,3800000,Olima Real Estate,Gurabo, Santiago, Santiago de los Caballeros,Nueva,87,Residencial,4,FALSE,FALSE,TRUE,TRUE,TRUE,FALSE,TRUE,TRUE,FALSE,64957.26495726496
2022-01-24,/apartamentos-venta-la-esmeralda/1267937/,1,4,2,US$,255000,Olima Real Estate,La Esmeralda, Santiago, Santiago de los Caballeros,Nueva,122,Residencial,16,FALSE,TRUE,TRUE,FALSE,TRUE,FALSE,TRUE,FALSE,FALSE,255000
2022-01-24,/apartamentos-venta-santiago/1255592/,2,2,3,RD$,6500000,Olima Real Estate,NA,Santiago, Santiago de los Caballeros,Segundo Uso,144,Residencial,4,FALSE,FALSE,FALSE,FALSE,FALSE,FALSE,FALSE,FALSE,FALSE,111111.11111111111
2022-01-24,/apartamentos-venta-gurabo/1254448/,2,2,3,US$,83000,Olima Real Estate,Gurabo, Santiago, Santiago de los Caballeros,Nueva,108,Residencial,4,FALSE,FALSE,FALSE,FALSE,TRUE,FALSE,TRUE,FALSE,FALSE,83000
2022-01-24,/apartamentos-venta-santiago/1254462/,3,5,3,US$,230000,Olima Real Estate,NA,Santiago, Santiago de los Caballeros,Segundo Uso,212,Residencial,1,FALSE,FALSE,FALSE,TRUE,TRUE,FALSE,TRUE,FALSE,FALSE,230000
2022-01-24,/apartamentos-venta-la-esmeralda/1254393/,1,2,1,US$,116363,Olima Real Estate,La Esmeralda, Santiago, Santiago de los Caballeros,Nueva,80,Residencial,11,FALSE,TRUE,FALSE,FALSE,FALSE,FALSE,TRUE,FALSE,FALSE,116363
2022-01-24,/apartamentos-venta-llanos-de-gurabo/1254395/,1,3,3,US$,129200,Olima Real Estate,LLanos de Gurabo, Santiago, Santiago de los Caballeros,Nueva,136,Residencial,6,FALSE,TRUE,TRUE,FALSE,FALSE,FALSE,TRUE,FALSE,FALSE,129200
2022-01-24,/apartamentos-venta-monte-verde/1254326/,2,3,3,US$,153000,Olima Real Estate,Monte Verde, Santiago, Santiago de los Caballeros,Nueva,148,Residencial,2,FALSE,FALSE,TRUE,FALSE,FALSE,FALSE,TRUE,FALSE,FALSE,153000
2022-01-24,/apartamentos-venta-jardines-del-este/1254351/,2,2,3,US$,190000,Olima Real Estate,Jardines del Este, Santiago, Santiago de los Caballeros,Segundo Uso,150,Residencial,6,FALSE,TRUE,FALSE,FALSE,TRUE,FALSE,FALSE,FALSE,FALSE,190000
2022-01-24,/apartamentos-venta-la-trinitaria/1254345/,2,4,3,US$,410000,Olima Real Estate,La Trinitaria, Santiago, Santiago de los Caballeros,Nueva,271,Residencial,12,FALSE,TRUE,FALSE,FALSE,TRUE,FALSE,TRUE,FALSE,TRUE,410000
2022-01-24,/apartamentos-venta-jardines-del-norte/1263408/,1,2,3,US$,92500,Olima Real Estate,Jardines del Norte, Santiago, Santiago de los Caballeros,Nueva,90,Residencial,4,FALSE,FALSE,TRUE,FALSE,FALSE,FALSE,TRUE,FALSE,FALSE,92500
2022-01-24,/apartamentos-venta-jardines-del-norte/1263406/,1,2,3,US$,92000,Olima Real Estate,Jardines del Norte, Santiago, Santiago de los Caballeros,Nueva,90,Residencial,4,FALSE,FALSE,TRUE,FALSE,FALSE,FALSE,TRUE,FALSE,FALSE,92000
2022-01-24,/apartamentos-venta-santiago/1254255/,2,2,3,US$,110000,Olima Real Estate,NA,Santiago, Santiago de los Caballeros,Nueva,115,Residencial,2,FALSE,FALSE,TRUE,FALSE,FALSE,TRUE,TRUE,FALSE,FALSE,110000
2022-01-24,/apartamentos-venta-santiago/1254267/,2,2,3,RD$,3550000,Olima Real Estate,NA,Santiago, Santiago de los Caballeros,En Planos,96,Residencial,4,FALSE,FALSE,TRUE,FALSE,FALSE,FALSE,FALSE,FALSE,FALSE,60683.76068376069
2022-01-24,/apartamentos-venta-la-trinitaria/1255925/,3,3.5,3,US$,315000,Olima Real Estate,La Trinitaria, Santiago, Santiago de los Caballeros,Segundo Uso,335,Residencial,4,FALSE,TRUE,FALSE,FALSE,FALSE,FALSE,TRUE,TRUE,FALSE,315000
2022-01-24,/apartamentos-venta-la-trinitaria/1256904/,3,3.5,3,US$,515000,ZE Bienes Raices,La Trinitaria, Santiago, Santiago de los Caballeros,NA,240,Residencial,6,TRUE,TRUE,FALSE,FALSE,TRUE,TRUE,TRUE,FALSE,TRUE,515000
2022-01-24,/apartamentos-venta-santiago/1255021/,2,2.5,3,US$,180000,ZE Bienes Raices,NA,Santiago, Santiago de los Caballeros,NA,178,Residencial,NA,TRUE,TRUE,FALSE,FALSE,FALSE,TRUE,TRUE,FALSE,FALSE,180000
2022-01-24,/apartamentos-venta-dorado-ll/1247827/,3,2.5,3,RD$,8600000,ZE Bienes Raices,Dorado ll, Santiago, Santiago de los Caballeros,NA,272,Residencial,1,FALSE,FALSE,FALSE,FALSE,TRUE,FALSE,FALSE,FALSE,FALSE,147008.547008547
2022-01-24,/apartamentos-venta-la-trinitaria/1254188/,2,3.5,3,US$,255000,ZE Bienes Raices,La Trinitaria, Santiago, Santiago de los Caballeros,NA,228,Residencial,4,TRUE,TRUE,FALSE,FALSE,FALSE,FALSE,TRUE,FALSE,FALSE,255000
2022-01-24,/apartamentos-venta-la-esmeralda/1238439/,2,3,3,US$,275000,ZE Bienes Raices,La Esmeralda, Santiago, Santiago de los Caballeros,NA,190,Residencial,4,TRUE,TRUE,FALSE,FALSE,FALSE,FALSE,TRUE,FALSE,FALSE,275000
2022-01-24,/apartamentos-venta-la-trinitaria/1257323/,2,3.5,3,US$,235000,ZE Bienes Raices,La Trinitaria, Santiago, Santiago de los Caballeros,NA,235,Residencial,2,TRUE,TRUE,FALSE,FALSE,FALSE,TRUE,FALSE,FALSE,FALSE,235000
2022-01-24,/apartamentos-venta-villa-maria/1255295/,2,2,3,US$,185000,ZE Bienes Raices,Villa Maria, Santiago, Santiago de los Caballeros,NA,160,Residencial,1,FALSE,FALSE,FALSE,FALSE,FALSE,FALSE,TRUE,FALSE,FALSE,185000
2022-01-24,/apartamentos-venta-cerros-de-gurabo/1257610/,2,3.5,3,US$,220000,ZE Bienes Raices,Cerros de Gurabo, Santiago, Santiago de los Caballeros,NA,220,Residencial,NA,TRUE,TRUE,FALSE,FALSE,FALSE,FALSE,TRUE,FALSE,FALSE,220000
2022-01-24,/apartamentos-venta-la-rosaleda/1235213/,2,3.5,3,US$,270000,ZE Bienes Raices,La Rosaleda, Santiago, Santiago de los Caballeros,NA,217,Residencial,5,TRUE,TRUE,FALSE,FALSE,FALSE,FALSE,TRUE,FALSE,FALSE,270000
2022-01-24,/apartamentos-venta-cerros-de-gurabo/1268047/,2,3.5,3,US$,299000,Seekers Inmobiliaria,Cerros de Gurabo, Santiago, Santiago de los Caballeros,En Construcción,177,Residencial,4,FALSE,FALSE,FALSE,TRUE,FALSE,TRUE,TRUE,FALSE,FALSE,299000
2022-01-24,/apartamentos-venta-gurabo/1252274/,1,2,2,US$,48500,Ciudad Inmobiliaria ,Gurabo, Santiago, Santiago de los Caballeros,En Construcción,63,Residencial,NA,FALSE,FALSE,TRUE,TRUE,FALSE,FALSE,TRUE,FALSE,TRUE,48500
2022-01-24,/apartamentos-venta-santiago/1235292/,1,2,2,US$,202644,Cindy Real Estate,NA,Santiago, Santiago de los Caballeros,En Planos,112,Residencial,NA,TRUE,TRUE,TRUE,FALSE,TRUE,TRUE,TRUE,FALSE,TRUE,202644
2022-01-24,/apartamentos-venta-santiago/1263410/,2,3.5,3,US$,299000,Cindy Real Estate,NA,Santiago, Santiago de los Caballeros,En Planos,177,Residencial,NA,TRUE,TRUE,FALSE,FALSE,TRUE,TRUE,TRUE,TRUE,TRUE,299000
2022-01-24,/apartamentos-venta-santiago/1219394/,2,3.5,3,US$,280000,Cindy Real Estate,NA,Santiago, Santiago de los Caballeros,En Construcción,160,Residencial,NA,TRUE,TRUE,FALSE,FALSE,FALSE,TRUE,TRUE,FALSE,TRUE,280000
2022-01-24,/apartamentos-venta-los-samanes/1261431/,2,2.5,3,US$,211400,KW Norte Realty,Los Samanes, Santiago, Santiago de los Caballeros,En Planos,151,Residencial,2,TRUE,TRUE,FALSE,FALSE,FALSE,TRUE,TRUE,FALSE,TRUE,211400
2022-01-24,/apartamentos-venta-av--hispano-americano/1265702/,1,2.5,3,US$,137000,KW Norte Realty,Av. Hispano Americano, Santiago, Santiago de los Caballeros,En Planos,122,Residencial,5,TRUE,TRUE,FALSE,FALSE,FALSE,TRUE,TRUE,FALSE,TRUE,137000
2022-01-24,/apartamentos-venta-los-alamos/1242680/,2,2.5,3,US$,250000,KW Norte Realty,los Alamos, Santiago, Santiago de los Caballeros,Segundo Uso,147,Residencial,4,FALSE,FALSE,FALSE,FALSE,FALSE,FALSE,TRUE,FALSE,FALSE,250000
2022-01-24,/apartamentos-venta-la-trinitaria/1251622/,2,2.5,2,US$,253062,KW Norte Realty,La Trinitaria, Santiago, Santiago de los Caballeros,En Planos,110,Residencial,2,TRUE,TRUE,TRUE,FALSE,FALSE,TRUE,TRUE,FALSE,FALSE,253062
2022-01-24,/apartamentos-venta-quinta-de-rincon-largo/1263329/,2,2.5,3,US$,175000,KW Norte Realty,Quinta de Rincon Largo, Santiago, Santiago de los Caballeros,En Construcción,152,Residencial,NA,TRUE,TRUE,FALSE,FALSE,FALSE,TRUE,TRUE,FALSE,FALSE,175000
2022-01-24,/apartamentos-venta-cerros-de-gurabo/1253481/,1,2.5,2,US$,250000,KW Norte Realty,Cerros de Gurabo, Santiago, Santiago de los Caballeros,En Construcción,115,Residencial,10,TRUE,TRUE,FALSE,FALSE,FALSE,TRUE,TRUE,FALSE,TRUE,250000
2022-01-24,/apartamentos-venta-los-colegios/1237417/,NA,2.5,2,US$,200514,KW Norte Realty,Los Colegios, Santiago, Santiago de los Caballeros,En Construcción,87,Residencial,6,TRUE,TRUE,TRUE,FALSE,FALSE,TRUE,TRUE,FALSE,FALSE,200514
2022-01-24,/apartamentos-venta-llanos-de-gurabo/1261432/,1,2,3,US$,115000,KW Norte Realty,LLanos de Gurabo, Santiago, Santiago de los Caballeros,En Construcción,126,Residencial,3,FALSE,FALSE,FALSE,FALSE,FALSE,FALSE,TRUE,FALSE,FALSE,115000
2022-01-24,/apartamentos-venta-av--juan-pablo-duarte/1262016/,2,2,3,US$,120000,KW Norte Realty,Av. Juan Pablo Duarte, Santiago, Santiago de los Caballeros,En Planos,111,Residencial,2,FALSE,FALSE,TRUE,FALSE,FALSE,FALSE,TRUE,FALSE,FALSE,120000
2022-01-24,/apartamentos-venta-los-alamos/1259113/,2,2.5,3,US$,135000,KW Norte Realty,los Alamos, Santiago, Santiago de los Caballeros,Segundo Uso,158,Residencial,4,FALSE,FALSE,FALSE,FALSE,TRUE,FALSE,TRUE,FALSE,FALSE,135000
2022-01-24,/apartamentos-venta-cerros-de-gurabo/1266725/,1,1,2,US$,85000,KW Norte Realty,Cerros de Gurabo, Santiago, Santiago de los Caballeros,Segundo Uso,131,Residencial,4,FALSE,FALSE,FALSE,FALSE,FALSE,FALSE,FALSE,FALSE,FALSE,85000
2022-01-24,/apartamentos-venta-villa-olga/1242639/,2,2.5,2,US$,215000,KW Norte Realty,Villa Olga, Santiago, Santiago de los Caballeros,En Planos,111,Residencial,8,FALSE,TRUE,FALSE,FALSE,FALSE,TRUE,TRUE,FALSE,FALSE,215000
2022-01-24,/apartamentos-venta-gurabo/1244361/,2,2,3,US$,115000,KW Norte Realty,Gurabo, Santiago, Santiago de los Caballeros,En Construcción,101,Residencial,2,FALSE,FALSE,TRUE,FALSE,FALSE,FALSE,TRUE,FALSE,TRUE,115000
2022-01-24,/apartamentos-venta-cerros-de-gurabo/1260246/,2,3.5,3,US$,244000,KW Norte Realty,Cerros de Gurabo, Santiago, Santiago de los Caballeros,En Construcción,160,Residencial,4,FALSE,TRUE,TRUE,FALSE,FALSE,FALSE,TRUE,FALSE,TRUE,244000
2022-01-24,/apartamentos-venta-villa-maria/1260165/,2,2.5,3,US$,210000,KW Norte Realty,Villa Maria, Santiago, Santiago de los Caballeros,En Construcción,140,Residencial,3,FALSE,TRUE,FALSE,FALSE,FALSE,FALSE,TRUE,FALSE,FALSE,210000
2022-01-24,/apartamentos-venta-av--juan-pablo-duarte/1267838/,1,2.5,2,US$,120000,KW Norte Realty,Av. Juan Pablo Duarte, Santiago, Santiago de los Caballeros,En Construcción,97,Residencial,4,FALSE,TRUE,TRUE,FALSE,FALSE,TRUE,TRUE,FALSE,FALSE,120000
2022-01-24,/apartamentos-venta-av--juan-pablo-duarte/1267839/,1,2,3,US$,135000,KW Norte Realty,Av. Juan Pablo Duarte, Santiago, Santiago de los Caballeros,En Construcción,114,Residencial,5,TRUE,TRUE,TRUE,FALSE,FALSE,TRUE,TRUE,FALSE,FALSE,135000
2022-01-24,/apartamentos-venta-bella-vista/1249870/,2,NA,3,US$,135000,"Constructora Cepeda Santana (CONCESA, S.R.L.)",Bella vista, Santiago, Santiago de los Caballeros,Nueva,NA,Residencial,4,FALSE,TRUE,FALSE,FALSE,FALSE,FALSE,TRUE,FALSE,FALSE,135000
2022-01-24,/apartamentos-venta-santiago/1258672/,1,2.5,2,US$,188000,Cindy Real Estate,NA,Santiago, Santiago de los Caballeros,En Planos,109,Residencial,NA,TRUE,TRUE,FALSE,FALSE,TRUE,TRUE,TRUE,FALSE,TRUE,188000
2022-01-24,/apartamentos-venta-cerros-de-gurabo/1268118/,2,3,3,US$,275000,Seekers Inmobiliaria,Cerros de Gurabo, Santiago, Santiago de los Caballeros,En Construcción,NA,Residencial,NA,FALSE,TRUE,FALSE,FALSE,FALSE,TRUE,TRUE,TRUE,TRUE,275000
2022-01-24,/apartamentos-venta-la-trinitaria/1256501/,3,3.5,3,US$,350000,ZE Bienes Raices,La Trinitaria, Santiago, Santiago de los Caballeros,NA,276,Residencial,6,TRUE,TRUE,FALSE,FALSE,TRUE,TRUE,TRUE,FALSE,FALSE,350000
2022-01-24,/apartamentos-venta-santiago/1253428/,NA,NA,NA,US$,229000,ZE Bienes Raices,NA,Santiago, Santiago de los Caballeros,En Construcción,NA,Residencial,NA,FALSE,FALSE,FALSE,FALSE,FALSE,FALSE,FALSE,FALSE,FALSE,229000
2022-01-24,/apartamentos-venta-villa-maria/1249595/,2,2.5,3,US$,8500000,ZE Bienes Raices,Villa Maria, Santiago, Santiago de los Caballeros,NA,156,Residencial,1,FALSE,FALSE,FALSE,FALSE,FALSE,FALSE,TRUE,FALSE,FALSE,8500000
2022-01-24,/apartamentos-venta-el-dorado-ii/1238929/,1,2,3,US$,98000,New Home Constructora Inmobiliaria,El Dorado II, Santiago, Santiago de los Caballeros,Segundo Uso,140,Residencial,4,FALSE,FALSE,TRUE,FALSE,TRUE,FALSE,TRUE,FALSE,FALSE,98000
2022-01-24,/apartamentos-venta-bella-vista/1253705/,1,1.5,1,US$,125400,Algonovo Real Estate,Bella vista, Santiago, Santiago de los Caballeros,En Construcción,74,Residencial,11,FALSE,FALSE,FALSE,FALSE,FALSE,FALSE,FALSE,FALSE,FALSE,125400
2022-01-24,/apartamentos-venta-bella-vista/1229241/,2,3,3,US$,240000,Mr. Home Asesores Inmobiliarios,Bella vista, Santiago, Santiago de los Caballeros,NA,NA,Residencial,NA,TRUE,FALSE,TRUE,FALSE,FALSE,FALSE,FALSE,FALSE,TRUE,240000
2022-01-24,/apartamentos-venta-santiago/1258716/,2,2.5,3,US$,175000,Cindy Real Estate,NA,Santiago, Santiago de los Caballeros,Nueva,125,Residencial,NA,TRUE,TRUE,TRUE,FALSE,TRUE,FALSE,TRUE,FALSE,FALSE,175000
2022-01-24,/apartamentos-venta-santiago/1247377/,1,2,3,US$,62000,Cindy Real Estate,NA,Santiago, Santiago de los Caballeros,En Construcción,83,Residencial,NA,FALSE,FALSE,TRUE,FALSE,FALSE,FALSE,TRUE,FALSE,FALSE,62000
2022-01-24,/apartamentos-venta-la-trinitaria/1268044/,3,NA,NA,US$,890000,Seekers Inmobiliaria,La Trinitaria, Santiago, Santiago de los Caballeros,En Construcción,485,Residencial,NA,TRUE,FALSE,TRUE,FALSE,FALSE,TRUE,FALSE,TRUE,TRUE,890000
2022-01-24,/apartamentos-venta-santiago/1268042/,NA,1,1,US$,111605,Seekers Inmobiliaria,NA,Santiago, Santiago de los Caballeros,En Construcción,66,Residencial,NA,TRUE,TRUE,FALSE,TRUE,FALSE,FALSE,TRUE,FALSE,TRUE,111605
2022-01-24,/apartamentos-venta-cerros-de-gurabo/1268037/,2,3.5,3,US$,275000,Seekers Inmobiliaria,Cerros de Gurabo, Santiago, Santiago de los Caballeros,En Construcción,182,Residencial,2,TRUE,TRUE,FALSE,FALSE,FALSE,TRUE,TRUE,TRUE,TRUE,275000
2022-01-24,/apartamentos-venta-gurabo/1254433/,1,2,3,US$,74000,Kaza Inmobiliaria,Gurabo, Santiago, Santiago de los Caballeros,En Construcción,87,Residencial,NA,FALSE,FALSE,TRUE,TRUE,FALSE,FALSE,TRUE,FALSE,FALSE,74000
2022-01-24,/apartamentos-venta-la-trinitaria/1256728/,2,3.5,3,US$,362000,ZE Bienes Raices,La Trinitaria, Santiago, Santiago de los Caballeros,Nueva,219,Residencial,4,TRUE,TRUE,FALSE,FALSE,FALSE,TRUE,TRUE,FALSE,TRUE,362000
2022-01-24,/apartamentos-venta-villa-olga/1256500/,2,3.5,3,US$,350000,ZE Bienes Raices,Villa Olga, Santiago, Santiago de los Caballeros,NA,217,Residencial,NA,TRUE,TRUE,FALSE,FALSE,FALSE,FALSE,TRUE,FALSE,TRUE,350000
2022-01-24,/apartamentos-venta-y-alquiler-la-trinitaria/1248845/,2,3.5,3,US$,450000,ZE Bienes Raices,La Trinitaria, Santiago, Santiago de los Caballeros,Nueva,208,Residencial,NA,TRUE,TRUE,TRUE,FALSE,TRUE,TRUE,TRUE,FALSE,TRUE,450000
2022-01-24,/apartamentos-venta-cerros-de-gurabo/1254407/,2,3.5,3,US$,220000,ZE Bienes Raices,Cerros de Gurabo, Santiago, Santiago de los Caballeros,NA,160,Residencial,1,TRUE,TRUE,FALSE,FALSE,FALSE,TRUE,TRUE,FALSE,FALSE,220000
2022-01-24,/apartamentos-venta-los-prados-i/1264973/,1,1.5,2,US$,111500,Habitame Inmobiliaria,Los prados I, Santiago, Santiago de los Caballeros,En Construcción,NA,Residencial,NA,FALSE,FALSE,FALSE,FALSE,FALSE,FALSE,FALSE,FALSE,FALSE,111500
2022-01-24,/apartamentos-venta-santiago/1232812/,3,3.5,3,US$,575000,Remax Blu,NA,Santiago, Santiago de los Caballeros,Segundo Uso,490,Residencial,5,TRUE,TRUE,FALSE,FALSE,FALSE,TRUE,TRUE,FALSE,FALSE,575000
2022-01-24,/apartamentos-venta-santiago/1235289/,1,2,2,US$,202644,Cindy Real Estate,NA,Santiago, Santiago de los Caballeros,En Planos,112,Residencial,NA,TRUE,TRUE,TRUE,FALSE,TRUE,TRUE,TRUE,FALSE,TRUE,202644
2022-01-24,/apartamentos-venta-santiago/1255163/,1,2,2,US$,119000,Cindy Real Estate,NA,Santiago, Santiago de los Caballeros,En Planos,117,Residencial,NA,FALSE,FALSE,FALSE,FALSE,FALSE,TRUE,TRUE,FALSE,FALSE,119000
2022-01-24,/apartamentos-venta-santiago/1265459/,2,2.5,3,US$,128000,Cindy Real Estate,NA,Santiago, Santiago de los Caballeros,Nueva,124,Residencial,NA,FALSE,FALSE,FALSE,FALSE,FALSE,FALSE,TRUE,FALSE,FALSE,128000
2022-01-24,/apartamentos-venta-los-alamos/1267806/,1,2,3,US$,101000,Vetas Soluciones Inmobiliarias,los Alamos, Santiago, Santiago de los Caballeros,En Construcción,93,Residencial,NA,FALSE,FALSE,FALSE,FALSE,FALSE,FALSE,TRUE,FALSE,FALSE,101000
2022-01-24,/apartamentos-venta-santiago/1225049/,2,2,3,US$,140000,Cindy Real Estate,NA,Santiago, Santiago de los Caballeros,En Planos,110,Residencial,NA,TRUE,TRUE,TRUE,FALSE,FALSE,TRUE,TRUE,FALSE,FALSE,140000
2022-01-24,/apartamentos-venta-santiago/1247084/,2,2.5,3,US$,186400,Cindy Real Estate,NA,Santiago, Santiago de los Caballeros,En Planos,138,Residencial,NA,TRUE,TRUE,FALSE,FALSE,FALSE,FALSE,TRUE,FALSE,TRUE,186400
2022-01-24,/apartamentos-venta-las-colinas/1234320/,2,2,3,RD$,5650000,Cindy Real Estate,Las Colinas, Santiago, Santiago de los Caballeros,En Planos,113,Residencial,NA,FALSE,FALSE,FALSE,FALSE,FALSE,FALSE,TRUE,FALSE,FALSE,96581.19658119658
2022-01-24,/apartamentos-venta-la-esmeralda/1238631/,3,3.5,3,US$,625000,Paez Luxury Real Estate ,La Esmeralda, Santiago, Santiago de los Caballeros,Segundo Uso,375,Residencial,14,TRUE,TRUE,FALSE,TRUE,TRUE,FALSE,TRUE,TRUE,TRUE,625000
2022-01-24,/apartamentos-venta-santiago/1265021/,2,2.5,3,US$,130000,Cindy Real Estate,NA,Santiago, Santiago de los Caballeros,En Construcción,130,Residencial,NA,FALSE,FALSE,FALSE,FALSE,TRUE,FALSE,TRUE,FALSE,FALSE,130000
2022-01-24,/apartamentos-venta-santiago/1259548/,2,3.5,3,US$,210000,Cindy Real Estate,NA,Santiago, Santiago de los Caballeros,En Construcción,140,Residencial,NA,TRUE,TRUE,FALSE,FALSE,TRUE,TRUE,TRUE,FALSE,TRUE,210000
2022-01-24,/apartamentos-venta-santiago/1251713/,2,2.5,2,US$,248062,Cindy Real Estate,NA,Santiago, Santiago de los Caballeros,En Planos,110,Residencial,NA,TRUE,TRUE,TRUE,FALSE,TRUE,TRUE,TRUE,FALSE,TRUE,248062
2022-01-24,/apartamentos-venta-bella-vista/1256944/,NA,NA,NA,US$,132000,Paez Luxury Real Estate ,Bella vista, Santiago, Santiago de los Caballeros,En Construcción,NA,N/D,NA,FALSE,FALSE,FALSE,FALSE,FALSE,FALSE,FALSE,FALSE,FALSE,132000
2022-01-24,/apartamentos-venta-santiago/1267470/,2,3,3,US$,299000,Seekers Inmobiliaria,NA,Santiago, Santiago de los Caballeros,En Construcción,177,Residencial,NA,TRUE,FALSE,FALSE,TRUE,FALSE,TRUE,TRUE,FALSE,TRUE,299000
2022-01-24,/apartamentos-venta-jardines-del-este/1143972/,2,2.5,3,US$,215000,ZE Bienes Raices,Jardines del Este, Santiago, Santiago de los Caballeros,En Planos,153,Residencial,2,TRUE,TRUE,TRUE,FALSE,FALSE,TRUE,TRUE,FALSE,TRUE,215000
2022-01-24,/apartamentos-venta-santiago/1257623/,1,2,2,US$,103000,Cindy Real Estate,NA,Santiago, Santiago de los Caballeros,En Planos,77,Residencial,NA,FALSE,FALSE,FALSE,FALSE,FALSE,FALSE,TRUE,FALSE,FALSE,103000
2022-01-24,/apartamentos-venta-santiago/1244318/,1,2,2,US$,85000,Cindy Real Estate,NA,Santiago, Santiago de los Caballeros,En Construcción,83,Residencial,NA,FALSE,FALSE,FALSE,FALSE,FALSE,FALSE,TRUE,FALSE,FALSE,85000
2022-01-24,/apartamentos-venta-santiago/1210887/,1,2,3,US$,107000,Cindy Real Estate,NA,Santiago, Santiago de los Caballeros,En Construcción,100,Residencial,NA,TRUE,TRUE,TRUE,FALSE,FALSE,FALSE,TRUE,FALSE,FALSE,107000
2022-01-24,/apartamentos-venta-panorama/1267248/,NA,3.5,3,US$,425000,Seekers Inmobiliaria,Panorama, Santiago, Santiago de los Caballeros,En Construcción,250,Residencial,3,TRUE,TRUE,FALSE,FALSE,FALSE,FALSE,TRUE,FALSE,TRUE,425000
2022-01-24,/apartamentos-venta-panorama/1267247/,NA,1,1,US$,111605,Seekers Inmobiliaria,Panorama, Santiago, Santiago de los Caballeros,En Construcción,66,Residencial,7,FALSE,TRUE,FALSE,FALSE,FALSE,FALSE,TRUE,FALSE,TRUE,111605
2022-01-24,/apartamentos-venta-santiago/1262335/,1,2,3,US$,95000,Cindy Real Estate,NA,Santiago, Santiago de los Caballeros,En Planos,100,Residencial,NA,FALSE,FALSE,FALSE,FALSE,FALSE,FALSE,TRUE,FALSE,FALSE,95000
2022-01-24,/apartamentos-venta-bella-vista/1261055/,NA,3.5,3,US$,258000,Paez Luxury Real Estate ,Bella vista, Santiago, Santiago de los Caballeros,En Construcción,NA,Residencial,NA,TRUE,TRUE,TRUE,FALSE,TRUE,FALSE,TRUE,TRUE,TRUE,258000
2022-01-24,/apartamentos-venta-santiago/1243593/,2,2.5,3,US$,197600,Cindy Real Estate,NA,Santiago, Santiago de los Caballeros,En Construcción,152,Residencial,NA,TRUE,TRUE,TRUE,FALSE,TRUE,FALSE,TRUE,FALSE,FALSE,197600
2022-01-24,/apartamentos-venta-santiago/1265834/,1,2,3,US$,137000,Cindy Real Estate,NA,Santiago, Santiago de los Caballeros,En Planos,122,Residencial,NA,TRUE,TRUE,TRUE,FALSE,TRUE,TRUE,TRUE,FALSE,TRUE,137000
2022-01-24,/apartamentos-venta-santiago/1262953/,1,1.5,1,US$,125000,Cindy Real Estate,NA,Santiago, Santiago de los Caballeros,En Planos,68,Residencial,NA,TRUE,TRUE,FALSE,FALSE,TRUE,TRUE,TRUE,FALSE,TRUE,125000
2022-01-24,/apartamentos-venta-santiago/1265462/,2,2.5,3,US$,180700,Cindy Real Estate,NA,Santiago, Santiago de los Caballeros,En Construcción,139,Residencial,NA,TRUE,TRUE,FALSE,FALSE,TRUE,FALSE,TRUE,FALSE,FALSE,180700
2022-01-24,/apartamentos-venta-santiago/1258103/,2,2.5,3,US$,160000,Cindy Real Estate,NA,Santiago, Santiago de los Caballeros,En Construcción,144,Residencial,NA,TRUE,TRUE,FALSE,FALSE,TRUE,TRUE,TRUE,TRUE,TRUE,160000
2022-01-24,/apartamentos-venta-la-esmeralda/1258618/,1,1.5,1,US$,205000,ZE Bienes Raices,La Esmeralda, Santiago, Santiago de los Caballeros,NA,NA,Residencial,14,TRUE,TRUE,TRUE,FALSE,FALSE,TRUE,TRUE,FALSE,TRUE,205000
2022-01-24,/apartamentos-venta-la-trinitaria/1267098/,1,2.5,2,US$,223000,Seekers Inmobiliaria,La Trinitaria, Santiago, Santiago de los Caballeros,Nueva,98,Residencial,NA,TRUE,TRUE,TRUE,FALSE,TRUE,TRUE,TRUE,FALSE,TRUE,223000
2022-01-24,/apartamentos-venta-cerro-de-gurabo-lll/1267091/,2,3.5,3,US$,299000,Seekers Inmobiliaria,Cerro de Gurabo lll, Santiago, Santiago de los Caballeros,Nueva,177,Residencial,NA,TRUE,TRUE,FALSE,FALSE,TRUE,TRUE,TRUE,FALSE,TRUE,299000
2022-01-24,/apartamentos-venta-santiago/1265385/,1,2,3,US$,116000,Cindy Real Estate,NA,Santiago, Santiago de los Caballeros,En Planos,105,Residencial,NA,FALSE,FALSE,FALSE,FALSE,FALSE,FALSE,TRUE,FALSE,FALSE,116000
2022-01-24,/apartamentos-venta-santiago/1254794/,2,2.5,3,RD$,8000000,ZE Bienes Raices,NA,Santiago, Santiago de los Caballeros,NA,156,Residencial,1,FALSE,FALSE,FALSE,FALSE,FALSE,FALSE,TRUE,FALSE,FALSE,136752.13675213675
2022-01-24,/apartamentos-venta-consuelo/1095359/,NA,NA,NA,US$,93570,Vetas Soluciones Inmobiliarias,Consuelo, Santiago, Santiago de los Caballeros,Nueva,72,Residencial,NA,FALSE,TRUE,TRUE,FALSE,FALSE,FALSE,TRUE,FALSE,FALSE,93570
2022-01-24,/apartamentos-venta-thomen/1251728/,NA,NA,NA,US$,138000,Vetas Soluciones Inmobiliarias,Thomen, Santiago, Santiago de los Caballeros,Nueva,NA,Residencial,NA,FALSE,FALSE,FALSE,FALSE,FALSE,FALSE,FALSE,FALSE,FALSE,138000
2022-01-24,/apartamentos-venta-rincon-largo/1251676/,NA,2.5,2,US$,215000,Vetas Soluciones Inmobiliarias,Rincon Largo, Santiago, Santiago de los Caballeros,Nueva,100,Residencial,NA,FALSE,FALSE,FALSE,FALSE,FALSE,FALSE,FALSE,FALSE,FALSE,215000
2022-01-24,/apartamentos-venta-la-trinitaria/1245431/,1,1,1,US$,192000,Vetas Soluciones Inmobiliarias,La Trinitaria, Santiago, Santiago de los Caballeros,Nueva,50,Residencial,NA,TRUE,TRUE,FALSE,FALSE,TRUE,TRUE,TRUE,FALSE,TRUE,192000
2022-01-24,/apartamentos-venta-la-trinitaria/1182713/,NA,NA,2,US$,241500,Vetas Soluciones Inmobiliarias,La Trinitaria, Santiago, Santiago de los Caballeros,Nueva,115,Residencial,NA,TRUE,TRUE,FALSE,FALSE,FALSE,FALSE,TRUE,FALSE,FALSE,241500
2022-01-24,/apartamentos-venta-av--juan-pablo-duarte/1251710/,NA,2.5,2,US$,211196,Vetas Soluciones Inmobiliarias,Av. Juan Pablo Duarte, Santiago, Santiago de los Caballeros,Nueva,114,Residencial,NA,TRUE,TRUE,TRUE,FALSE,FALSE,FALSE,TRUE,FALSE,TRUE,211196
2022-01-24,/apartamentos-venta-rincon-largo/1235237/,NA,2,2,US$,202644,Vetas Soluciones Inmobiliarias,Rincon Largo, Santiago, Santiago de los Caballeros,Nueva,113,Residencial,NA,TRUE,TRUE,TRUE,FALSE,FALSE,TRUE,TRUE,FALSE,TRUE,202644
2022-01-24,/apartamentos-venta-santiago/1241660/,NA,NA,3,US$,160000,Vetas Soluciones Inmobiliarias,Santiago, Santiago, Santiago de los Caballeros,Nueva,121,Residencial,NA,FALSE,FALSE,FALSE,FALSE,FALSE,FALSE,FALSE,FALSE,FALSE,160000
2022-01-24,/apartamentos-venta-la-rinconada/1255399/,NA,2.5,2,US$,175000,Vetas Soluciones Inmobiliarias,La Rinconada, Santiago, Santiago de los Caballeros,Nueva,99,Residencial,NA,FALSE,FALSE,FALSE,FALSE,FALSE,FALSE,FALSE,FALSE,FALSE,175000
2022-01-24,/apartamentos-venta-la-trinitaria/1252795/,2,3.5,3,US$,362000,Vetas Soluciones Inmobiliarias,La Trinitaria, Santiago, Santiago de los Caballeros,En Construcción,219,Residencial,NA,TRUE,TRUE,FALSE,FALSE,TRUE,TRUE,TRUE,FALSE,TRUE,362000
2022-01-24,/apartamentos-venta-cerros-de-gurabo/1255517/,1,2.5,2,US$,210000,Vetas Soluciones Inmobiliarias,Cerros de Gurabo, Santiago, Santiago de los Caballeros,Nueva,115,Residencial,3,TRUE,TRUE,FALSE,FALSE,FALSE,TRUE,TRUE,FALSE,TRUE,210000
2022-01-24,/apartamentos-venta-la-barranquita/1257335/,1,1,2,US$,49500,Vetas Soluciones Inmobiliarias,La Barranquita, Santiago, Santiago de los Caballeros,Nueva,62,Residencial,NA,FALSE,FALSE,FALSE,FALSE,FALSE,FALSE,TRUE,FALSE,FALSE,49500
2022-01-24,/apartamentos-venta-cerro-de-gurabo-l/1252187/,2,2,3,US$,211800,Vetas Soluciones Inmobiliarias,Cerro de Gurabo l, Santiago, Santiago de los Caballeros,En Construcción,164,Residencial,6,TRUE,TRUE,TRUE,FALSE,FALSE,TRUE,TRUE,FALSE,FALSE,211800
2022-01-24,/apartamentos-venta-cerros-de-gurabo/1266269/,2,2,3,US$,230000,Vetas Soluciones Inmobiliarias,Cerros de Gurabo, Santiago, Santiago de los Caballeros,Segundo Uso,157,Residencial,1,FALSE,FALSE,FALSE,FALSE,FALSE,FALSE,FALSE,FALSE,FALSE,230000
2022-01-24,/apartamentos-venta-santiago/1246510/,2,2,3,US$,79900,Vetas Soluciones Inmobiliarias,NA,Santiago, Santiago de los Caballeros,En Construcción,105,Residencial,NA,FALSE,FALSE,FALSE,FALSE,FALSE,FALSE,TRUE,FALSE,FALSE,79900
2022-01-24,/apartamentos-venta-la-loteria/1246508/,2,2,3,US$,120000,Vetas Soluciones Inmobiliarias,La Loteria, Santiago, Santiago de los Caballeros,En Construcción,130,Residencial,NA,FALSE,FALSE,FALSE,FALSE,FALSE,FALSE,TRUE,FALSE,FALSE,120000
2022-01-24,/apartamentos-venta-villa-olga/1224942/,2,3.5,3,US$,221000,Vetas Soluciones Inmobiliarias,Villa Olga, Santiago, Santiago de los Caballeros,En Construcción,132,Residencial,NA,TRUE,TRUE,FALSE,FALSE,FALSE,TRUE,TRUE,FALSE,TRUE,221000
2022-01-24,/apartamentos-venta-la-moraleja/1246499/,2,3.5,3,US$,169575,Vetas Soluciones Inmobiliarias,La Moraleja, Santiago, Santiago de los Caballeros,En Construcción,NA,Residencial,NA,TRUE,FALSE,FALSE,FALSE,TRUE,TRUE,TRUE,FALSE,FALSE,169575
2022-01-24,/apartamentos-venta-gurabo/1233857/,1,2,NA,US$,74500,Vetas Soluciones Inmobiliarias,Gurabo, Santiago, Santiago de los Caballeros,En Construcción,100,Residencial,NA,FALSE,FALSE,TRUE,FALSE,TRUE,FALSE,TRUE,FALSE,TRUE,74500
2022-01-24,/apartamentos-venta-la-espanola/1206628/,2,3.5,3,US$,195000,Vetas Soluciones Inmobiliarias,La Española, Santiago, Santiago de los Caballeros,Nueva,166,Residencial,NA,TRUE,TRUE,FALSE,FALSE,TRUE,FALSE,TRUE,FALSE,FALSE,195000
2022-01-24,/apartamentos-venta-cerros-de-gurabo/1206108/,2,2.5,3,US$,225000,Vetas Soluciones Inmobiliarias,Cerros de Gurabo, Santiago, Santiago de los Caballeros,Nueva,170,Residencial,3,TRUE,TRUE,FALSE,FALSE,TRUE,FALSE,FALSE,FALSE,FALSE,225000
2022-01-24,/apartamentos-venta-la-barranquita/1152734/,1,1,2,RD$,2800000,Vetas Soluciones Inmobiliarias,La Barranquita, Santiago, Santiago de los Caballeros,En Construcción,89,Residencial,NA,FALSE,FALSE,FALSE,FALSE,FALSE,FALSE,TRUE,FALSE,FALSE,47863.24786324786
2022-01-24,/apartamentos-venta-la-trinitaria/1224962/,2,3.5,3,US$,320000,Vetas Soluciones Inmobiliarias,La Trinitaria, Santiago, Santiago de los Caballeros,Nueva,205,Residencial,NA,TRUE,TRUE,FALSE,FALSE,TRUE,TRUE,TRUE,FALSE,FALSE,320000
2022-01-24,/apartamentos-venta-la-esmeralda/1226789/,2,3.5,3,US$,180575,Vetas Soluciones Inmobiliarias,La Esmeralda, Santiago, Santiago de los Caballeros,Nueva,117,Residencial,NA,TRUE,FALSE,FALSE,FALSE,FALSE,FALSE,TRUE,FALSE,FALSE,180575
2022-01-24,/apartamentos-venta-monte-verde/1257072/,2,2,3,US$,171000,Vetas Soluciones Inmobiliarias,Monte Verde, Santiago, Santiago de los Caballeros,En Construcción,130,N/D,NA,TRUE,TRUE,TRUE,FALSE,TRUE,TRUE,TRUE,FALSE,TRUE,171000
2022-01-24,/apartamentos-venta-la-trinitaria/1227154/,2,3.5,3,US$,460000,Vetas Soluciones Inmobiliarias,La Trinitaria, Santiago, Santiago de los Caballeros,En Construcción,262,Residencial,NA,TRUE,TRUE,FALSE,TRUE,TRUE,TRUE,TRUE,FALSE,TRUE,460000
2022-01-24,/apartamentos-venta-jardines-del-norte/1235381/,1,2,2,US$,88000,Vetas Soluciones Inmobiliarias,Jardines del Norte, Santiago, Santiago de los Caballeros,En Construcción,88,Residencial,NA,TRUE,FALSE,TRUE,FALSE,FALSE,FALSE,TRUE,FALSE,FALSE,88000
2022-01-24,/apartamentos-venta-dorado-ll/1253945/,1,1,1,US$,53500,Vetas Soluciones Inmobiliarias,Dorado ll, Santiago, Santiago de los Caballeros,En Construcción,53,Residencial,NA,FALSE,FALSE,FALSE,FALSE,FALSE,FALSE,TRUE,FALSE,FALSE,53500
2022-01-24,/apartamentos-venta-monte-verde/1171702/,NA,2.5,3,US$,200000,Vetas Soluciones Inmobiliarias,Monte Verde, Santiago, Santiago de los Caballeros,Segundo Uso,186,Residencial,4,TRUE,FALSE,FALSE,FALSE,FALSE,FALSE,TRUE,FALSE,FALSE,200000
2022-01-24,/apartamentos-venta-thomen/1252728/,2,2,3,US$,135000,Vetas Soluciones Inmobiliarias,Thomen, Santiago, Santiago de los Caballeros,En Construcción,135,Residencial,NA,FALSE,TRUE,FALSE,FALSE,TRUE,FALSE,TRUE,FALSE,FALSE,135000
2022-01-24,/apartamentos-venta-santiago/1252726/,2,2,3,US$,100000,Vetas Soluciones Inmobiliarias,Santiago, Santiago, Santiago de los Caballeros,En Construcción,77,Residencial,NA,FALSE,FALSE,FALSE,FALSE,FALSE,FALSE,FALSE,FALSE,FALSE,100000
2022-01-24,/apartamentos-venta-cerro-de-gurabo-l/1252724/,2,3.5,3,US$,256490,Vetas Soluciones Inmobiliarias,Cerro de Gurabo l, Santiago, Santiago de los Caballeros,En Planos,NA,Residencial,NA,FALSE,FALSE,FALSE,FALSE,FALSE,FALSE,FALSE,TRUE,TRUE,256490
2022-01-24,/apartamentos-venta-cerro-de-gurabo-l/1239165/,2,4,3,US$,268000,Vetas Soluciones Inmobiliarias,Cerro de Gurabo l, Santiago, Santiago de los Caballeros,En Construcción,182,Residencial,NA,TRUE,TRUE,FALSE,FALSE,FALSE,TRUE,TRUE,FALSE,TRUE,268000
2022-01-24,/apartamentos-venta-cerro-de-gurabo-l/1262837/,2,3,3,US$,225225,Vetas Soluciones Inmobiliarias,Cerro de Gurabo l, Santiago, Santiago de los Caballeros,En Construcción,160,Residencial,NA,TRUE,FALSE,FALSE,FALSE,FALSE,TRUE,FALSE,FALSE,TRUE,225225
2022-01-24,/apartamentos-venta-la-esmeralda/1263632/,1,1.5,2,US$,195000,Vetas Soluciones Inmobiliarias,La Esmeralda, Santiago, Santiago de los Caballeros,En Construcción,114,Residencial,11,FALSE,TRUE,FALSE,FALSE,TRUE,FALSE,TRUE,TRUE,TRUE,195000
2022-01-24,/apartamentos-venta-santiago/1258673/,1,1.5,1,US$,150500,Cindy Real Estate,NA,Santiago, Santiago de los Caballeros,En Planos,77,Residencial,NA,TRUE,TRUE,FALSE,FALSE,TRUE,TRUE,TRUE,FALSE,TRUE,150500
2022-01-24,/apartamentos-venta-santiago/1244317/,2,2.5,3,US$,115000,Cindy Real Estate,NA,Santiago, Santiago de los Caballeros,En Planos,115,Residencial,NA,FALSE,FALSE,FALSE,FALSE,FALSE,FALSE,TRUE,FALSE,FALSE,115000
2022-01-24,/apartamentos-venta-santiago/1263272/,1,2.5,2,US$,118500,Cindy Real Estate,NA,Santiago, Santiago de los Caballeros,En Planos,79,Residencial,NA,TRUE,TRUE,TRUE,FALSE,TRUE,TRUE,TRUE,FALSE,TRUE,118500
2022-01-24,/apartamentos-venta-santiago/1247445/,2,2.5,3,US$,308000,Cindy Real Estate,NA,Santiago, Santiago de los Caballeros,En Construcción,140,Residencial,NA,TRUE,TRUE,TRUE,FALSE,TRUE,TRUE,TRUE,FALSE,TRUE,308000
2022-01-24,/apartamentos-venta-santiago/1236478/,1,2,3,US$,100000,Cindy Real Estate,NA,Santiago, Santiago de los Caballeros,En Planos,95,Residencial,NA,TRUE,FALSE,TRUE,FALSE,FALSE,FALSE,TRUE,FALSE,FALSE,100000
2022-01-24,/apartamentos-venta-el-dorado-ii/1263531/,1,2,3,RD$,4500000,New Home Constructora Inmobiliaria,El Dorado II, Santiago, Santiago de los Caballeros,Segundo Uso,100,Residencial,3,FALSE,FALSE,TRUE,FALSE,FALSE,FALSE,TRUE,FALSE,FALSE,76923.07692307692
2022-01-24,/apartamentos-venta-villa-olga/1176184/,NA,2.5,3,US$,175000,Vetas Soluciones Inmobiliarias,Villa Olga, Santiago, Santiago de los Caballeros,Nueva,125,Residencial,NA,TRUE,TRUE,TRUE,FALSE,FALSE,FALSE,TRUE,FALSE,FALSE,175000
2022-01-24,/apartamentos-venta-santiago/1262185/,2,2.5,3,US$,137500,Cindy Real Estate,NA,Santiago, Santiago de los Caballeros,En Construcción,126,Residencial,NA,FALSE,FALSE,FALSE,FALSE,FALSE,TRUE,TRUE,FALSE,FALSE,137500
2022-01-24,/apartamentos-venta-santiago/1265228/,1,1.5,1,US$,170340,Megacasa RD,NA,Santiago, Santiago de los Caballeros,Nueva,98,Residencial,NA,TRUE,TRUE,FALSE,FALSE,TRUE,TRUE,TRUE,FALSE,TRUE,170340
2022-01-24,/apartamentos-venta-cerros-de-gurabo/1265227/,2,3.5,3,US$,299000,Megacasa RD,Cerros de Gurabo, Santiago, Santiago de los Caballeros,Nueva,177,Residencial,NA,FALSE,FALSE,FALSE,FALSE,FALSE,TRUE,TRUE,TRUE,TRUE,299000
2022-01-24,/apartamentos-venta-bella-vista/1265140/,2,3.5,3,US$,335000,Estrella Inmobiliaria ,Bella vista, Santiago, Santiago de los Caballeros,Segundo Uso,268,Residencial,5,TRUE,FALSE,FALSE,TRUE,FALSE,FALSE,TRUE,FALSE,TRUE,335000
2022-01-24,/apartamentos-venta-santiago/1262186/,2,2.5,3,US$,135000,Cindy Real Estate,NA,Santiago, Santiago de los Caballeros,En Construcción,130,Residencial,NA,FALSE,FALSE,FALSE,FALSE,FALSE,TRUE,FALSE,FALSE,FALSE,135000
2022-01-24,/apartamentos-venta-la-trinitaria/1213110/,2,3.5,3,US$,350000,ZE Bienes Raices,La Trinitaria, Santiago, Santiago de los Caballeros,NA,286,Residencial,6,TRUE,TRUE,FALSE,FALSE,FALSE,TRUE,TRUE,FALSE,FALSE,350000
2022-01-24,/apartamentos-venta-av--juan-pablo-duarte/1218920/,2,3.5,3,US$,293000,Cindy Real Estate,Av. Juan Pablo Duarte, Santiago, Santiago de los Caballeros,En Planos,175,Residencial,NA,TRUE,TRUE,FALSE,FALSE,TRUE,TRUE,TRUE,FALSE,FALSE,293000
2022-01-24,/apartamentos-venta-bella-vista/1256477/,3,3.5,3,US$,315000,Estrella Inmobiliaria ,Bella vista, Santiago, Santiago de los Caballeros,Nueva,280,Residencial,5,TRUE,FALSE,FALSE,TRUE,FALSE,TRUE,TRUE,FALSE,FALSE,315000
2022-01-24,/apartamentos-venta-santiago/1247442/,2,2.5,2,US$,253000,Cindy Real Estate,NA,Santiago, Santiago de los Caballeros,En Construcción,115,Residencial,NA,TRUE,TRUE,TRUE,FALSE,TRUE,TRUE,TRUE,FALSE,TRUE,253000
2022-01-24,/apartamentos-venta-santiago/1252077/,2,3.5,3,US$,280500,Cindy Real Estate,NA,Santiago, Santiago de los Caballeros,En Planos,165,Residencial,NA,TRUE,TRUE,FALSE,FALSE,TRUE,TRUE,TRUE,FALSE,FALSE,280500
2022-01-24,/apartamentos-venta-bella-vista/1255004/,2,2.5,2,US$,165000,Remax Metropolitana,Bella vista, Santiago, Santiago de los Caballeros,Segundo Uso,191,Residencial,NA,TRUE,TRUE,TRUE,TRUE,TRUE,TRUE,TRUE,FALSE,TRUE,165000
2022-01-24,/apartamentos-venta-santiago/1242997/,2,2.5,2,US$,195000,Cindy Real Estate,NA,Santiago, Santiago de los Caballeros,En Planos,111,Residencial,NA,TRUE,TRUE,FALSE,FALSE,TRUE,TRUE,TRUE,FALSE,FALSE,195000
2022-01-24,/apartamentos-venta-santiago/1245606/,2,2.5,3,US$,130000,Cindy Real Estate,NA,Santiago, Santiago de los Caballeros,En Construcción,128,Residencial,NA,TRUE,TRUE,FALSE,FALSE,TRUE,TRUE,FALSE,FALSE,FALSE,130000
2022-01-24,/apartamentos-venta-santiago/1218851/,2,3.5,3,US$,217000,Cindy Real Estate,NA,Santiago, Santiago de los Caballeros,En Construcción,135,Residencial,NA,TRUE,TRUE,FALSE,FALSE,TRUE,TRUE,TRUE,FALSE,TRUE,217000
2022-01-24,/apartamentos-venta-santiago/1240487/,1,2,2,US$,197750,Cindy Real Estate,NA,Santiago, Santiago de los Caballeros,En Construcción,113,Residencial,NA,TRUE,TRUE,FALSE,FALSE,TRUE,TRUE,TRUE,FALSE,TRUE,197750
2022-01-24,/apartamentos-venta-av--juan-pablo-duarte/1094326/,2,3.5,3,US$,275000,Cindy Real Estate,Av. Juan Pablo Duarte, Santiago, Santiago de los Caballeros,En Construcción,192,Residencial,NA,TRUE,TRUE,FALSE,FALSE,TRUE,TRUE,TRUE,TRUE,TRUE,275000
2022-01-24,/apartamentos-venta-santiago/1242030/,1,1,1,US$,85000,Tu Casa RD,NA,Santiago, Santiago de los Caballeros,Segundo Uso,79,Residencial,NA,FALSE,FALSE,TRUE,FALSE,FALSE,FALSE,FALSE,FALSE,FALSE,85000
2022-01-24,/apartamentos-venta-santiago/1251964/,2,2.5,3,US$,168000,Cindy Real Estate,NA,Santiago, Santiago de los Caballeros,En Construcción,140,Residencial,NA,TRUE,TRUE,FALSE,FALSE,TRUE,FALSE,TRUE,FALSE,FALSE,168000
2022-01-24,/apartamentos-venta-bella-vista/1251672/,2,2.5,3,US$,167000,Centro Juridico Dra. Angela Rojas,Bella vista, Santiago, Santiago de los Caballeros,Nueva,127,Residencial,NA,FALSE,TRUE,FALSE,FALSE,TRUE,TRUE,TRUE,TRUE,TRUE,167000
