date,id,parking,bathrooms,bedrooms,currency,price,seller,neighborhood,city,province,status,area,usage,story,planta,lift,pool,pozo,terraza,lobby,balcon,jacuzzi,gimnasio,price.usd
2022-02-10,/apartamentos-venta-metro-country-club/1264832/,1,2,2,US$,145000,Algonovo Real Estate,Metro Country Club, Juan Dolio, San Pedro De Macoris,Segundo Uso,110,Residencial,2,TRUE,FALSE,TRUE,FALSE,FALSE,FALSE,TRUE,TRUE,FALSE,145000
2022-02-10,/apartamentos-venta-y-alquiler-metro-country-club/1269003/,1,2.5,2,US$,145000,Estrella Inmobiliaria ,Metro Country Club, Juan Dolio, San Pedro De Macoris,Segundo Uso,125,Mixto,NA,TRUE,TRUE,FALSE,TRUE,FALSE,TRUE,TRUE,FALSE,TRUE,145000
2022-02-10,/apartamentos-venta-metro-country-club/1230564/,2,2.5,2,US$,115000,ProCimax Realty,Metro Country Club, Juan Dolio, San Pedro De Macoris,Segundo Uso,130,Residencial,1,FALSE,FALSE,FALSE,FALSE,FALSE,FALSE,TRUE,FALSE,FALSE,115000
2022-02-10,/apartamentos-venta-metro-country-club/1255194/,2,2.5,3,US$,155000,Remax Blu,Metro Country Club, Juan Dolio, San Pedro De Macoris,Segundo Uso,139,Residencial,1,TRUE,FALSE,TRUE,FALSE,TRUE,FALSE,FALSE,TRUE,TRUE,155000
2022-02-10,/apartamentos-venta-metro-country-club/1245519/,2,2,2,US$,145000,Grupo Nin Inmobiliario,Metro Country Club, Juan Dolio, San Pedro De Macoris,Segundo Uso,NA,Residencial,1,FALSE,FALSE,TRUE,FALSE,TRUE,FALSE,FALSE,FALSE,FALSE,145000
