date,id,parking,bathrooms,bedrooms,currency,price,seller,neighborhood,city,province,status,area,usage,story,planta,lift,pool,pozo,terraza,lobby,balcon,jacuzzi,gimnasio,price.usd
2022-02-10,/apartamentos-venta-colina-de-los-rios/1261937/,2,2.5,3,RD$,6700000,Inmobiliaria Grupal,Colina de los Rios, Santo Domingo Centro (D.N.), Santo Domingo,Segundo Uso,147,Residencial,3,FALSE,FALSE,FALSE,FALSE,TRUE,FALSE,FALSE,FALSE,FALSE,114529.91452991453
2022-02-10,/apartamentos-venta-colina-de-los-rios/1269840/,NA,NA,NA,US$,85000,Capital Home,Colina de los Rios, Santo Domingo Centro (D.N.), Santo Domingo,En Construcción,57,Residencial,NA,TRUE,TRUE,TRUE,FALSE,FALSE,TRUE,TRUE,FALSE,TRUE,85000
2022-02-10,/apartamentos-venta-colina-de-los-rios/1269422/,1,1.5,1,US$,85000,Premium Real Estate ,Colina de los Rios, Santo Domingo Centro (D.N.), Santo Domingo,En Planos,57,Residencial,NA,TRUE,TRUE,FALSE,TRUE,FALSE,TRUE,TRUE,FALSE,FALSE,85000
2022-02-10,/apartamentos-venta-colina-de-los-rios/1261595/,NA,NA,NA,RD$,6900000,Inmobiliaria Grupal,Colina de los Rios, Santo Domingo Centro (D.N.), Santo Domingo,Segundo Uso,149,Residencial,NA,FALSE,FALSE,FALSE,FALSE,FALSE,FALSE,TRUE,FALSE,FALSE,117948.71794871795
2022-02-10,/apartamentos-venta-colina-de-los-rios/1265290/,2,3,3,US$,9000000,Tu Casa RD,Colina de los Rios, Santo Domingo Centro (D.N.), Santo Domingo,Nueva,300,Residencial,NA,TRUE,FALSE,FALSE,FALSE,FALSE,FALSE,TRUE,FALSE,FALSE,9000000
2022-02-10,/apartamentos-venta-colina-de-los-rios/1264536/,2,2,3,RD$,5900000,Lucila Brito,Colina de los Rios, Santo Domingo Centro (D.N.), Santo Domingo,Segundo Uso,150,Residencial,2,FALSE,FALSE,FALSE,FALSE,FALSE,FALSE,TRUE,FALSE,FALSE,100854.70085470086
