date,id,parking,bathrooms,bedrooms,currency,price,seller,neighborhood,city,province,status,area,usage,story,planta,lift,pool,pozo,terraza,lobby,balcon,jacuzzi,gimnasio,price.usd
2022-01-24,/apartamentos-venta-zona-colonial/1240103/,NA,3,2,US$,149000,Vivenzas Real Estate ,Zona Colonial, Santo Domingo Centro (D.N.), Santo Domingo,Segundo Uso,158,Residencial,NA,FALSE,FALSE,FALSE,FALSE,FALSE,FALSE,TRUE,FALSE,FALSE,149000
2022-01-24,/apartamentos-venta-zona-colonial/1229269/,1,1,1,US$,450000,Mr. Home Asesores Inmobiliarios,Zona Colonial, Santo Domingo Centro (D.N.), Santo Domingo,NA,NA,Residencial,1,FALSE,FALSE,FALSE,FALSE,FALSE,FALSE,FALSE,FALSE,FALSE,450000
2022-01-24,/apartamentos-venta-zona-colonial/1259603/,NA,4,4,US$,135000,Remax Blu,Zona Colonial, Santo Domingo Centro (D.N.), Santo Domingo,Segundo Uso,150,Residencial,2,FALSE,FALSE,FALSE,FALSE,TRUE,FALSE,TRUE,TRUE,FALSE,135000
2022-01-24,/apartamentos-venta-zona-colonial/1260001/,NA,5,4,US$,135000,Remax Blu,Zona Colonial, Santo Domingo Centro (D.N.), Santo Domingo,Segundo Uso,150,Residencial,2,FALSE,FALSE,FALSE,FALSE,TRUE,FALSE,TRUE,TRUE,FALSE,135000
2022-01-24,/apartamentos-venta-zona-colonial/1253874/,NA,2.5,2,US$,325000,Plusval Venta Directa,Zona Colonial, Santo Domingo Centro (D.N.), Santo Domingo,Segundo Uso,107,Residencial,2,FALSE,FALSE,TRUE,FALSE,TRUE,TRUE,TRUE,FALSE,FALSE,325000
2022-01-24,/apartamentos-venta-zona-colonial/1212626/,NA,1.5,1,US$,210000,Elite Brokers,Zona Colonial, Santo Domingo Centro (D.N.), Santo Domingo,NA,60,Residencial,NA,FALSE,FALSE,TRUE,FALSE,TRUE,FALSE,FALSE,FALSE,TRUE,210000
