date,id,parking,bathrooms,bedrooms,currency,price,seller,neighborhood,city,province,status,area,usage,story,planta,lift,pool,pozo,terraza,lobby,balcon,jacuzzi,gimnasio,price.usd
2022-01-24,/apartamentos-venta-quisqueya/1266017/,2,2,2,US$,132000,Stalin Florentino,Quisqueya, Santo Domingo Centro (D.N.), Santo Domingo,Nueva,103,Residencial,2,TRUE,TRUE,FALSE,TRUE,TRUE,TRUE,TRUE,FALSE,FALSE,132000
2022-01-24,/apartamentos-venta-quisqueya/1261825/,NA,2.5,3,US$,220000,Mario Alberto Aquino,Quisqueya, Santo Domingo Centro (D.N.), Santo Domingo,Segundo Uso,150,Residencial,NA,TRUE,TRUE,FALSE,FALSE,FALSE,FALSE,TRUE,TRUE,FALSE,220000
2022-01-24,/apartamentos-venta-quisqueya/1250430/,1,1,2,RD$,5390000,Borbón Rodríguez,Quisqueya, Santo Domingo Centro (D.N.), Santo Domingo,En Planos,71,Residencial,2,FALSE,FALSE,FALSE,FALSE,FALSE,FALSE,TRUE,FALSE,FALSE,92136.75213675214
2022-01-24,/apartamentos-venta-quisqueya/1266791/,1,1,1,US$,70000,Carmelia Suero,Quisqueya, Santo Domingo Centro (D.N.), Santo Domingo,Segundo Uso,55,Residencial,1,FALSE,FALSE,FALSE,TRUE,FALSE,FALSE,FALSE,FALSE,FALSE,70000
2022-01-24,/apartamentos-venta-quisqueya/1266225/,2,2,2,US$,125000,Probrokers Inmobiliaria Inprob S.R.L,Quisqueya, Santo Domingo Centro (D.N.), Santo Domingo,Nueva,126,Residencial,NA,TRUE,TRUE,FALSE,TRUE,FALSE,TRUE,FALSE,FALSE,FALSE,125000
2022-01-24,/apartamentos-venta-quisqueya/1266224/,2,2,3,US$,158500,Probrokers Inmobiliaria Inprob S.R.L,Quisqueya, Santo Domingo Centro (D.N.), Santo Domingo,Nueva,150,Residencial,NA,TRUE,TRUE,FALSE,TRUE,FALSE,TRUE,FALSE,FALSE,FALSE,158500
2022-01-24,/apartamentos-venta-quisqueya/1263796/,1,2.5,2,RD$,5700000,Estrella Inmobiliaria ,Quisqueya, Santo Domingo Centro (D.N.), Santo Domingo,Segundo Uso,100,N/D,1,FALSE,FALSE,FALSE,FALSE,FALSE,FALSE,TRUE,FALSE,FALSE,97435.89743589744
