date,id,parking,bathrooms,bedrooms,currency,price,seller,neighborhood,city,province,status,area,usage,story,planta,lift,pool,pozo,terraza,lobby,balcon,jacuzzi,gimnasio,price.usd
2022-02-10,/apartamentos-venta-bella-vista/1250819/,2,2.5,2,US$,228000,BAEZ MUESES INMOBILIARIA,Bella Vista, Santo Domingo Centro (D.N.), Santo Domingo,Nueva,147,Residencial,2,TRUE,TRUE,FALSE,TRUE,TRUE,TRUE,TRUE,FALSE,FALSE,228000
2022-02-10,/apartamentos-venta-bella-vista/1264410/,2,2.5,2,US$,224000,Marco Rivero,Bella Vista, Santo Domingo Centro (D.N.), Santo Domingo,Nueva,120,Residencial,NA,TRUE,TRUE,FALSE,TRUE,TRUE,TRUE,TRUE,TRUE,TRUE,224000
2022-02-10,/apartamentos-venta-bella-vista/1252147/,2,2.5,2,US$,200400,Vivenzas Real Estate ,Bella Vista, Santo Domingo Centro (D.N.), Santo Domingo,En Construcción,104,Residencial,NA,TRUE,TRUE,TRUE,FALSE,FALSE,TRUE,TRUE,FALSE,TRUE,200400
2022-02-10,/apartamentos-venta-bella-vista/1265212/,2,2.5,3,US$,240000,Marco Rivero,Bella Vista, Santo Domingo Centro (D.N.), Santo Domingo,Segundo Uso,245,Residencial,NA,TRUE,TRUE,FALSE,TRUE,FALSE,TRUE,TRUE,FALSE,FALSE,240000
2022-02-10,/apartamentos-venta-bella-vista/1268229/,2,2.5,2,US$,191400,Vivenzas Real Estate ,Bella Vista, Santo Domingo Centro (D.N.), Santo Domingo,En Construcción,97,Residencial,NA,TRUE,TRUE,TRUE,FALSE,TRUE,TRUE,TRUE,TRUE,TRUE,191400
2022-02-10,/apartamentos-venta-bella-vista/1268226/,1,1.5,1,US$,143800,Vivenzas Real Estate ,Bella Vista, Santo Domingo Centro (D.N.), Santo Domingo,En Construcción,50,Residencial,NA,TRUE,TRUE,TRUE,FALSE,TRUE,TRUE,TRUE,TRUE,TRUE,143800
2022-02-10,/apartamentos-venta-bella-vista/1268700/,2,3.5,3,US$,230000,Capital Home,Bella Vista, Santo Domingo Centro (D.N.), Santo Domingo,Nueva,155,Residencial,3,TRUE,TRUE,FALSE,FALSE,FALSE,TRUE,TRUE,FALSE,FALSE,230000
2022-02-10,/apartamentos-venta-bella-vista/1264828/,NA,NA,2,US$,235500,Capital Home,Bella Vista, Santo Domingo Centro (D.N.), Santo Domingo,En Construcción,88,Residencial,NA,TRUE,TRUE,TRUE,FALSE,TRUE,TRUE,FALSE,TRUE,TRUE,235500
2022-02-10,/apartamentos-venta-bella-vista/1262236/,NA,3.5,3,US$,900900,Capital Home,Bella Vista, Santo Domingo Centro (D.N.), Santo Domingo,En Construcción,358,Residencial,NA,FALSE,FALSE,FALSE,FALSE,FALSE,FALSE,FALSE,FALSE,FALSE,900900
2022-02-10,/apartamentos-venta-bella-vista/1263111/,2,1.5,2,US$,187000,Capital Home,Bella Vista, Santo Domingo Centro (D.N.), Santo Domingo,En Construcción,NA,Residencial,NA,TRUE,TRUE,TRUE,FALSE,FALSE,TRUE,TRUE,FALSE,TRUE,187000
2022-02-10,/apartamentos-venta-bella-vista/1265988/,2,2,2,US$,210000,Capital Home,Bella Vista, Santo Domingo Centro (D.N.), Santo Domingo,En Construcción,103,Residencial,NA,TRUE,TRUE,FALSE,FALSE,FALSE,TRUE,TRUE,FALSE,TRUE,210000
2022-02-10,/apartamentos-venta-bella-vista/1219935/,3,3.5,3,US$,550000,Premium Real Estate,Bella Vista, Santo Domingo Centro (D.N.), Santo Domingo,En Construcción,251,Residencial,NA,FALSE,TRUE,TRUE,FALSE,TRUE,TRUE,TRUE,FALSE,TRUE,550000
2022-02-10,/apartamentos-venta-bella-vista/1256803/,3,3.5,3,US$,545000,Premium Real Estate,Bella Vista, Santo Domingo Centro (D.N.), Santo Domingo,En Construcción,244,Residencial,NA,TRUE,TRUE,TRUE,FALSE,TRUE,TRUE,TRUE,FALSE,TRUE,545000
2022-02-10,/apartamentos-venta-bella-vista/1258293/,2,2.5,3,US$,277000,Premium Real Estate,Bella Vista, Santo Domingo Centro (D.N.), Santo Domingo,Nueva,191,Residencial,NA,TRUE,TRUE,TRUE,FALSE,TRUE,TRUE,TRUE,FALSE,TRUE,277000
2022-02-10,/apartamentos-venta-bella-vista/1260958/,2,2,3,US$,195000,Premium Real Estate,Bella Vista, Santo Domingo Centro (D.N.), Santo Domingo,Segundo Uso,200,Residencial,3,FALSE,FALSE,FALSE,FALSE,FALSE,FALSE,FALSE,FALSE,FALSE,195000
2022-02-10,/apartamentos-venta-bella-vista/1269411/,2,4.5,3,US$,410000,Premium Real Estate,Bella Vista, Santo Domingo Centro (D.N.), Santo Domingo,Segundo Uso,392,Residencial,10,TRUE,TRUE,FALSE,FALSE,FALSE,TRUE,TRUE,FALSE,FALSE,410000
2022-02-10,/apartamentos-venta-bella-vista/1261460/,2,3.5,4,US$,310000,Premium Real Estate,Bella Vista, Santo Domingo Centro (D.N.), Santo Domingo,Segundo Uso,353,Residencial,9,TRUE,TRUE,FALSE,FALSE,TRUE,TRUE,TRUE,FALSE,FALSE,310000
2022-02-10,/apartamentos-venta-bella-vista/1269550/,2,2.5,2,US$,210000,Algonovo Real Estate,Bella Vista, Santo Domingo Centro (D.N.), Santo Domingo,Segundo Uso,135,Residencial,5,TRUE,TRUE,TRUE,FALSE,FALSE,FALSE,TRUE,FALSE,TRUE,210000
2022-02-10,/apartamentos-venta-bella-vista/1256802/,NA,NA,NA,US$,470000,Premium Real Estate,Bella Vista, Santo Domingo Centro (D.N.), Santo Domingo,En Construcción,NA,Residencial,NA,TRUE,TRUE,TRUE,FALSE,TRUE,TRUE,TRUE,FALSE,TRUE,470000
2022-02-10,/apartamentos-venta-bella-vista/1262375/,2,3.5,3,US$,260000,Premium Real Estate,Bella Vista, Santo Domingo Centro (D.N.), Santo Domingo,Segundo Uso,184,Residencial,5,TRUE,TRUE,FALSE,FALSE,TRUE,TRUE,TRUE,FALSE,TRUE,260000
2022-02-10,/apartamentos-venta-bella-vista/1269409/,2,4.5,3,US$,410000,Premium Real Estate,Bella Vista, Santo Domingo Centro (D.N.), Santo Domingo,Segundo Uso,392,Residencial,10,TRUE,TRUE,FALSE,FALSE,FALSE,TRUE,TRUE,FALSE,FALSE,410000
2022-02-10,/apartamentos-venta-bella-vista/1258520/,NA,NA,NA,US$,258000,Premium Real Estate,Bella Vista, Santo Domingo Centro (D.N.), Santo Domingo,Nueva,NA,Residencial,NA,TRUE,TRUE,TRUE,FALSE,TRUE,TRUE,TRUE,TRUE,TRUE,258000
2022-02-10,/apartamentos-venta-bella-vista/1260956/,2,2,3,US$,195000,Premium Real Estate,Bella Vista, Santo Domingo Centro (D.N.), Santo Domingo,Segundo Uso,200,Residencial,3,FALSE,FALSE,FALSE,FALSE,FALSE,FALSE,FALSE,FALSE,FALSE,195000
2022-02-10,/apartamentos-venta-bella-vista/1237342/,1,1.5,1,US$,145000,Algonovo Real Estate,Bella Vista, Santo Domingo Centro (D.N.), Santo Domingo,En Planos,62,Residencial,NA,TRUE,TRUE,TRUE,FALSE,FALSE,TRUE,TRUE,FALSE,TRUE,145000
2022-02-10,/apartamentos-venta-bella-vista/1237307/,2,2,3,US$,217650,Algonovo Real Estate,Bella Vista, Santo Domingo Centro (D.N.), Santo Domingo,En Planos,116,N/D,NA,TRUE,TRUE,FALSE,FALSE,TRUE,TRUE,FALSE,TRUE,TRUE,217650
2022-02-10,/apartamentos-venta-bella-vista/1266972/,2,2.5,3,US$,240250,VALORA INMOBILIARIA,Bella Vista, Santo Domingo Centro (D.N.), Santo Domingo,Nueva,155,Residencial,3,TRUE,TRUE,FALSE,TRUE,TRUE,TRUE,TRUE,TRUE,TRUE,240250
2022-02-10,/apartamentos-venta-bella-vista/1268738/,2,2.5,3,US$,260000,VALORA INMOBILIARIA,Bella Vista, Santo Domingo Centro (D.N.), Santo Domingo,Segundo Uso,NA,Residencial,4,TRUE,TRUE,TRUE,FALSE,FALSE,FALSE,FALSE,FALSE,FALSE,260000
2022-02-10,/apartamentos-venta-bella-vista/1258846/,2,2.5,3,US$,320000,Algonovo Real Estate,Bella Vista, Santo Domingo Centro (D.N.), Santo Domingo,Nueva,160,N/D,11,TRUE,TRUE,FALSE,TRUE,FALSE,TRUE,TRUE,TRUE,TRUE,320000
2022-02-10,/apartamentos-venta-bella-vista/1267850/,2,3.5,3,US$,240000,Marco Rivero,Bella Vista, Santo Domingo Centro (D.N.), Santo Domingo,Nueva,220,Residencial,6,TRUE,TRUE,FALSE,TRUE,TRUE,TRUE,TRUE,FALSE,TRUE,240000
2022-02-10,/apartamentos-venta-bella-vista/1266471/,2,3,3,US$,550000,Remax Plus,Bella Vista, Santo Domingo Centro (D.N.), Santo Domingo,Segundo Uso,321,Residencial,6,FALSE,TRUE,FALSE,FALSE,TRUE,TRUE,TRUE,FALSE,TRUE,550000
2022-02-10,/apartamentos-venta-bella-vista/1268131/,2,3,3,US$,230000,Mis Casas RD,Bella Vista, Santo Domingo Centro (D.N.), Santo Domingo,Nueva,155,Residencial,3,TRUE,TRUE,FALSE,FALSE,FALSE,TRUE,TRUE,FALSE,TRUE,230000
2022-02-10,/apartamentos-venta-bella-vista/1234604/,3,3.5,3,US$,270000,Mis Casas RD,Bella Vista, Santo Domingo Centro (D.N.), Santo Domingo,Segundo Uso,281,Residencial,NA,FALSE,TRUE,FALSE,FALSE,FALSE,TRUE,TRUE,TRUE,FALSE,270000
2022-02-10,/apartamentos-venta-bella-vista/1247633/,2,2.5,2,US$,310500,Domus Mea Caribe Inmobiliaria,Bella Vista, Santo Domingo Centro (D.N.), Santo Domingo,Nueva,205,Residencial,NA,TRUE,TRUE,TRUE,FALSE,TRUE,TRUE,TRUE,TRUE,TRUE,310500
2022-02-10,/apartamentos-venta-bella-vista/1268064/,2,2.5,2,US$,228000,Domus Mea Caribe Inmobiliaria,Bella Vista, Santo Domingo Centro (D.N.), Santo Domingo,Nueva,147,Residencial,3,TRUE,TRUE,FALSE,FALSE,FALSE,TRUE,TRUE,TRUE,FALSE,228000
2022-02-10,/apartamentos-venta-y-alquiler-bella-vista/1265947/,2,3,3,US$,380000,Domus Mea Caribe Inmobiliaria,Bella Vista, Santo Domingo Centro (D.N.), Santo Domingo,Segundo Uso,289,Residencial,5,TRUE,TRUE,TRUE,FALSE,TRUE,TRUE,TRUE,FALSE,TRUE,380000
2022-02-10,/apartamentos-venta-bella-vista/1268245/,2,2.5,2,US$,280000,Domus Mea Caribe Inmobiliaria,Bella Vista, Santo Domingo Centro (D.N.), Santo Domingo,Nueva,147,Residencial,6,TRUE,TRUE,FALSE,FALSE,FALSE,TRUE,TRUE,TRUE,TRUE,280000
2022-02-10,/apartamentos-venta-bella-vista/1268061/,2,3.5,3,US$,318000,Domus Mea Caribe Inmobiliaria,Bella Vista, Santo Domingo Centro (D.N.), Santo Domingo,Nueva,190,Residencial,7,TRUE,TRUE,FALSE,FALSE,TRUE,TRUE,TRUE,TRUE,TRUE,318000
2022-02-10,/apartamentos-venta-bella-vista/1245846/,2,3.5,3,US$,279000,Domus Mea Caribe Inmobiliaria,Bella Vista, Santo Domingo Centro (D.N.), Santo Domingo,Segundo Uso,300,Residencial,1,TRUE,FALSE,FALSE,TRUE,FALSE,TRUE,TRUE,FALSE,FALSE,279000
2022-02-10,/apartamentos-venta-bella-vista/1246476/,2,3.5,3,US$,318000,Domus Mea Caribe Inmobiliaria,Bella Vista, Santo Domingo Centro (D.N.), Santo Domingo,En Construcción,173,Residencial,NA,TRUE,TRUE,FALSE,FALSE,FALSE,TRUE,TRUE,TRUE,TRUE,318000
2022-02-10,/apartamentos-venta-bella-vista/1247550/,2,2.5,2,US$,210000,Domus Mea Caribe Inmobiliaria,Bella Vista, Santo Domingo Centro (D.N.), Santo Domingo,En Construcción,103,Residencial,8,TRUE,TRUE,TRUE,FALSE,FALSE,TRUE,TRUE,FALSE,TRUE,210000
2022-02-10,/apartamentos-venta-bella-vista/1248511/,2,2.5,2,US$,206000,Domus Mea Caribe Inmobiliaria,Bella Vista, Santo Domingo Centro (D.N.), Santo Domingo,En Construcción,96,Residencial,NA,TRUE,TRUE,TRUE,FALSE,FALSE,TRUE,TRUE,FALSE,TRUE,206000
2022-02-10,/apartamentos-venta-bella-vista/1246317/,2,2.5,3,US$,220000,Domus Mea Caribe Inmobiliaria,Bella Vista, Santo Domingo Centro (D.N.), Santo Domingo,En Construcción,116,Residencial,7,TRUE,TRUE,TRUE,FALSE,FALSE,TRUE,TRUE,TRUE,TRUE,220000
2022-02-10,/apartamentos-venta-bella-vista/1248515/,2,3.5,3,US$,230000,Domus Mea Caribe Inmobiliaria,Bella Vista, Santo Domingo Centro (D.N.), Santo Domingo,Nueva,155,Residencial,3,TRUE,TRUE,FALSE,FALSE,FALSE,FALSE,TRUE,TRUE,TRUE,230000
2022-02-10,/apartamentos-venta-bella-vista/1251780/,2,3.5,3,US$,301000,Bonillamultiservice,Bella Vista, Santo Domingo Centro (D.N.), Santo Domingo,Nueva,189,Residencial,NA,FALSE,TRUE,FALSE,FALSE,TRUE,FALSE,TRUE,FALSE,FALSE,301000
2022-02-10,/apartamentos-venta-bella-vista/1265008/,3,3,3,US$,225000,Mr. Home Asesores Inmobiliarios,Bella Vista, Santo Domingo Centro (D.N.), Santo Domingo,NA,200,Residencial,NA,FALSE,FALSE,FALSE,FALSE,FALSE,TRUE,FALSE,FALSE,FALSE,225000
2022-02-10,/apartamentos-venta-bella-vista/1265809/,2,2.5,2,US$,650000,Bonillamultiservice,Bella Vista, Santo Domingo Centro (D.N.), Santo Domingo,Nueva,NA,Residencial,NA,TRUE,TRUE,FALSE,FALSE,FALSE,FALSE,FALSE,FALSE,FALSE,650000
2022-02-10,/apartamentos-venta-bella-vista/1251777/,2,2.5,2,US$,224000,Bonillamultiservice,Bella Vista, Santo Domingo Centro (D.N.), Santo Domingo,Nueva,148,Residencial,NA,FALSE,FALSE,FALSE,FALSE,FALSE,FALSE,FALSE,FALSE,FALSE,224000
2022-02-10,/apartamentos-venta-bella-vista/1251633/,2,3.5,2,US$,184000,Bonillamultiservice,Bella Vista, Santo Domingo Centro (D.N.), Santo Domingo,Nueva,127,Residencial,NA,FALSE,TRUE,FALSE,FALSE,FALSE,FALSE,FALSE,FALSE,TRUE,184000
2022-02-10,/apartamentos-venta-bella-vista/1261775/,1,1,1,US$,150000,Bonillamultiservice,Bella Vista, Santo Domingo Centro (D.N.), Santo Domingo,En Planos,64,Residencial,NA,FALSE,TRUE,FALSE,FALSE,TRUE,TRUE,TRUE,FALSE,FALSE,150000
2022-02-10,/apartamentos-venta-bella-vista/1261896/,4,3.5,3,US$,850000,Bonillamultiservice,Bella Vista, Santo Domingo Centro (D.N.), Santo Domingo,En Planos,358,Residencial,NA,FALSE,TRUE,FALSE,FALSE,FALSE,FALSE,TRUE,FALSE,FALSE,850000
2022-02-10,/apartamentos-venta-bella-vista/1242277/,3,3,3,US$,265000,Bonillamultiservice,Bella Vista, Santo Domingo Centro (D.N.), Santo Domingo,Nueva,200,Residencial,NA,FALSE,FALSE,FALSE,FALSE,FALSE,FALSE,TRUE,FALSE,FALSE,265000
2022-02-10,/apartamentos-venta-bella-vista/1250599/,2,2.5,2,US$,190000,Remax Plus,Bella Vista, Santo Domingo Centro (D.N.), Santo Domingo,Nueva,NA,Residencial,NA,FALSE,FALSE,TRUE,FALSE,TRUE,TRUE,TRUE,TRUE,FALSE,190000
2022-02-10,/apartamentos-venta-bella-vista/1259222/,2,3.5,3,US$,330000,Property Inmobiliaria,Bella Vista, Santo Domingo Centro (D.N.), Santo Domingo,Segundo Uso,185,Residencial,9,FALSE,TRUE,FALSE,FALSE,FALSE,TRUE,FALSE,TRUE,TRUE,330000
2022-02-10,/apartamentos-venta-bella-vista/1258831/,3,3.5,3,US$,230000,Property Inmobiliaria,Bella Vista, Santo Domingo Centro (D.N.), Santo Domingo,NA,209,Residencial,NA,FALSE,TRUE,FALSE,FALSE,FALSE,FALSE,FALSE,FALSE,TRUE,230000
2022-02-10,/apartamentos-venta-bella-vista/1244302/,3,3.5,3,US$,230000,Property Inmobiliaria,Bella Vista, Santo Domingo Centro (D.N.), Santo Domingo,NA,NA,Residencial,NA,FALSE,TRUE,FALSE,FALSE,FALSE,TRUE,FALSE,FALSE,TRUE,230000
2022-02-10,/apartamentos-venta-bella-vista/1234385/,2,3,3,US$,7200000,Mr. Home Asesores Inmobiliarios,Bella Vista, Santo Domingo Centro (D.N.), Santo Domingo,NA,166,Residencial,NA,FALSE,FALSE,FALSE,FALSE,FALSE,FALSE,FALSE,FALSE,FALSE,7200000
2022-02-10,/apartamentos-venta-bella-vista/1261509/,2,3.5,3,RD$,10600000,Virna Reyes,Bella Vista, Santo Domingo Centro (D.N.), Santo Domingo,Segundo Uso,203,Residencial,7,TRUE,TRUE,FALSE,TRUE,FALSE,TRUE,TRUE,FALSE,FALSE,181196.5811965812
2022-02-10,/apartamentos-venta-bella-vista/1235013/,2,3.5,3,US$,335000,Mr. Home Asesores Inmobiliarios,Bella Vista, Santo Domingo Centro (D.N.), Santo Domingo,NA,258,Residencial,NA,FALSE,TRUE,FALSE,FALSE,FALSE,FALSE,FALSE,FALSE,FALSE,335000
2022-02-10,/apartamentos-venta-bella-vista/1234830/,3,2.5,3,US$,180000,Mr. Home Asesores Inmobiliarios,Bella Vista, Santo Domingo Centro (D.N.), Santo Domingo,NA,150,Residencial,NA,FALSE,FALSE,FALSE,FALSE,FALSE,FALSE,FALSE,FALSE,FALSE,180000
2022-02-10,/apartamentos-venta-bella-vista/1234792/,3,3.5,3,US$,290000,Mr. Home Asesores Inmobiliarios,Bella Vista, Santo Domingo Centro (D.N.), Santo Domingo,NA,259,Residencial,NA,FALSE,FALSE,FALSE,FALSE,FALSE,FALSE,FALSE,FALSE,FALSE,290000
2022-02-10,/apartamentos-venta-bella-vista/1267796/,2,2,2,US$,228000,Mr. Home Asesores Inmobiliarios,Bella Vista, Santo Domingo Centro (D.N.), Santo Domingo,NA,145,Residencial,NA,TRUE,TRUE,FALSE,FALSE,FALSE,FALSE,FALSE,TRUE,FALSE,228000
2022-02-10,/apartamentos-venta-bella-vista/1241977/,NA,NA,NA,US$,146000,Mr. Home Asesores Inmobiliarios,Bella Vista, Santo Domingo Centro (D.N.), Santo Domingo,En Construcción,NA,Residencial,NA,TRUE,TRUE,TRUE,FALSE,FALSE,TRUE,TRUE,FALSE,TRUE,146000
2022-02-10,/apartamentos-venta-bella-vista/1269516/,2,2.5,2,US$,210000,Inmobiliaria Grupal,Bella Vista, Santo Domingo Centro (D.N.), Santo Domingo,Segundo Uso,139,Residencial,5,TRUE,TRUE,TRUE,FALSE,TRUE,TRUE,TRUE,FALSE,TRUE,210000
2022-02-10,/apartamentos-venta-bella-vista/1267396/,3,3.5,3,US$,275000,Inmobiliaria Grupal,Bella Vista, Santo Domingo Centro (D.N.), Santo Domingo,Segundo Uso,NA,Residencial,8,TRUE,TRUE,FALSE,TRUE,FALSE,FALSE,TRUE,FALSE,FALSE,275000
2022-02-10,/apartamentos-venta-bella-vista/1256935/,2,3.5,3,US$,260000,Estrella Inmobiliaria ,Bella Vista, Santo Domingo Centro (D.N.), Santo Domingo,Nueva,213,Residencial,8,TRUE,TRUE,FALSE,TRUE,FALSE,TRUE,TRUE,FALSE,TRUE,260000
2022-02-10,/apartamentos-venta-bella-vista/1267524/,2,2,3,US$,215000,Premium Real Estate,Bella Vista, Santo Domingo Centro (D.N.), Santo Domingo,Segundo Uso,200,Residencial,3,FALSE,FALSE,FALSE,FALSE,FALSE,FALSE,FALSE,FALSE,FALSE,215000
2022-02-10,/apartamentos-venta-bella-vista/1243597/,3,3.5,3,US$,250000,Property Inmobiliaria,Bella Vista, Santo Domingo Centro (D.N.), Santo Domingo,Segundo Uso,209,Residencial,NA,FALSE,TRUE,FALSE,FALSE,FALSE,FALSE,FALSE,FALSE,FALSE,250000
2022-02-10,/apartamentos-venta-bella-vista/1250516/,2,4.5,3,US$,301000,DARAD Real Estate RD,Bella Vista, Santo Domingo Centro (D.N.), Santo Domingo,Nueva,NA,Residencial,NA,TRUE,TRUE,FALSE,TRUE,TRUE,TRUE,TRUE,TRUE,TRUE,301000
2022-02-10,/apartamentos-venta-bella-vista/1250514/,2,NA,2,US$,228000,DARAD Real Estate RD,Bella Vista, Santo Domingo Centro (D.N.), Santo Domingo,Nueva,NA,Residencial,NA,TRUE,TRUE,FALSE,TRUE,TRUE,TRUE,TRUE,TRUE,TRUE,228000
2022-02-10,/apartamentos-venta-bella-vista/1251102/,1,1.5,1,US$,150000,DARAD Real Estate RD,Bella Vista, Santo Domingo Centro (D.N.), Santo Domingo,En Construcción,74,Residencial,NA,TRUE,TRUE,TRUE,TRUE,TRUE,TRUE,TRUE,FALSE,TRUE,150000
2022-02-10,/apartamentos-venta-bella-vista/1251101/,2,3.5,2,US$,210000,DARAD Real Estate RD,Bella Vista, Santo Domingo Centro (D.N.), Santo Domingo,En Construcción,107,Residencial,NA,TRUE,TRUE,TRUE,TRUE,TRUE,TRUE,TRUE,FALSE,TRUE,210000
2022-02-10,/apartamentos-venta-bella-vista/1251100/,2,4.5,3,US$,286000,DARAD Real Estate RD,Bella Vista, Santo Domingo Centro (D.N.), Santo Domingo,En Construcción,168,Residencial,NA,TRUE,TRUE,TRUE,TRUE,TRUE,TRUE,TRUE,FALSE,TRUE,286000
2022-02-10,/apartamentos-venta-bella-vista/1250315/,3,4.5,3,US$,315000,DARAD Real Estate RD,Bella Vista, Santo Domingo Centro (D.N.), Santo Domingo,Nueva,229,Residencial,NA,TRUE,TRUE,FALSE,TRUE,FALSE,TRUE,TRUE,FALSE,TRUE,315000
2022-02-10,/apartamentos-venta-bella-vista/1255059/,1,1,1,US$,133200,DARAD Real Estate RD,Bella Vista, Santo Domingo Centro (D.N.), Santo Domingo,En Construcción,NA,Residencial,NA,TRUE,TRUE,TRUE,TRUE,TRUE,TRUE,TRUE,FALSE,TRUE,133200
2022-02-10,/apartamentos-venta-bella-vista/1263811/,2,3,3,US$,280000,Seekers Inmobiliaria,Bella Vista, Santo Domingo Centro (D.N.), Santo Domingo,Segundo Uso,185,Residencial,NA,FALSE,FALSE,FALSE,FALSE,TRUE,TRUE,FALSE,FALSE,TRUE,280000
2022-02-10,/apartamentos-venta-bella-vista/1240456/,2,3.5,3,US$,368000,Seekers Inmobiliaria,Bella Vista, Santo Domingo Centro (D.N.), Santo Domingo,En Construcción,158,Residencial,2,FALSE,TRUE,FALSE,FALSE,TRUE,TRUE,FALSE,TRUE,TRUE,368000
2022-02-10,/apartamentos-venta-bella-vista/1233333/,1,1,1,US$,150000,Seekers Inmobiliaria,Bella Vista, Santo Domingo Centro (D.N.), Santo Domingo,Nueva,62,Residencial,NA,FALSE,FALSE,TRUE,FALSE,TRUE,TRUE,FALSE,TRUE,TRUE,150000
2022-02-10,/apartamentos-venta-bella-vista/1257339/,1,1,1,US$,133200,Seekers Inmobiliaria,Bella Vista, Santo Domingo Centro (D.N.), Santo Domingo,En Construcción,72,Residencial,NA,TRUE,TRUE,TRUE,FALSE,TRUE,TRUE,TRUE,FALSE,TRUE,133200
2022-02-10,/apartamentos-venta-bella-vista/1257338/,1,1,1,US$,142560,Seekers Inmobiliaria,Bella Vista, Santo Domingo Centro (D.N.), Santo Domingo,En Construcción,75,Residencial,NA,TRUE,TRUE,TRUE,FALSE,TRUE,TRUE,TRUE,FALSE,TRUE,142560
2022-02-10,/apartamentos-venta-bella-vista/1240452/,2,2.5,2,US$,228000,Seekers Inmobiliaria,Bella Vista, Santo Domingo Centro (D.N.), Santo Domingo,En Construcción,120,Residencial,4,FALSE,TRUE,FALSE,FALSE,FALSE,TRUE,FALSE,TRUE,TRUE,228000
2022-02-10,/apartamentos-venta-bella-vista/1239179/,2,2.5,2,US$,305900,Seekers Inmobiliaria,Bella Vista, Santo Domingo Centro (D.N.), Santo Domingo,En Construcción,115,Residencial,NA,FALSE,TRUE,FALSE,FALSE,FALSE,TRUE,TRUE,TRUE,TRUE,305900
2022-02-10,/apartamentos-venta-bella-vista/1239263/,2,2.5,2,US$,193660,Seekers Inmobiliaria,Bella Vista, Santo Domingo Centro (D.N.), Santo Domingo,En Construcción,97,Residencial,NA,TRUE,TRUE,TRUE,FALSE,FALSE,FALSE,FALSE,FALSE,TRUE,193660
2022-02-10,/apartamentos-venta-bella-vista/1246527/,2,3.5,3,US$,139000,Seekers Inmobiliaria,Bella Vista, Santo Domingo Centro (D.N.), Santo Domingo,En Construcción,110,Residencial,NA,TRUE,TRUE,FALSE,TRUE,FALSE,TRUE,TRUE,FALSE,FALSE,139000
2022-02-10,/apartamentos-venta-bella-vista/1244684/,3,3,3,US$,530000,Seekers Inmobiliaria,Bella Vista, Santo Domingo Centro (D.N.), Santo Domingo,En Construcción,244,Residencial,NA,FALSE,TRUE,TRUE,FALSE,FALSE,TRUE,FALSE,FALSE,TRUE,530000
2022-02-10,/apartamentos-venta-bella-vista/1252710/,3,3.5,3,US$,900900,Seekers Inmobiliaria,Bella Vista, Santo Domingo Centro (D.N.), Santo Domingo,En Construcción,360,Residencial,NA,FALSE,TRUE,TRUE,FALSE,TRUE,TRUE,FALSE,TRUE,TRUE,900900
2022-02-10,/apartamentos-venta-bella-vista/1252713/,3,3.5,3,US$,1097250,Seekers Inmobiliaria,Bella Vista, Santo Domingo Centro (D.N.), Santo Domingo,En Construcción,360,Residencial,NA,FALSE,TRUE,TRUE,FALSE,TRUE,TRUE,FALSE,TRUE,TRUE,1097250
2022-02-10,/apartamentos-venta-bella-vista/1268481/,2,2.5,3,US$,215000,Seekers Inmobiliaria,Bella Vista, Santo Domingo Centro (D.N.), Santo Domingo,En Construcción,116,Residencial,NA,FALSE,TRUE,FALSE,FALSE,TRUE,TRUE,TRUE,TRUE,TRUE,215000
2022-02-10,/apartamentos-venta-bella-vista/1220077/,1,1.5,1,US$,152000,Algonovo Real Estate,Bella Vista, Santo Domingo Centro (D.N.), Santo Domingo,En Planos,62,Residencial,NA,TRUE,TRUE,TRUE,FALSE,TRUE,TRUE,TRUE,TRUE,TRUE,152000
2022-02-10,/apartamentos-venta-bella-vista/1220078/,1,1,2,US$,180000,Algonovo Real Estate,Bella Vista, Santo Domingo Centro (D.N.), Santo Domingo,En Planos,80,Residencial,NA,TRUE,TRUE,TRUE,FALSE,TRUE,TRUE,TRUE,TRUE,FALSE,180000
2022-02-10,/apartamentos-venta-bella-vista/1240371/,3,3.5,3,US$,286000,Algonovo Real Estate,Bella Vista, Santo Domingo Centro (D.N.), Santo Domingo,En Planos,143,Residencial,NA,TRUE,TRUE,TRUE,FALSE,FALSE,TRUE,TRUE,FALSE,TRUE,286000
2022-02-10,/apartamentos-venta-bella-vista/1263579/,1,1.5,1,US$,143900,Algonovo Real Estate,Bella Vista, Santo Domingo Centro (D.N.), Santo Domingo,En Planos,57,Residencial,NA,TRUE,TRUE,TRUE,FALSE,FALSE,TRUE,TRUE,TRUE,TRUE,143900
2022-02-10,/apartamentos-venta-bella-vista/1269402/,2,3.5,3,US$,219500,Algonovo Real Estate,Bella Vista, Santo Domingo Centro (D.N.), Santo Domingo,Segundo Uso,194,Residencial,7,TRUE,TRUE,FALSE,FALSE,FALSE,TRUE,TRUE,FALSE,FALSE,219500
2022-02-10,/apartamentos-venta-bella-vista/1265959/,2,3.5,3,US$,189000,Algonovo Real Estate,Bella Vista, Santo Domingo Centro (D.N.), Santo Domingo,Segundo Uso,175,Residencial,NA,TRUE,TRUE,FALSE,FALSE,FALSE,FALSE,FALSE,FALSE,FALSE,189000
2022-02-10,/apartamentos-venta-bella-vista/1262842/,2,3.5,3,US$,245000,Algonovo Real Estate,Bella Vista, Santo Domingo Centro (D.N.), Santo Domingo,Segundo Uso,245,Residencial,NA,TRUE,TRUE,FALSE,FALSE,FALSE,FALSE,TRUE,FALSE,FALSE,245000
2022-02-10,/apartamentos-venta-bella-vista/1253492/,2,3.5,3,US$,306000,CityMax Santo Domingo,Bella Vista, Santo Domingo Centro (D.N.), Santo Domingo,Nueva,258,Residencial,5,FALSE,FALSE,FALSE,FALSE,FALSE,TRUE,TRUE,FALSE,TRUE,306000
2022-02-10,/apartamentos-venta-bella-vista/1253272/,2,2.5,3,US$,225000,CityMax Santo Domingo,Bella Vista, Santo Domingo Centro (D.N.), Santo Domingo,Segundo Uso,149,Residencial,9,TRUE,TRUE,FALSE,FALSE,FALSE,TRUE,TRUE,FALSE,FALSE,225000
2022-02-10,/apartamentos-venta-bella-vista/1265692/,2,2.5,2,US$,240000,CityMax Santo Domingo,Bella Vista, Santo Domingo Centro (D.N.), Santo Domingo,Nueva,147,Residencial,6,TRUE,TRUE,FALSE,FALSE,FALSE,TRUE,FALSE,FALSE,FALSE,240000
2022-02-10,/apartamentos-venta-bella-vista/1253122/,3,3.5,3,US$,298000,CityMax Santo Domingo,Bella Vista, Santo Domingo Centro (D.N.), Santo Domingo,Segundo Uso,303,Residencial,2,TRUE,TRUE,FALSE,FALSE,FALSE,TRUE,TRUE,FALSE,FALSE,298000
2022-02-10,/apartamentos-venta-bella-vista/1266154/,2,3.5,3,US$,230000,CityMax Santo Domingo,Bella Vista, Santo Domingo Centro (D.N.), Santo Domingo,Nueva,155,Residencial,3,TRUE,TRUE,FALSE,FALSE,TRUE,FALSE,TRUE,TRUE,TRUE,230000
2022-02-10,/apartamentos-venta-bella-vista/1252221/,3,3.5,3,US$,250000,Algonovo Real Estate,Bella Vista, Santo Domingo Centro (D.N.), Santo Domingo,Segundo Uso,210,Residencial,8,FALSE,TRUE,FALSE,FALSE,FALSE,TRUE,FALSE,FALSE,TRUE,250000
2022-02-10,/apartamentos-venta-bella-vista/1253799/,3,3.5,3,US$,900900,Algonovo Real Estate,Bella Vista, Santo Domingo Centro (D.N.), Santo Domingo,En Construcción,358,Residencial,NA,TRUE,FALSE,TRUE,FALSE,FALSE,TRUE,TRUE,FALSE,TRUE,900900
2022-02-10,/apartamentos-venta-bella-vista/1263711/,3,3.5,3,US$,240000,Mudate,Bella Vista, Santo Domingo Centro (D.N.), Santo Domingo,Nueva,215,Residencial,NA,FALSE,FALSE,FALSE,FALSE,FALSE,FALSE,FALSE,FALSE,FALSE,240000
2022-02-10,/apartamentos-venta-bella-vista/1269781/,2,3.5,3,US$,230000,Top inmobiliario Srl,Bella Vista, Santo Domingo Centro (D.N.), Santo Domingo,Nueva,155,Residencial,3,TRUE,TRUE,FALSE,FALSE,TRUE,TRUE,TRUE,FALSE,TRUE,230000
2022-02-10,/apartamentos-venta-bella-vista/1211543/,2,2.5,2,US$,210000,Mudate,Bella Vista, Santo Domingo Centro (D.N.), Santo Domingo,Nueva,118,Residencial,NA,FALSE,FALSE,TRUE,FALSE,TRUE,FALSE,TRUE,TRUE,TRUE,210000
2022-02-10,/apartamentos-venta-bella-vista/1192093/,4,3.5,3,US$,630000,Mudate,Bella Vista, Santo Domingo Centro (D.N.), Santo Domingo,Nueva,381,Residencial,NA,FALSE,FALSE,FALSE,FALSE,FALSE,FALSE,FALSE,FALSE,FALSE,630000
2022-02-10,/apartamentos-venta-bella-vista/1211542/,1,1.5,1,US$,150000,Mudate,Bella Vista, Santo Domingo Centro (D.N.), Santo Domingo,Nueva,75,Residencial,NA,FALSE,FALSE,TRUE,FALSE,TRUE,FALSE,TRUE,TRUE,TRUE,150000
2022-02-10,/apartamentos-venta-bella-vista/1208753/,3,3.5,3,US$,490000,Mudate,Bella Vista, Santo Domingo Centro (D.N.), Santo Domingo,Nueva,280,Residencial,NA,FALSE,FALSE,FALSE,FALSE,FALSE,FALSE,FALSE,FALSE,FALSE,490000
2022-02-10,/apartamentos-venta-bella-vista/1259452/,2,4.5,3,US$,325000,Mudate,Bella Vista, Santo Domingo Centro (D.N.), Santo Domingo,Nueva,192,Residencial,NA,FALSE,FALSE,FALSE,FALSE,FALSE,FALSE,FALSE,FALSE,FALSE,325000
2022-02-10,/apartamentos-venta-bella-vista/1211544/,2,3.5,3,US$,286000,Mudate,Bella Vista, Santo Domingo Centro (D.N.), Santo Domingo,Nueva,168,Residencial,NA,FALSE,FALSE,TRUE,FALSE,TRUE,FALSE,TRUE,TRUE,TRUE,286000
2022-02-10,/apartamentos-venta-bella-vista/1260928/,2,3,3,US$,298000,CityMax Santo Domingo,Bella Vista, Santo Domingo Centro (D.N.), Santo Domingo,En Construcción,160,Residencial,16,TRUE,TRUE,TRUE,FALSE,TRUE,TRUE,TRUE,TRUE,TRUE,298000
2022-02-10,/apartamentos-venta-bella-vista/1262063/,2,2.5,3,US$,246000,CityMax Santo Domingo,Bella Vista, Santo Domingo Centro (D.N.), Santo Domingo,En Construcción,123,Residencial,3,TRUE,TRUE,FALSE,FALSE,TRUE,TRUE,FALSE,TRUE,TRUE,246000
2022-02-10,/apartamentos-venta-bella-vista/1268065/,2,2.5,2,US$,187000,CityMax Santo Domingo,Bella Vista, Santo Domingo Centro (D.N.), Santo Domingo,En Construcción,95,Residencial,4,TRUE,TRUE,TRUE,FALSE,FALSE,TRUE,TRUE,TRUE,TRUE,187000
2022-02-10,/apartamentos-venta-bella-vista/1266879/,1,1.5,2,US$,122000,Kw Gold,Bella Vista, Santo Domingo Centro (D.N.), Santo Domingo,Nueva,105,Residencial,4,TRUE,FALSE,FALSE,FALSE,FALSE,FALSE,TRUE,FALSE,FALSE,122000
2022-02-10,/apartamentos-venta-bella-vista/1269771/,2,3.5,3,US$,380000,Remax Blu,Bella Vista, Santo Domingo Centro (D.N.), Santo Domingo,Nueva,276,Residencial,2,TRUE,TRUE,TRUE,TRUE,TRUE,TRUE,TRUE,FALSE,TRUE,380000
2022-02-10,/apartamentos-venta-bella-vista/1269769/,2,2.5,2,US$,256000,CityMax Santo Domingo,Bella Vista, Santo Domingo Centro (D.N.), Santo Domingo,Nueva,147,Residencial,11,TRUE,TRUE,FALSE,TRUE,TRUE,TRUE,TRUE,TRUE,TRUE,256000
2022-02-10,/apartamentos-venta-bella-vista/1268891/,2,3.5,3,US$,323700,Maravila Properties,Bella Vista, Santo Domingo Centro (D.N.), Santo Domingo,En Construcción,121,Residencial,NA,TRUE,TRUE,FALSE,FALSE,TRUE,TRUE,TRUE,TRUE,TRUE,323700
2022-02-10,/apartamentos-venta-bella-vista/1268967/,2,2.5,2,US$,213000,Maravila Properties,Bella Vista, Santo Domingo Centro (D.N.), Santo Domingo,En Construcción,104,Residencial,NA,TRUE,TRUE,TRUE,FALSE,TRUE,TRUE,TRUE,FALSE,TRUE,213000
2022-02-10,/apartamentos-venta-bella-vista/1268885/,2,2.5,3,US$,230000,Maravila Properties,Bella Vista, Santo Domingo Centro (D.N.), Santo Domingo,Nueva,123,Residencial,NA,TRUE,TRUE,FALSE,FALSE,TRUE,TRUE,TRUE,TRUE,TRUE,230000
2022-02-10,/apartamentos-venta-bella-vista/1268887/,NA,2.5,2,US$,219750,Maravila Properties,Bella Vista, Santo Domingo Centro (D.N.), Santo Domingo,Nueva,88,Residencial,NA,TRUE,TRUE,TRUE,FALSE,TRUE,TRUE,TRUE,TRUE,TRUE,219750
2022-02-10,/apartamentos-venta-bella-vista/1248599/,NA,3.5,3,US$,334287,Premium Real Estate,Bella Vista, Santo Domingo Centro (D.N.), Santo Domingo,En Construcción,201,Residencial,14,FALSE,TRUE,TRUE,FALSE,FALSE,TRUE,FALSE,FALSE,TRUE,334287
2022-02-10,/apartamentos-venta-bella-vista/1248599/,NA,3.5,3,US$,334287,Premium Real Estate,Bella Vista, Santo Domingo Centro (D.N.), Santo Domingo,En Construcción,201,Residencial,14,FALSE,TRUE,TRUE,FALSE,FALSE,TRUE,FALSE,FALSE,TRUE,334287
2022-02-10,/apartamentos-venta-bella-vista/1251432/,1,NA,1,US$,142500,Premium Real Estate,Bella Vista, Santo Domingo Centro (D.N.), Santo Domingo,En Construcción,75,Residencial,14,FALSE,FALSE,FALSE,FALSE,FALSE,FALSE,FALSE,FALSE,FALSE,142500
2022-02-10,/apartamentos-venta-bella-vista/1254656/,1,1.5,1,US$,105750,Ciudad Inmobiliaria ,Bella Vista, Santo Domingo Centro (D.N.), Santo Domingo,En Construcción,72,Residencial,NA,FALSE,TRUE,FALSE,FALSE,TRUE,TRUE,TRUE,TRUE,TRUE,105750
2022-02-10,/apartamentos-venta-bella-vista/1252612/,2,3.5,3,US$,240000,Ciudad Inmobiliaria ,Bella Vista, Santo Domingo Centro (D.N.), Santo Domingo,Nueva,151,Residencial,3,TRUE,TRUE,FALSE,FALSE,TRUE,FALSE,TRUE,FALSE,TRUE,240000
2022-02-10,/apartamentos-venta-bella-vista/1257740/,2,2.5,2,US$,240000,CityMax Santo Domingo,Bella Vista, Santo Domingo Centro (D.N.), Santo Domingo,Nueva,148,Residencial,2,TRUE,TRUE,FALSE,TRUE,TRUE,TRUE,TRUE,FALSE,TRUE,240000
2022-02-10,/apartamentos-venta-bella-vista/1257388/,NA,NA,3,US$,277000,Premium Real Estate,Bella Vista, Santo Domingo Centro (D.N.), Santo Domingo,En Planos,191,Residencial,NA,FALSE,TRUE,TRUE,FALSE,TRUE,FALSE,TRUE,FALSE,TRUE,277000
2022-02-10,/apartamentos-venta-bella-vista/1265167/,2,2.5,2,US$,220000,URBANET,Bella Vista, Santo Domingo Centro (D.N.), Santo Domingo,Nueva,NA,Residencial,NA,TRUE,TRUE,TRUE,TRUE,TRUE,TRUE,TRUE,TRUE,TRUE,220000
2022-02-10,/apartamentos-venta-bella-vista/1265046/,2,NA,3,US$,318000,URBANET,Bella Vista, Santo Domingo Centro (D.N.), Santo Domingo,En Construcción,NA,Residencial,NA,TRUE,TRUE,TRUE,TRUE,TRUE,TRUE,TRUE,TRUE,TRUE,318000
2022-02-10,/apartamentos-venta-bella-vista/1265045/,2,2.5,2,US$,184000,URBANET,Bella Vista, Santo Domingo Centro (D.N.), Santo Domingo,Nueva,NA,Residencial,NA,TRUE,TRUE,TRUE,TRUE,TRUE,TRUE,TRUE,TRUE,TRUE,184000
2022-02-10,/apartamentos-venta-bella-vista/1265044/,2,2.5,2,US$,224000,URBANET,Bella Vista, Santo Domingo Centro (D.N.), Santo Domingo,Nueva,NA,Residencial,NA,TRUE,TRUE,TRUE,TRUE,TRUE,TRUE,TRUE,TRUE,TRUE,224000
2022-02-10,/apartamentos-venta-bella-vista/1265043/,2,3.5,3,US$,301000,URBANET,Bella Vista, Santo Domingo Centro (D.N.), Santo Domingo,Nueva,202,Residencial,NA,TRUE,TRUE,TRUE,TRUE,TRUE,TRUE,TRUE,TRUE,TRUE,301000
2022-02-10,/apartamentos-venta-bella-vista/1265042/,1,1.5,1,US$,95000,URBANET,Bella Vista, Santo Domingo Centro (D.N.), Santo Domingo,En Construcción,NA,Residencial,NA,TRUE,TRUE,TRUE,TRUE,TRUE,TRUE,TRUE,TRUE,TRUE,95000
2022-02-10,/apartamentos-venta-bella-vista/1265041/,2,1.5,2,US$,135000,URBANET,Bella Vista, Santo Domingo Centro (D.N.), Santo Domingo,En Construcción,NA,Residencial,NA,TRUE,TRUE,TRUE,TRUE,TRUE,TRUE,TRUE,TRUE,TRUE,135000
2022-02-10,/apartamentos-venta-bella-vista/1265040/,2,2.5,3,US$,175000,URBANET,Bella Vista, Santo Domingo Centro (D.N.), Santo Domingo,En Construcción,NA,Residencial,NA,TRUE,TRUE,TRUE,TRUE,TRUE,TRUE,TRUE,TRUE,TRUE,175000
2022-02-10,/apartamentos-venta-bella-vista/1265172/,1,1.5,1,US$,123000,URBANET,Bella Vista, Santo Domingo Centro (D.N.), Santo Domingo,En Construcción,NA,Residencial,NA,TRUE,TRUE,TRUE,TRUE,TRUE,TRUE,TRUE,TRUE,TRUE,123000
2022-02-10,/apartamentos-venta-bella-vista/1265171/,2,2.5,2,US$,187000,URBANET,Bella Vista, Santo Domingo Centro (D.N.), Santo Domingo,En Construcción,NA,Residencial,NA,TRUE,TRUE,TRUE,TRUE,TRUE,TRUE,TRUE,TRUE,TRUE,187000
2022-02-10,/apartamentos-venta-bella-vista/1264950/,2,2.5,2,US$,180000,URBANET,Bella Vista, Santo Domingo Centro (D.N.), Santo Domingo,En Construcción,NA,Residencial,NA,TRUE,TRUE,TRUE,TRUE,TRUE,TRUE,TRUE,TRUE,TRUE,180000
2022-02-10,/apartamentos-venta-bella-vista/1264949/,2,NA,3,US$,215000,URBANET,Bella Vista, Santo Domingo Centro (D.N.), Santo Domingo,En Construcción,NA,Residencial,NA,TRUE,TRUE,TRUE,TRUE,TRUE,TRUE,TRUE,TRUE,TRUE,215000
2022-02-10,/apartamentos-venta-bella-vista/1264931/,4,3.5,3,US$,900900,URBANET,Bella Vista, Santo Domingo Centro (D.N.), Santo Domingo,En Construcción,NA,Residencial,NA,TRUE,TRUE,TRUE,TRUE,TRUE,TRUE,TRUE,TRUE,TRUE,900900
2022-02-10,/apartamentos-venta-bella-vista/1269306/,2,4,3,US$,225000,Inmobiliaria Grupal,Bella Vista, Santo Domingo Centro (D.N.), Santo Domingo,Nueva,150,Residencial,9,TRUE,TRUE,FALSE,FALSE,FALSE,TRUE,TRUE,FALSE,FALSE,225000
2022-02-10,/apartamentos-venta-y-alquiler-bella-vista/1235635/,2,3.5,3,US$,480000,Dreamhome Real Estate,Bella Vista, Santo Domingo Centro (D.N.), Santo Domingo,Segundo Uso,312,Residencial,5,TRUE,TRUE,FALSE,FALSE,TRUE,TRUE,TRUE,FALSE,FALSE,480000
2022-02-10,/apartamentos-venta-bella-vista/1251664/,2,2.5,2,US$,208000,Dreamhome Real Estate,Bella Vista, Santo Domingo Centro (D.N.), Santo Domingo,En Construcción,120,Residencial,NA,TRUE,TRUE,FALSE,FALSE,TRUE,TRUE,TRUE,TRUE,TRUE,208000
2022-02-10,/apartamentos-venta-bella-vista/1251666/,2,3.5,3,US$,295000,Dreamhome Real Estate,Bella Vista, Santo Domingo Centro (D.N.), Santo Domingo,En Construcción,160,Residencial,4,TRUE,TRUE,FALSE,FALSE,TRUE,TRUE,TRUE,TRUE,TRUE,295000
2022-02-10,/apartamentos-venta-bella-vista/1257924/,3,3.5,3,US$,530000,Dreamhome Real Estate,Bella Vista, Santo Domingo Centro (D.N.), Santo Domingo,En Construcción,280,Residencial,NA,TRUE,TRUE,TRUE,TRUE,TRUE,TRUE,TRUE,FALSE,TRUE,530000
2022-02-10,/apartamentos-venta-bella-vista/1228102/,3,3.5,3,US$,365000,Dreamhome Real Estate,Bella Vista, Santo Domingo Centro (D.N.), Santo Domingo,Nueva,349,Residencial,8,TRUE,TRUE,FALSE,FALSE,TRUE,TRUE,TRUE,FALSE,FALSE,365000
2022-02-10,/apartamentos-venta-bella-vista/1251460/,2,2.5,2,US$,195000,Dreamhome Real Estate,Bella Vista, Santo Domingo Centro (D.N.), Santo Domingo,En Construcción,102,Residencial,NA,TRUE,TRUE,FALSE,FALSE,TRUE,TRUE,TRUE,TRUE,TRUE,195000
2022-02-10,/apartamentos-venta-bella-vista/1248075/,2,3.5,3,US$,325000,Dreamhome Real Estate,Bella Vista, Santo Domingo Centro (D.N.), Santo Domingo,Segundo Uso,312,Residencial,6,TRUE,TRUE,FALSE,FALSE,TRUE,TRUE,TRUE,FALSE,TRUE,325000
2022-02-10,/apartamentos-venta-bella-vista/1260070/,4,3.5,3,US$,690000,Dreamhome Real Estate,Bella Vista, Santo Domingo Centro (D.N.), Santo Domingo,Segundo Uso,381,Residencial,NA,TRUE,TRUE,TRUE,FALSE,TRUE,TRUE,FALSE,FALSE,TRUE,690000
2022-02-10,/apartamentos-venta-bella-vista/1266834/,2,2.5,2,US$,232000,Inmobiliaria Grupal,Bella Vista, Santo Domingo Centro (D.N.), Santo Domingo,Nueva,146,Residencial,4,TRUE,TRUE,FALSE,TRUE,TRUE,TRUE,TRUE,TRUE,TRUE,232000
2022-02-10,/apartamentos-venta-bella-vista/1260104/,2,2.5,2,US$,210000,Ginebra Realty Group,Bella Vista, Santo Domingo Centro (D.N.), Santo Domingo,En Construcción,132,Residencial,NA,TRUE,TRUE,TRUE,FALSE,FALSE,TRUE,TRUE,TRUE,TRUE,210000
2022-02-10,/apartamentos-venta-y-alquiler-bella-vista/1267813/,2,3.5,3,US$,375000,Estrella Inmobiliaria ,Bella Vista, Santo Domingo Centro (D.N.), Santo Domingo,Segundo Uso,289,Residencial,5,TRUE,FALSE,TRUE,TRUE,FALSE,FALSE,TRUE,FALSE,TRUE,375000
2022-02-10,/apartamentos-venta-bella-vista/1264438/,2,2.5,3,US$,330000,Marco Rivero,Bella Vista, Santo Domingo Centro (D.N.), Santo Domingo,Nueva,210,Residencial,NA,TRUE,TRUE,TRUE,TRUE,TRUE,TRUE,TRUE,FALSE,TRUE,330000
2022-02-10,/apartamentos-venta-bella-vista/1248428/,1,1.5,1,US$,160000,Marco Rivero,Bella Vista, Santo Domingo Centro (D.N.), Santo Domingo,Nueva,80,Residencial,NA,TRUE,TRUE,TRUE,FALSE,TRUE,TRUE,TRUE,FALSE,TRUE,160000
2022-02-10,/apartamentos-venta-bella-vista/1256446/,2,2.5,2,US$,220379,Marco Rivero,Bella Vista, Santo Domingo Centro (D.N.), Santo Domingo,En Construcción,103,Mixto,NA,TRUE,TRUE,TRUE,FALSE,TRUE,TRUE,TRUE,TRUE,TRUE,220379
2022-02-10,/apartamentos-venta-bella-vista/1252741/,2,2.5,2,US$,184000,Marco Rivero,Bella Vista, Santo Domingo Centro (D.N.), Santo Domingo,Nueva,128,Residencial,NA,TRUE,TRUE,FALSE,TRUE,TRUE,TRUE,TRUE,TRUE,TRUE,184000
2022-02-10,/apartamentos-venta-bella-vista/1256447/,2,2.5,2,US$,220379,Marco Rivero,Bella Vista, Santo Domingo Centro (D.N.), Santo Domingo,En Construcción,103,Mixto,NA,TRUE,TRUE,TRUE,FALSE,TRUE,TRUE,TRUE,TRUE,TRUE,220379
2022-02-10,/apartamentos-venta-bella-vista/1269032/,2,2.5,2,US$,275000,DOBLE ALTURA REAL ESTATE SRL,Bella Vista, Santo Domingo Centro (D.N.), Santo Domingo,Nueva,160,Residencial,NA,TRUE,TRUE,FALSE,TRUE,TRUE,TRUE,TRUE,FALSE,TRUE,275000
2022-02-10,/apartamentos-venta-bella-vista/1269029/,2,2.5,2,US$,228000,DOBLE ALTURA REAL ESTATE SRL,Bella Vista, Santo Domingo Centro (D.N.), Santo Domingo,Nueva,147,Residencial,NA,TRUE,TRUE,FALSE,FALSE,TRUE,TRUE,TRUE,FALSE,TRUE,228000
2022-02-10,/apartamentos-venta-y-alquiler-bella-vista/1261265/,4,3.5,3,US$,340000,FELIX CRUZ BROKERS SRL,Bella Vista, Santo Domingo Centro (D.N.), Santo Domingo,Segundo Uso,360,Residencial,NA,TRUE,FALSE,FALSE,FALSE,FALSE,TRUE,TRUE,FALSE,FALSE,340000
2022-02-10,/apartamentos-venta-bella-vista/1266911/,2,3.5,3,US$,270000,FELIX CRUZ BROKERS SRL,Bella Vista, Santo Domingo Centro (D.N.), Santo Domingo,Segundo Uso,257,Residencial,NA,TRUE,TRUE,FALSE,FALSE,FALSE,FALSE,TRUE,FALSE,FALSE,270000
2022-02-10,/apartamentos-venta-bella-vista/1258603/,2,2.5,3,US$,315000,Premium Real Estate,Bella Vista, Santo Domingo Centro (D.N.), Santo Domingo,En Planos,176,Residencial,NA,TRUE,TRUE,TRUE,FALSE,FALSE,TRUE,FALSE,FALSE,TRUE,315000
2022-02-10,/apartamentos-venta-bella-vista/1257515/,NA,3.5,3,US$,470000,Premium Real Estate,Bella Vista, Santo Domingo Centro (D.N.), Santo Domingo,En Construcción,244,Residencial,NA,FALSE,FALSE,FALSE,FALSE,FALSE,FALSE,FALSE,FALSE,FALSE,470000
2022-02-10,/apartamentos-venta-bella-vista/1257347/,NA,3.5,3,US$,470000,Premium Real Estate,Bella Vista, Santo Domingo Centro (D.N.), Santo Domingo,En Construcción,244,Residencial,NA,FALSE,FALSE,FALSE,FALSE,FALSE,FALSE,FALSE,FALSE,FALSE,470000
2022-02-10,/apartamentos-venta-bella-vista/1257020/,2,3.5,3,US$,277000,Premium Real Estate,Bella Vista, Santo Domingo Centro (D.N.), Santo Domingo,En Construcción,192,Residencial,NA,FALSE,TRUE,TRUE,FALSE,TRUE,FALSE,TRUE,FALSE,TRUE,277000
2022-02-10,/apartamentos-venta-bella-vista/1268507/,2,2.5,2,US$,228000,Premium Real Estate,Bella Vista, Santo Domingo Centro (D.N.), Santo Domingo,Nueva,148,Residencial,3,FALSE,FALSE,FALSE,FALSE,FALSE,TRUE,FALSE,FALSE,TRUE,228000
2022-02-10,/apartamentos-venta-bella-vista/1224828/,2,2.5,2,US$,195000,Top International Realty,Bella Vista, Santo Domingo Centro (D.N.), Santo Domingo,Nueva,135,Residencial,7,TRUE,TRUE,TRUE,TRUE,TRUE,TRUE,TRUE,TRUE,TRUE,195000
2022-02-10,/apartamentos-venta-bella-vista/1237963/,3,2.5,3,US$,349000,Top International Realty,Bella Vista, Santo Domingo Centro (D.N.), Santo Domingo,Nueva,160,Residencial,7,TRUE,TRUE,FALSE,TRUE,FALSE,TRUE,TRUE,FALSE,FALSE,349000
2022-02-10,/apartamentos-venta-bella-vista/1223897/,4,3.5,3,US$,901000,Top International Realty,Bella Vista, Santo Domingo Centro (D.N.), Santo Domingo,En Construcción,415,Residencial,6,TRUE,TRUE,TRUE,TRUE,TRUE,TRUE,TRUE,TRUE,TRUE,901000
2022-02-10,/apartamentos-venta-bella-vista/1237791/,2,3.5,3,US$,335000,Top International Realty,Bella Vista, Santo Domingo Centro (D.N.), Santo Domingo,Nueva,190,Residencial,6,TRUE,TRUE,FALSE,TRUE,FALSE,TRUE,TRUE,TRUE,TRUE,335000
2022-02-10,/apartamentos-venta-bella-vista/1221074/,2,2.5,2,US$,140000,Top International Realty,Bella Vista, Santo Domingo Centro (D.N.), Santo Domingo,En Construcción,83,Residencial,5,TRUE,TRUE,TRUE,TRUE,TRUE,TRUE,TRUE,TRUE,TRUE,140000
2022-02-10,/apartamentos-venta-bella-vista/1240334/,2,2.5,2,US$,375000,Top International Realty,Bella Vista, Santo Domingo Centro (D.N.), Santo Domingo,Nueva,135,Residencial,5,TRUE,TRUE,TRUE,TRUE,TRUE,TRUE,TRUE,TRUE,TRUE,375000
2022-02-10,/apartamentos-venta-bella-vista/1242494/,2,2.5,3,US$,385000,Top International Realty,Bella Vista, Santo Domingo Centro (D.N.), Santo Domingo,Nueva,135,Residencial,5,TRUE,TRUE,TRUE,TRUE,FALSE,TRUE,TRUE,FALSE,TRUE,385000
2022-02-10,/apartamentos-venta-bella-vista/1240333/,2,2.5,2,US$,210000,Top International Realty,Bella Vista, Santo Domingo Centro (D.N.), Santo Domingo,Nueva,139,Residencial,5,TRUE,TRUE,TRUE,TRUE,FALSE,TRUE,TRUE,TRUE,TRUE,210000
2022-02-10,/apartamentos-venta-bella-vista/1240940/,2,3.5,3,US$,260000,Premium Real Estate,Bella Vista, Santo Domingo Centro (D.N.), Santo Domingo,Segundo Uso,184,Residencial,5,FALSE,FALSE,FALSE,FALSE,FALSE,FALSE,FALSE,FALSE,FALSE,260000
2022-02-10,/apartamentos-venta-bella-vista/1179096/,3,3.5,3,US$,530000,Inmobiliaria Hazim Rodriguez,Bella Vista, Santo Domingo Centro (D.N.), Santo Domingo,En Construcción,244,Residencial,3,FALSE,TRUE,TRUE,FALSE,FALSE,TRUE,TRUE,FALSE,TRUE,530000
2022-02-10,/apartamentos-venta-bella-vista/1230569/,2,1.5,1,US$,141000,Paez Luxury Real Estate ,Bella Vista, Santo Domingo Centro (D.N.), Santo Domingo,Nueva,93,Residencial,22,TRUE,TRUE,TRUE,FALSE,TRUE,TRUE,TRUE,TRUE,TRUE,141000
2022-02-10,/apartamentos-venta-bella-vista/1256945/,NA,NA,NA,US$,225000,Paez Luxury Real Estate ,Bella Vista, Santo Domingo Centro (D.N.), Santo Domingo,En Construcción,NA,N/D,NA,FALSE,FALSE,FALSE,FALSE,FALSE,FALSE,FALSE,FALSE,FALSE,225000
2022-02-10,/apartamentos-venta-bella-vista/1257808/,4,2.5,3,US$,950000,Paez Luxury Real Estate ,Bella Vista, Santo Domingo Centro (D.N.), Santo Domingo,Segundo Uso,490,Residencial,NA,TRUE,TRUE,FALSE,FALSE,FALSE,FALSE,TRUE,FALSE,TRUE,950000
2022-02-10,/apartamentos-venta-bella-vista/1260097/,1,1.5,1,US$,145000,Ginebra Realty Group,Bella Vista, Santo Domingo Centro (D.N.), Santo Domingo,En Construcción,74,Residencial,4,FALSE,TRUE,TRUE,TRUE,FALSE,TRUE,TRUE,TRUE,TRUE,145000
2022-02-10,/apartamentos-venta-bella-vista/1208447/,4,4.5,4,US$,550000,Paez Luxury Real Estate ,Bella Vista, Santo Domingo Centro (D.N.), Santo Domingo,Segundo Uso,610,Residencial,NA,TRUE,TRUE,FALSE,FALSE,FALSE,FALSE,TRUE,FALSE,TRUE,550000
2022-02-10,/apartamentos-venta-bella-vista/1267762/,2,2.5,3,US$,225000,CityMax Santo Domingo,Bella Vista, Santo Domingo Centro (D.N.), Santo Domingo,Segundo Uso,150,Residencial,NA,TRUE,TRUE,FALSE,FALSE,TRUE,TRUE,TRUE,FALSE,TRUE,225000
2022-02-10,/apartamentos-venta-bella-vista/1260617/,2,2.5,3,US$,240250,CityMax Santo Domingo,Bella Vista, Santo Domingo Centro (D.N.), Santo Domingo,Nueva,155,Residencial,NA,TRUE,TRUE,TRUE,FALSE,TRUE,TRUE,TRUE,FALSE,TRUE,240250
2022-02-10,/apartamentos-venta-bella-vista/1258494/,2,3.5,3,US$,255000,Jazmin Ortiz / Magnolia Ortiz,Bella Vista, Santo Domingo Centro (D.N.), Santo Domingo,Segundo Uso,300,Residencial,1,FALSE,FALSE,FALSE,FALSE,FALSE,TRUE,FALSE,FALSE,FALSE,255000
2022-02-10,/apartamentos-venta-bella-vista/1260684/,2,3.5,3,US$,235000,Premier Real Estate,Bella Vista, Santo Domingo Centro (D.N.), Santo Domingo,Segundo Uso,220,Residencial,5,FALSE,FALSE,FALSE,FALSE,FALSE,FALSE,FALSE,FALSE,FALSE,235000
2022-02-10,/apartamentos-venta-bella-vista/1257842/,1,2.5,3,RD$,9000,Premier Real Estate,Bella Vista, Santo Domingo Centro (D.N.), Santo Domingo,Segundo Uso,190,Residencial,1,FALSE,FALSE,FALSE,FALSE,FALSE,FALSE,FALSE,FALSE,FALSE,153.84615384615384
2022-02-10,/apartamentos-venta-bella-vista/1253804/,2,2.5,2,US$,191400,CityMax Santo Domingo,Bella Vista, Santo Domingo Centro (D.N.), Santo Domingo,Nueva,97,Residencial,5,FALSE,TRUE,TRUE,FALSE,TRUE,TRUE,TRUE,FALSE,FALSE,191400
2022-02-10,/apartamentos-venta-bella-vista/1258920/,2,2.5,3,US$,217650,Plusval Homes Realty Group,Bella Vista, Santo Domingo Centro (D.N.), Santo Domingo,En Construcción,116,N/D,NA,FALSE,TRUE,FALSE,FALSE,TRUE,TRUE,TRUE,FALSE,TRUE,217650
2022-02-10,/apartamentos-venta-bella-vista/1258919/,2,2.5,2,US$,195000,Plusval Homes Realty Group,Bella Vista, Santo Domingo Centro (D.N.), Santo Domingo,Nueva,104,N/D,5,TRUE,TRUE,TRUE,FALSE,TRUE,TRUE,TRUE,FALSE,TRUE,195000
2022-02-10,/apartamentos-venta-bella-vista/1258906/,2,3.5,3,US$,255000,Plusval Homes Realty Group,Bella Vista, Santo Domingo Centro (D.N.), Santo Domingo,Segundo Uso,245,Residencial,6,TRUE,TRUE,FALSE,FALSE,FALSE,FALSE,TRUE,FALSE,FALSE,255000
2022-02-10,/apartamentos-venta-bella-vista/1264659/,2,2.5,2,US$,238000,Habitame Inmobiliaria,Bella Vista, Santo Domingo Centro (D.N.), Santo Domingo,En Construcción,122,Residencial,NA,TRUE,TRUE,TRUE,FALSE,FALSE,TRUE,TRUE,FALSE,TRUE,238000
2022-02-10,/apartamentos-venta-bella-vista/1247243/,3,3.5,3,US$,530000,Vidalpe Inmobiliaria,Bella Vista, Santo Domingo Centro (D.N.), Santo Domingo,En Construcción,NA,Residencial,NA,TRUE,TRUE,TRUE,FALSE,TRUE,TRUE,TRUE,FALSE,TRUE,530000
2022-02-10,/apartamentos-venta-bella-vista/1269272/,2,2.5,2,US$,210000,Inmobiliaria Grupal,Bella Vista, Santo Domingo Centro (D.N.), Santo Domingo,Segundo Uso,139,Residencial,5,TRUE,TRUE,TRUE,TRUE,TRUE,TRUE,TRUE,FALSE,TRUE,210000
2022-02-10,/apartamentos-venta-bella-vista/1262541/,1,1,1,US$,178500,Inmobiliaria Grupal,Bella Vista, Santo Domingo Centro (D.N.), Santo Domingo,En Construcción,64,Residencial,NA,TRUE,TRUE,FALSE,FALSE,FALSE,FALSE,FALSE,FALSE,TRUE,178500
2022-02-10,/apartamentos-venta-bella-vista/1267102/,2,4,3,US$,225000,Inmobiliaria Grupal,Bella Vista, Santo Domingo Centro (D.N.), Santo Domingo,Nueva,150,Residencial,9,TRUE,TRUE,TRUE,TRUE,TRUE,TRUE,FALSE,FALSE,TRUE,225000
2022-02-10,/apartamentos-venta-bella-vista/1266126/,2,NA,2,US$,228000,Inmobiliaria Grupal,Bella Vista, Santo Domingo Centro (D.N.), Santo Domingo,Nueva,128,Residencial,NA,TRUE,TRUE,FALSE,TRUE,FALSE,TRUE,TRUE,TRUE,FALSE,228000
2022-02-10,/apartamentos-venta-bella-vista/1246846/,4,3.5,4,US$,875000,Flavia Cortina Unique Properties,Bella Vista, Santo Domingo Centro (D.N.), Santo Domingo,Segundo Uso,400,Residencial,NA,TRUE,TRUE,FALSE,FALSE,FALSE,TRUE,TRUE,FALSE,TRUE,875000
2022-02-10,/apartamentos-venta-bella-vista/1249318/,2,3.5,3,US$,152000,Mario Alberto Aquino,Bella Vista, Santo Domingo Centro (D.N.), Santo Domingo,En Construcción,110,Residencial,4,TRUE,TRUE,FALSE,FALSE,FALSE,TRUE,TRUE,FALSE,FALSE,152000
2022-02-10,/apartamentos-venta-bella-vista/1269188/,2,2.5,2,US$,210000,Inmobiliaria Grupal,Bella Vista, Santo Domingo Centro (D.N.), Santo Domingo,Segundo Uso,139,Residencial,5,TRUE,TRUE,TRUE,TRUE,FALSE,TRUE,TRUE,FALSE,FALSE,210000
2022-02-10,/apartamentos-venta-bella-vista/1261164/,NA,NA,NA,US$,190000,Inmobiliaria Grupal,Bella Vista, Santo Domingo Centro (D.N.), Santo Domingo,Segundo Uso,146,Residencial,3,TRUE,TRUE,TRUE,TRUE,FALSE,TRUE,FALSE,FALSE,TRUE,190000
2022-02-10,/apartamentos-venta-bella-vista/1263879/,1,2,2,US$,118000,Inmobiliaria Grupal,Bella Vista, Santo Domingo Centro (D.N.), Santo Domingo,Remodelada,83,Residencial,2,FALSE,FALSE,FALSE,FALSE,FALSE,FALSE,TRUE,FALSE,FALSE,118000
2022-02-10,/apartamentos-venta-bella-vista/1266080/,2,3.5,3,US$,270000,Habitame Inmobiliaria,Bella Vista, Santo Domingo Centro (D.N.), Santo Domingo,Segundo Uso,240,Residencial,1,TRUE,TRUE,FALSE,FALSE,FALSE,FALSE,FALSE,FALSE,FALSE,270000
2022-02-10,/apartamentos-venta-bella-vista/1259593/,NA,NA,2,US$,184000,Seekers Inmobiliaria,Bella Vista, Santo Domingo Centro (D.N.), Santo Domingo,Nueva,102,Residencial,NA,TRUE,TRUE,FALSE,TRUE,FALSE,TRUE,FALSE,TRUE,TRUE,184000
2022-02-10,/apartamentos-venta-bella-vista/1259590/,2,2,2,US$,228000,Seekers Inmobiliaria,Bella Vista, Santo Domingo Centro (D.N.), Santo Domingo,Nueva,102,Residencial,NA,FALSE,TRUE,FALSE,TRUE,FALSE,TRUE,FALSE,TRUE,TRUE,228000
2022-02-10,/apartamentos-venta-bella-vista/1259589/,2,2,2,US$,228000,Seekers Inmobiliaria,Bella Vista, Santo Domingo Centro (D.N.), Santo Domingo,Nueva,102,Residencial,NA,TRUE,TRUE,FALSE,FALSE,FALSE,TRUE,FALSE,TRUE,FALSE,228000
2022-02-10,/apartamentos-venta-bella-vista/1264606/,1,1,1,US$,133200,Habitame Inmobiliaria,Bella Vista, Santo Domingo Centro (D.N.), Santo Domingo,En Planos,72,Residencial,3,TRUE,FALSE,TRUE,FALSE,FALSE,TRUE,TRUE,FALSE,TRUE,133200
2022-02-10,/apartamentos-venta-bella-vista/1264657/,1,1.5,1,US$,150000,Habitame Inmobiliaria,Bella Vista, Santo Domingo Centro (D.N.), Santo Domingo,En Construcción,74,Residencial,NA,TRUE,TRUE,TRUE,FALSE,TRUE,TRUE,TRUE,FALSE,TRUE,150000
2022-02-10,/apartamentos-venta-bella-vista/1194799/,2,2.5,2,US$,193660,Time Homes Inmobiliaria,Bella Vista, Santo Domingo Centro (D.N.), Santo Domingo,En Construcción,NA,Residencial,2,TRUE,TRUE,TRUE,TRUE,TRUE,TRUE,TRUE,FALSE,TRUE,193660
2022-02-10,/apartamentos-venta-bella-vista/1228193/,2,3.5,3,US$,330000,Estrella Inmobiliaria ,Bella Vista, Santo Domingo Centro (D.N.), Santo Domingo,Segundo Uso,260,Residencial,5,TRUE,TRUE,FALSE,FALSE,FALSE,TRUE,TRUE,FALSE,TRUE,330000
2022-02-10,/apartamentos-venta-bella-vista/1257297/,2,3.5,3,US$,260000,Hogarium Real Estate,Bella Vista, Santo Domingo Centro (D.N.), Santo Domingo,Segundo Uso,340,Residencial,1,TRUE,TRUE,FALSE,TRUE,FALSE,TRUE,FALSE,FALSE,FALSE,260000
2022-02-10,/apartamentos-venta-bella-vista/1228640/,3,3.5,3,US$,360000,Carmelia Suero,Bella Vista, Santo Domingo Centro (D.N.), Santo Domingo,Nueva,325,Residencial,7,TRUE,TRUE,FALSE,TRUE,TRUE,TRUE,TRUE,TRUE,TRUE,360000
2022-02-10,/apartamentos-venta-bella-vista/1241506/,2,3.5,3,US$,301000,BAEZ MUESES INMOBILIARIA,Bella Vista, Santo Domingo Centro (D.N.), Santo Domingo,Nueva,190,Residencial,NA,TRUE,TRUE,FALSE,TRUE,TRUE,TRUE,TRUE,TRUE,TRUE,301000
2022-02-10,/apartamentos-venta-bella-vista/1235251/,3,3.5,3,US$,510000,Premium Real Estate,Bella Vista, Santo Domingo Centro (D.N.), Santo Domingo,En Construcción,244,Residencial,NA,FALSE,TRUE,TRUE,FALSE,FALSE,TRUE,TRUE,TRUE,FALSE,510000
2022-02-10,/apartamentos-venta-bella-vista/1260007/,2,3.5,3,US$,258000,Premium Real Estate,Bella Vista, Santo Domingo Centro (D.N.), Santo Domingo,En Construcción,160,Residencial,NA,TRUE,TRUE,TRUE,FALSE,FALSE,TRUE,TRUE,TRUE,TRUE,258000
2022-02-10,/apartamentos-venta-bella-vista/1269113/,4,3.5,3,US$,850000,Tropical Living,Bella Vista, Santo Domingo Centro (D.N.), Santo Domingo,En Construcción,415,Residencial,NA,TRUE,TRUE,TRUE,FALSE,TRUE,FALSE,TRUE,TRUE,TRUE,850000
2022-02-10,/apartamentos-venta-bella-vista/1263026/,1,1.5,1,US$,145250,Tropical Living,Bella Vista, Santo Domingo Centro (D.N.), Santo Domingo,En Construcción,70,Residencial,NA,TRUE,TRUE,TRUE,FALSE,TRUE,FALSE,TRUE,FALSE,TRUE,145250
2022-02-10,/apartamentos-venta-bella-vista/1253496/,2,3.5,3,US$,230000,Tropical Living,Bella Vista, Santo Domingo Centro (D.N.), Santo Domingo,Nueva,175,Residencial,NA,TRUE,FALSE,FALSE,FALSE,TRUE,FALSE,TRUE,TRUE,TRUE,230000
2022-02-10,/apartamentos-venta-bella-vista/1258284/,1,2,1,US$,150000,Tropical Living,Bella Vista, Santo Domingo Centro (D.N.), Santo Domingo,En Construcción,74,Residencial,NA,TRUE,TRUE,TRUE,FALSE,TRUE,FALSE,FALSE,TRUE,TRUE,150000
2022-02-10,/apartamentos-venta-bella-vista/1257261/,2,3.5,3,US$,301000,Tropical Living,Bella Vista, Santo Domingo Centro (D.N.), Santo Domingo,En Construcción,189,Residencial,NA,FALSE,TRUE,FALSE,FALSE,TRUE,FALSE,TRUE,TRUE,TRUE,301000
2022-02-10,/apartamentos-venta-bella-vista/1263850/,1,1.5,1,US$,129500,Tropical Living,Bella Vista, Santo Domingo Centro (D.N.), Santo Domingo,En Construcción,102,Residencial,NA,TRUE,TRUE,FALSE,FALSE,TRUE,FALSE,TRUE,TRUE,TRUE,129500
2022-02-10,/apartamentos-venta-bella-vista/1263220/,2,2.5,3,US$,235000,Remax Metropolitana ,Bella Vista, Santo Domingo Centro (D.N.), Santo Domingo,Segundo Uso,200,Residencial,5,TRUE,TRUE,FALSE,TRUE,FALSE,FALSE,TRUE,FALSE,FALSE,235000
2022-02-10,/apartamentos-venta-bella-vista/1247856/,3,3.5,3,US$,300000,ABAR Inmobiliaria,Bella Vista, Santo Domingo Centro (D.N.), Santo Domingo,Nueva,280,Residencial,4,TRUE,TRUE,FALSE,TRUE,TRUE,TRUE,TRUE,FALSE,FALSE,300000
2022-02-10,/apartamentos-venta-bella-vista/1264467/,1,1.5,1,US$,140800,ABAR Inmobiliaria,Bella Vista, Santo Domingo Centro (D.N.), Santo Domingo,En Construcción,57,Residencial,6,TRUE,TRUE,TRUE,FALSE,TRUE,TRUE,TRUE,TRUE,TRUE,140800
2022-02-10,/apartamentos-venta-bella-vista/1249207/,2,3.5,3,US$,550000,Anyelina Sánchez,Bella Vista, Santo Domingo Centro (D.N.), Santo Domingo,Segundo Uso,321,Residencial,NA,FALSE,FALSE,FALSE,FALSE,FALSE,FALSE,FALSE,FALSE,FALSE,550000
2022-02-10,/apartamentos-venta-bella-vista/1249209/,2,3.5,3,US$,600000,Anyelina Sánchez,Bella Vista, Santo Domingo Centro (D.N.), Santo Domingo,Segundo Uso,NA,Residencial,NA,FALSE,FALSE,FALSE,FALSE,FALSE,FALSE,FALSE,FALSE,FALSE,600000
2022-02-10,/apartamentos-venta-bella-vista/1249577/,4,3.5,3,US$,865000,Anyelina Sánchez,Bella Vista, Santo Domingo Centro (D.N.), Santo Domingo,Segundo Uso,495,Residencial,NA,FALSE,FALSE,FALSE,FALSE,FALSE,FALSE,FALSE,FALSE,FALSE,865000
2022-02-10,/apartamentos-venta-bella-vista/1260421/,2,2.5,3,RD$,8000000,Inmobiliaria Grupal,Bella Vista, Santo Domingo Centro (D.N.), Santo Domingo,Segundo Uso,170,Residencial,3,TRUE,FALSE,FALSE,FALSE,FALSE,FALSE,TRUE,FALSE,FALSE,136752.13675213675
2022-02-10,/apartamentos-venta-bella-vista/1263341/,1,2,3,RD$,8500000,Premier Real Estate,Bella Vista, Santo Domingo Centro (D.N.), Santo Domingo,Segundo Uso,NA,Residencial,NA,FALSE,FALSE,FALSE,FALSE,FALSE,FALSE,FALSE,FALSE,FALSE,145299.1452991453
2022-02-10,/apartamentos-venta-bella-vista/1260255/,2,3.5,3,US$,286000,Ginebra Realty Group,Bella Vista, Santo Domingo Centro (D.N.), Santo Domingo,En Construcción,168,Residencial,NA,TRUE,TRUE,TRUE,FALSE,FALSE,TRUE,TRUE,TRUE,TRUE,286000
2022-02-10,/apartamentos-venta-y-alquiler-bella-vista/1268511/,2,3.5,3,US$,350000,KEYBROKERS INMOBILIARIA,Bella Vista, Santo Domingo Centro (D.N.), Santo Domingo,Segundo Uso,312,Residencial,NA,TRUE,TRUE,FALSE,FALSE,FALSE,FALSE,FALSE,FALSE,TRUE,350000
2022-02-10,/apartamentos-venta-bella-vista/1242167/,2,3.5,3,US$,255000,Caiba Realty Group,Bella Vista, Santo Domingo Centro (D.N.), Santo Domingo,Segundo Uso,300,Residencial,NA,FALSE,FALSE,FALSE,FALSE,FALSE,FALSE,FALSE,FALSE,FALSE,255000
2022-02-10,/apartamentos-venta-bella-vista/1263205/,3,3.5,3,US$,900900,Estrella Inmobiliaria ,Bella Vista, Santo Domingo Centro (D.N.), Santo Domingo,Nueva,415,Residencial,7,TRUE,TRUE,TRUE,TRUE,TRUE,TRUE,TRUE,FALSE,TRUE,900900
2022-02-10,/apartamentos-venta-bella-vista/1266810/,NA,NA,NA,US$,118000,Inmobiliaria Grupal,Bella Vista, Santo Domingo Centro (D.N.), Santo Domingo,Segundo Uso,NA,Residencial,NA,FALSE,FALSE,FALSE,FALSE,FALSE,FALSE,FALSE,FALSE,FALSE,118000
2022-02-10,/apartamentos-venta-bella-vista/1266815/,NA,NA,NA,RD$,10500000,Inmobiliaria Grupal,Bella Vista, Santo Domingo Centro (D.N.), Santo Domingo,Nueva,NA,Residencial,NA,FALSE,FALSE,FALSE,FALSE,FALSE,FALSE,FALSE,FALSE,FALSE,179487.1794871795
2022-02-10,/apartamentos-venta-bella-vista/1266807/,NA,NA,NA,US$,138000,Inmobiliaria Grupal,Bella Vista, Santo Domingo Centro (D.N.), Santo Domingo,Segundo Uso,NA,Residencial,NA,FALSE,FALSE,FALSE,FALSE,FALSE,FALSE,FALSE,FALSE,FALSE,138000
2022-02-10,/apartamentos-venta-bella-vista/1212020/,2,3.5,3,US$,235000,Domus Mea Caribe Inmobiliaria,Bella Vista, Santo Domingo Centro (D.N.), Santo Domingo,Segundo Uso,200,Residencial,5,TRUE,TRUE,FALSE,FALSE,FALSE,TRUE,TRUE,FALSE,FALSE,235000
2022-02-10,/apartamentos-venta-bella-vista/1268669/,2,3,3,US$,210000,Remax Independencia,Bella Vista, Santo Domingo Centro (D.N.), Santo Domingo,Segundo Uso,204,Residencial,3,TRUE,TRUE,FALSE,FALSE,FALSE,FALSE,TRUE,FALSE,FALSE,210000
2022-02-10,/apartamentos-venta-bella-vista/1245538/,2,3.5,3,US$,380000,HouseLink,Bella Vista, Santo Domingo Centro (D.N.), Santo Domingo,En Construcción,176,Residencial,11,TRUE,TRUE,TRUE,TRUE,FALSE,FALSE,TRUE,TRUE,TRUE,380000
2022-02-10,/apartamentos-venta-bella-vista/1245540/,2,2.5,3,US$,415000,HouseLink,Bella Vista, Santo Domingo Centro (D.N.), Santo Domingo,En Construcción,202,Residencial,2,TRUE,TRUE,TRUE,TRUE,FALSE,TRUE,TRUE,FALSE,FALSE,415000
2022-02-10,/apartamentos-venta-bella-vista/1192841/,3,3.5,3,US$,230000,Time Homes Inmobiliaria,Bella Vista, Santo Domingo Centro (D.N.), Santo Domingo,Segundo Uso,218,Residencial,7,TRUE,TRUE,FALSE,TRUE,FALSE,TRUE,TRUE,FALSE,TRUE,230000
2022-02-10,/apartamentos-venta-bella-vista/1264061/,1,1.5,1,US$,145250,Seekers Inmobiliaria,Bella Vista, Santo Domingo Centro (D.N.), Santo Domingo,En Construcción,57,Residencial,9,TRUE,TRUE,TRUE,FALSE,FALSE,TRUE,TRUE,FALSE,TRUE,145250
2022-02-10,/apartamentos-venta-bella-vista/1249963/,2,3.5,3,US$,400000,Domus Mea Caribe Inmobiliaria,Bella Vista, Santo Domingo Centro (D.N.), Santo Domingo,Nueva,283,Residencial,2,TRUE,TRUE,TRUE,FALSE,FALSE,TRUE,TRUE,FALSE,TRUE,400000
2022-02-10,/apartamentos-venta-bella-vista/1268329/,2,2.5,3,US$,230000,CityMax Santo Domingo,Bella Vista, Santo Domingo Centro (D.N.), Santo Domingo,Nueva,155,Residencial,3,FALSE,TRUE,FALSE,FALSE,FALSE,FALSE,TRUE,FALSE,FALSE,230000
2022-02-10,/apartamentos-venta-bella-vista/1268272/,2,3,3,US$,250000,Premium Real Estate,Bella Vista, Santo Domingo Centro (D.N.), Santo Domingo,Segundo Uso,190,Residencial,NA,FALSE,FALSE,FALSE,FALSE,FALSE,FALSE,FALSE,FALSE,FALSE,250000
2022-02-10,/apartamentos-venta-bella-vista/1268096/,2,3.5,3,US$,225000,CityMax Santo Domingo,Bella Vista, Santo Domingo Centro (D.N.), Santo Domingo,Segundo Uso,138,Residencial,9,TRUE,TRUE,TRUE,TRUE,FALSE,TRUE,FALSE,FALSE,TRUE,225000
2022-02-10,/apartamentos-venta-bella-vista/1268074/,2,2.5,2,US$,190000,X-TRIBA Inmobiliaria,Bella Vista, Santo Domingo Centro (D.N.), Santo Domingo,Nueva,169,Residencial,NA,TRUE,TRUE,FALSE,FALSE,FALSE,TRUE,FALSE,TRUE,TRUE,190000
2022-02-10,/apartamentos-venta-bella-vista/1268073/,1,1,1,US$,129500,X-TRIBA Inmobiliaria,Bella Vista, Santo Domingo Centro (D.N.), Santo Domingo,Nueva,102,Residencial,NA,TRUE,TRUE,FALSE,FALSE,FALSE,FALSE,FALSE,TRUE,TRUE,129500
2022-02-10,/apartamentos-venta-bella-vista/1267931/,2,3.5,3,US$,318800,Inmobiliaria Hazim Rodriguez,Bella Vista, Santo Domingo Centro (D.N.), Santo Domingo,En Construcción,173,Residencial,3,TRUE,TRUE,FALSE,FALSE,TRUE,TRUE,TRUE,FALSE,TRUE,318800
2022-02-10,/apartamentos-venta-bella-vista/1267926/,2,2.5,2,US$,200000,Inmobiliaria Hazim Rodriguez,Bella Vista, Santo Domingo Centro (D.N.), Santo Domingo,En Construcción,121,Residencial,4,TRUE,TRUE,FALSE,FALSE,FALSE,TRUE,TRUE,FALSE,TRUE,200000
2022-02-10,/apartamentos-venta-bella-vista/1194801/,2,2.5,3,US$,253371,Time Homes Inmobiliaria,Bella Vista, Santo Domingo Centro (D.N.), Santo Domingo,En Construcción,139,Residencial,NA,TRUE,TRUE,TRUE,TRUE,TRUE,TRUE,TRUE,FALSE,TRUE,253371
2022-02-10,/apartamentos-venta-bella-vista/1225395/,2,2.5,2,US$,210000,HouseLink,Bella Vista, Santo Domingo Centro (D.N.), Santo Domingo,En Construcción,107,Residencial,4,TRUE,TRUE,TRUE,FALSE,FALSE,FALSE,TRUE,TRUE,TRUE,210000
2022-02-10,/apartamentos-venta-bella-vista/1233604/,2,2.5,3,US$,210000,Plusval Venta Directa,Bella Vista, Santo Domingo Centro (D.N.), Santo Domingo,Segundo Uso,155,Residencial,NA,FALSE,FALSE,FALSE,FALSE,FALSE,FALSE,FALSE,FALSE,FALSE,210000
2022-02-10,/apartamentos-venta-bella-vista/1233153/,3,3.5,3,US$,245000,Plusval Venta Directa,Bella Vista, Santo Domingo Centro (D.N.), Santo Domingo,Segundo Uso,211,Residencial,6,TRUE,TRUE,FALSE,TRUE,FALSE,TRUE,FALSE,FALSE,TRUE,245000
2022-02-10,/apartamentos-venta-bella-vista/1230732/,2,3.5,3,US$,280000,Remax Metropolitana,Bella Vista, Santo Domingo Centro (D.N.), Santo Domingo,Segundo Uso,280,Residencial,4,TRUE,TRUE,FALSE,FALSE,FALSE,TRUE,TRUE,FALSE,FALSE,280000
2022-02-10,/apartamentos-venta-bella-vista/1243091/,2,3.5,3,US$,252000,Seekers Inmobiliaria,Bella Vista, Santo Domingo Centro (D.N.), Santo Domingo,En Planos,180,Residencial,NA,TRUE,TRUE,FALSE,TRUE,FALSE,TRUE,TRUE,FALSE,FALSE,252000
2022-02-10,/apartamentos-venta-bella-vista/1225949/,2,3.5,3,US$,245000,Ginebra Realty Group,Bella Vista, Santo Domingo Centro (D.N.), Santo Domingo,Segundo Uso,210,Residencial,2,FALSE,TRUE,FALSE,TRUE,FALSE,TRUE,FALSE,FALSE,FALSE,245000
2022-02-10,/apartamentos-venta-bella-vista/1267013/,2,2.5,2,US$,195000,Remax Metropolitana,Bella Vista, Santo Domingo Centro (D.N.), Santo Domingo,Segundo Uso,126,Residencial,9,TRUE,TRUE,TRUE,FALSE,TRUE,TRUE,TRUE,FALSE,TRUE,195000
2022-02-10,/apartamentos-venta-bella-vista/1266843/,2,2.5,2,US$,210000,ABAR Inmobiliaria,Bella Vista, Santo Domingo Centro (D.N.), Santo Domingo,En Construcción,104,Residencial,3,TRUE,TRUE,TRUE,FALSE,TRUE,TRUE,TRUE,FALSE,TRUE,210000
2022-02-10,/apartamentos-venta-bella-vista/1232732/,2,2.5,2,US$,228000,Ginebra Realty Group,Bella Vista, Santo Domingo Centro (D.N.), Santo Domingo,Nueva,148,Residencial,2,TRUE,TRUE,FALSE,FALSE,FALSE,TRUE,TRUE,TRUE,TRUE,228000
2022-02-10,/apartamentos-venta-bella-vista/1266601/,2,2.5,2,US$,195000,Megacasa RD,Bella Vista, Santo Domingo Centro (D.N.), Santo Domingo,Nueva,103,Residencial,NA,TRUE,TRUE,FALSE,FALSE,FALSE,TRUE,TRUE,TRUE,TRUE,195000
2022-02-10,/apartamentos-venta-bella-vista/1266520/,2,3.5,3,US$,900900,Megacasa RD,Bella Vista, Santo Domingo Centro (D.N.), Santo Domingo,Nueva,358,Residencial,NA,TRUE,TRUE,FALSE,FALSE,FALSE,TRUE,FALSE,FALSE,TRUE,900900
2022-02-10,/apartamentos-venta-bella-vista/1222122/,3,3.5,3,US$,414000,INMOBLIAM,Bella Vista, Santo Domingo Centro (D.N.), Santo Domingo,En Construcción,244,Residencial,2,TRUE,TRUE,TRUE,TRUE,TRUE,TRUE,TRUE,TRUE,TRUE,414000
2022-02-10,/apartamentos-venta-bella-vista/1263102/,2,3.5,3,US$,255000,Ginebra Realty Group,Bella Vista, Santo Domingo Centro (D.N.), Santo Domingo,Segundo Uso,215,Residencial,6,TRUE,TRUE,FALSE,FALSE,FALSE,TRUE,TRUE,FALSE,FALSE,255000
2022-02-10,/apartamentos-venta-bella-vista/1266291/,2,2.5,3,RD$,7800000,Probrokers Inmobiliaria Inprob S.R.L,Bella Vista, Santo Domingo Centro (D.N.), Santo Domingo,Segundo Uso,163,Residencial,4,TRUE,FALSE,FALSE,FALSE,FALSE,FALSE,TRUE,FALSE,FALSE,133333.33333333334
2022-02-10,/apartamentos-venta-bella-vista/1265047/,1,1,1,US$,165000,ABAR Inmobiliaria,Bella Vista, Santo Domingo Centro (D.N.), Santo Domingo,En Construcción,60,Residencial,8,TRUE,TRUE,TRUE,FALSE,TRUE,TRUE,TRUE,FALSE,TRUE,165000
2022-02-10,/apartamentos-venta-bella-vista/1266256/,2,3.5,3,US$,230000,Probrokers Inmobiliaria Inprob S.R.L,Bella Vista, Santo Domingo Centro (D.N.), Santo Domingo,Segundo Uso,266,Residencial,2,FALSE,TRUE,FALSE,FALSE,TRUE,TRUE,TRUE,FALSE,FALSE,230000
2022-02-10,/apartamentos-venta-bella-vista/1265392/,1,1.5,1,US$,145250,Seekers Inmobiliaria,Bella Vista, Santo Domingo Centro (D.N.), Santo Domingo,En Construcción,57,Residencial,8,TRUE,TRUE,TRUE,FALSE,FALSE,TRUE,TRUE,FALSE,TRUE,145250
2022-02-10,/apartamentos-venta-bella-vista/1265890/,NA,NA,NA,US$,900000,Premium Real Estate,Bella Vista, Santo Domingo Centro (D.N.), Santo Domingo,Nueva,NA,Residencial,NA,FALSE,FALSE,FALSE,FALSE,FALSE,FALSE,FALSE,FALSE,FALSE,900000
2022-02-10,/apartamentos-venta-bella-vista/1265861/,1,3.5,3,US$,225000,HouseLink,Bella Vista, Santo Domingo Centro (D.N.), Santo Domingo,Segundo Uso,194,Residencial,7,TRUE,FALSE,FALSE,TRUE,FALSE,TRUE,TRUE,FALSE,FALSE,225000
2022-02-10,/apartamentos-venta-bella-vista/1265380/,2,2.5,3,US$,139000,Megacasa RD,Bella Vista, Santo Domingo Centro (D.N.), Santo Domingo,En Construcción,110,Residencial,NA,TRUE,TRUE,FALSE,TRUE,FALSE,TRUE,TRUE,FALSE,FALSE,139000
2022-02-10,/apartamentos-venta-bella-vista/1229441/,1,1.5,1,US$,132825,Vidalpe Inmobiliaria,Bella Vista, Santo Domingo Centro (D.N.), Santo Domingo,En Construcción,75,Residencial,NA,TRUE,TRUE,TRUE,FALSE,FALSE,TRUE,TRUE,FALSE,TRUE,132825
2022-02-10,/apartamentos-venta-bella-vista/1233325/,2,2.5,2,US$,220380,Vidalpe Inmobiliaria,Bella Vista, Santo Domingo Centro (D.N.), Santo Domingo,En Construcción,124,Residencial,NA,TRUE,TRUE,TRUE,FALSE,TRUE,FALSE,TRUE,FALSE,TRUE,220380
2022-02-10,/apartamentos-venta-bella-vista/1256323/,3,3.5,3,US$,510000,Vidalpe Inmobiliaria,Bella Vista, Santo Domingo Centro (D.N.), Santo Domingo,En Construcción,333,Residencial,NA,FALSE,FALSE,FALSE,FALSE,FALSE,FALSE,FALSE,FALSE,FALSE,510000
2022-02-10,/apartamentos-venta-bella-vista/1230763/,3,3.5,3,US$,250000,Top inmobiliario Srl,Bella Vista, Santo Domingo Centro (D.N.), Santo Domingo,Segundo Uso,211,Residencial,6,TRUE,TRUE,FALSE,FALSE,TRUE,TRUE,FALSE,FALSE,TRUE,250000
2022-02-10,/apartamentos-venta-bella-vista/1232729/,4,3.5,3,US$,220000,Estrella Inmobiliaria ,Bella Vista, Santo Domingo Centro (D.N.), Santo Domingo,Remodelada,272,N/D,3,TRUE,TRUE,FALSE,TRUE,FALSE,TRUE,TRUE,FALSE,TRUE,220000
2022-02-10,/apartamentos-venta-bella-vista/1228221/,3,3.5,3,US$,330000,Estrella Inmobiliaria ,Bella Vista, Santo Domingo Centro (D.N.), Santo Domingo,Segundo Uso,277,Residencial,6,TRUE,TRUE,FALSE,FALSE,FALSE,FALSE,TRUE,FALSE,TRUE,330000
2022-02-10,/apartamentos-venta-bella-vista/1260871/,2,3.5,3,US$,225000,Estrella Inmobiliaria ,Bella Vista, Santo Domingo Centro (D.N.), Santo Domingo,Segundo Uso,222,Residencial,NA,TRUE,TRUE,FALSE,TRUE,FALSE,TRUE,TRUE,FALSE,TRUE,225000
2022-02-10,/apartamentos-venta-bella-vista/1261441/,2,3.5,3,US$,225000,Estrella Inmobiliaria ,Bella Vista, Santo Domingo Centro (D.N.), Santo Domingo,Segundo Uso,220,Residencial,5,TRUE,TRUE,FALSE,TRUE,FALSE,TRUE,TRUE,FALSE,TRUE,225000
2022-02-10,/apartamentos-venta-bella-vista/1256730/,1,1,1,US$,102960,Seekers Inmobiliaria,Bella Vista, Santo Domingo Centro (D.N.), Santo Domingo,En Planos,NA,Mixto,NA,TRUE,TRUE,TRUE,TRUE,FALSE,TRUE,TRUE,FALSE,TRUE,102960
2022-02-10,/apartamentos-venta-bella-vista/1237167/,3,3.5,3,US$,300000,Estrella Inmobiliaria ,Bella Vista, Santo Domingo Centro (D.N.), Santo Domingo,Nueva,380,N/D,2,TRUE,TRUE,FALSE,TRUE,TRUE,TRUE,TRUE,FALSE,FALSE,300000
2022-02-10,/apartamentos-venta-bella-vista/1262881/,2,2.5,2,US$,184000,Grupo Nin Inmobiliario,Bella Vista, Santo Domingo Centro (D.N.), Santo Domingo,Nueva,NA,Residencial,4,FALSE,TRUE,FALSE,FALSE,TRUE,TRUE,FALSE,FALSE,TRUE,184000
2022-02-10,/apartamentos-venta-bella-vista/1262866/,2,3.5,3,US$,301000,Grupo Nin Inmobiliario,Bella Vista, Santo Domingo Centro (D.N.), Santo Domingo,Nueva,160,Residencial,4,FALSE,TRUE,FALSE,FALSE,TRUE,TRUE,TRUE,FALSE,TRUE,301000
2022-02-10,/apartamentos-venta-y-alquiler-bella-vista/1259757/,NA,1.5,1,US$,118500000,Juriluz,Bella Vista, Santo Domingo Centro (D.N.), Santo Domingo,Nueva,650,Residencial,1,FALSE,FALSE,FALSE,FALSE,TRUE,FALSE,TRUE,FALSE,FALSE,118500000
2022-02-10,/apartamentos-venta-bella-vista/1259813/,2,2.5,3,US$,255000,Tu Casa RD,Bella Vista, Santo Domingo Centro (D.N.), Santo Domingo,Nueva,174,Residencial,NA,TRUE,TRUE,FALSE,FALSE,FALSE,TRUE,FALSE,FALSE,FALSE,255000
2022-02-10,/apartamentos-venta-bella-vista/1259342/,3,2.5,3,US$,185000,Tu Casa RD,Bella Vista, Santo Domingo Centro (D.N.), Santo Domingo,Nueva,NA,Residencial,NA,TRUE,TRUE,FALSE,FALSE,FALSE,TRUE,FALSE,FALSE,TRUE,185000
2022-02-10,/apartamentos-venta-bella-vista/1255043/,2,2.5,3,US$,320000,Tu Casa RD,Bella Vista, Santo Domingo Centro (D.N.), Santo Domingo,Nueva,160,Residencial,11,TRUE,TRUE,TRUE,FALSE,FALSE,TRUE,TRUE,FALSE,TRUE,320000
2022-02-10,/apartamentos-venta-bella-vista/1255843/,2,3.5,3,US$,175000,Tu Casa RD,Bella Vista, Santo Domingo Centro (D.N.), Santo Domingo,Nueva,120,Residencial,7,TRUE,TRUE,FALSE,FALSE,FALSE,TRUE,TRUE,TRUE,FALSE,175000
2022-02-10,/apartamentos-venta-bella-vista/1254685/,2,3.5,3,US$,270000,Tu Casa RD,Bella Vista, Santo Domingo Centro (D.N.), Santo Domingo,Segundo Uso,180,Residencial,NA,TRUE,TRUE,FALSE,FALSE,TRUE,TRUE,TRUE,FALSE,TRUE,270000
2022-02-10,/apartamentos-venta-bella-vista/1236185/,2,3.5,3,US$,285000,Tu Casa RD,Bella Vista, Santo Domingo Centro (D.N.), Santo Domingo,Segundo Uso,300,Residencial,NA,FALSE,TRUE,FALSE,FALSE,FALSE,TRUE,TRUE,FALSE,FALSE,285000
2022-02-10,/apartamentos-venta-bella-vista/1250878/,3,5,4,US$,369999,Tu Casa RD,Bella Vista, Santo Domingo Centro (D.N.), Santo Domingo,Nueva,482,Residencial,NA,TRUE,FALSE,FALSE,FALSE,TRUE,TRUE,FALSE,FALSE,FALSE,369999
2022-02-10,/apartamentos-venta-bella-vista/1257532/,2,3.5,3,US$,245000,Tu Casa RD,Bella Vista, Santo Domingo Centro (D.N.), Santo Domingo,Nueva,251,Residencial,NA,TRUE,TRUE,FALSE,FALSE,FALSE,TRUE,TRUE,FALSE,FALSE,245000
2022-02-10,/apartamentos-venta-bella-vista/1255939/,2,3.5,3,US$,170000,Tu Casa RD,Bella Vista, Santo Domingo Centro (D.N.), Santo Domingo,Nueva,150,Residencial,7,TRUE,TRUE,FALSE,FALSE,FALSE,TRUE,TRUE,TRUE,TRUE,170000
2022-02-10,/apartamentos-venta-bella-vista/1254589/,3,3.5,3,US$,320000,Tu Casa RD,Bella Vista, Santo Domingo Centro (D.N.), Santo Domingo,Segundo Uso,NA,Residencial,NA,TRUE,TRUE,FALSE,FALSE,TRUE,TRUE,TRUE,TRUE,TRUE,320000
2022-02-10,/apartamentos-venta-bella-vista/1254661/,2,2.5,3,US$,240250,Tu Casa RD,Bella Vista, Santo Domingo Centro (D.N.), Santo Domingo,Nueva,155,Residencial,NA,TRUE,TRUE,FALSE,FALSE,FALSE,TRUE,TRUE,FALSE,FALSE,240250
2022-02-10,/apartamentos-venta-bella-vista/1243127/,2,2.5,3,US$,329000,Tu Casa RD,Bella Vista, Santo Domingo Centro (D.N.), Santo Domingo,Nueva,160,Residencial,NA,TRUE,FALSE,FALSE,FALSE,TRUE,TRUE,TRUE,TRUE,TRUE,329000
2022-02-10,/apartamentos-venta-bella-vista/1198403/,1,2,3,US$,233595,Tu Casa RD,Bella Vista, Santo Domingo Centro (D.N.), Santo Domingo,En Construcción,69,Residencial,NA,TRUE,TRUE,TRUE,FALSE,TRUE,TRUE,TRUE,FALSE,TRUE,233595
2022-02-10,/apartamentos-venta-bella-vista/1246171/,2,3.5,3,US$,240000,Tu Casa RD,Bella Vista, Santo Domingo Centro (D.N.), Santo Domingo,Segundo Uso,191,Residencial,NA,FALSE,FALSE,FALSE,FALSE,TRUE,TRUE,FALSE,FALSE,FALSE,240000
2022-02-10,/apartamentos-venta-bella-vista/1253683/,5,4.5,4,US$,1800000,City Homes,Bella Vista, Santo Domingo Centro (D.N.), Santo Domingo,Nueva,600,Residencial,10,TRUE,TRUE,FALSE,TRUE,FALSE,TRUE,TRUE,TRUE,TRUE,1800000
2022-02-10,/apartamentos-venta-bella-vista/1245831/,2,3.5,3,US$,240250,Megacasa RD,Bella Vista, Santo Domingo Centro (D.N.), Santo Domingo,Nueva,155,N/D,3,TRUE,TRUE,FALSE,FALSE,FALSE,TRUE,FALSE,FALSE,TRUE,240250
2022-02-10,/apartamentos-venta-bella-vista/1256830/,1,1.5,1,US$,90000,Grupo Nin Inmobiliario,Bella Vista, Santo Domingo Centro (D.N.), Santo Domingo,En Construcción,73,Residencial,2,TRUE,TRUE,FALSE,FALSE,TRUE,FALSE,TRUE,FALSE,FALSE,90000
2022-02-10,/apartamentos-venta-bella-vista/1258061/,2,2.5,2,US$,354900,Elite Brokers,Bella Vista, Santo Domingo Centro (D.N.), Santo Domingo,NA,235,Residencial,NA,FALSE,TRUE,TRUE,FALSE,FALSE,FALSE,TRUE,FALSE,TRUE,354900
2022-02-10,/apartamentos-venta-bella-vista/1238453/,3,3.5,3,US$,415000,Inmobiliaria Yasser,Bella Vista, Santo Domingo Centro (D.N.), Santo Domingo,Segundo Uso,300,Residencial,4,TRUE,TRUE,FALSE,TRUE,TRUE,TRUE,TRUE,FALSE,FALSE,415000
2022-02-10,/apartamentos-venta-bella-vista/1242133/,2,2,3,US$,305900,Premium Real Estate,Bella Vista, Santo Domingo Centro (D.N.), Santo Domingo,En Construcción,200,Residencial,NA,TRUE,TRUE,FALSE,TRUE,TRUE,TRUE,TRUE,TRUE,TRUE,305900
2022-02-10,/apartamentos-venta-bella-vista/1257467/,2,3.5,3,US$,277000,Grupo Nin Inmobiliario,Bella Vista, Santo Domingo Centro (D.N.), Santo Domingo,En Construcción,191,Residencial,2,TRUE,TRUE,FALSE,FALSE,FALSE,FALSE,TRUE,FALSE,FALSE,277000
2022-02-10,/apartamentos-venta-bella-vista/1257441/,2,4,3,US$,230372,Grupo Nin Inmobiliario,Bella Vista, Santo Domingo Centro (D.N.), Santo Domingo,Nueva,141,Residencial,2,TRUE,TRUE,TRUE,FALSE,TRUE,TRUE,TRUE,FALSE,TRUE,230372
2022-02-10,/apartamentos-venta-bella-vista/1257109/,2,3.5,3,US$,286000,Megacasa RD,Bella Vista, Santo Domingo Centro (D.N.), Santo Domingo,Nueva,143,Residencial,NA,TRUE,TRUE,FALSE,FALSE,TRUE,FALSE,TRUE,FALSE,FALSE,286000
2022-02-10,/apartamentos-venta-bella-vista/1254814/,2,2.5,2,US$,184000,Inmobisla,Bella Vista, Santo Domingo Centro (D.N.), Santo Domingo,Nueva,127,Residencial,NA,TRUE,TRUE,FALSE,FALSE,FALSE,TRUE,FALSE,TRUE,TRUE,184000
2022-02-10,/apartamentos-venta-bella-vista/1254817/,2,2.5,2,US$,192000,Inmobisla,Bella Vista, Santo Domingo Centro (D.N.), Santo Domingo,Nueva,128,Residencial,NA,TRUE,TRUE,TRUE,FALSE,FALSE,TRUE,TRUE,TRUE,TRUE,192000
2022-02-10,/apartamentos-venta-bella-vista/1246650/,4,3.5,3,US$,858000,Domus Mea Caribe Inmobiliaria,Bella Vista, Santo Domingo Centro (D.N.), Santo Domingo,En Construcción,358,Residencial,NA,TRUE,TRUE,TRUE,FALSE,FALSE,FALSE,TRUE,FALSE,TRUE,858000
2022-02-10,/apartamentos-venta-bella-vista/1242743/,2,4,4,US$,360000,Domus Mea Caribe Inmobiliaria,Bella Vista, Santo Domingo Centro (D.N.), Santo Domingo,Segundo Uso,380,Residencial,NA,FALSE,TRUE,FALSE,FALSE,FALSE,FALSE,TRUE,TRUE,FALSE,360000
2022-02-10,/apartamentos-venta-bella-vista/1247711/,2,3.5,3,US$,387442,Grupo Nin Inmobiliario,Bella Vista, Santo Domingo Centro (D.N.), Santo Domingo,Nueva,247,Residencial,2,TRUE,TRUE,TRUE,FALSE,FALSE,TRUE,TRUE,TRUE,TRUE,387442
2022-02-10,/apartamentos-venta-bella-vista/1229673/,1,1.5,1,US$,129500,Inverfisa,Bella Vista, Santo Domingo Centro (D.N.), Santo Domingo,En Construcción,78,Residencial,NA,FALSE,FALSE,FALSE,FALSE,TRUE,FALSE,TRUE,TRUE,TRUE,129500
2022-02-10,/apartamentos-venta-bella-vista/1208173/,3,3.5,3,US$,174000,New Home Constructora Inmobiliaria,Bella Vista, Santo Domingo Centro (D.N.), Santo Domingo,Nueva,159,Residencial,NA,TRUE,TRUE,FALSE,FALSE,FALSE,TRUE,TRUE,FALSE,TRUE,174000
