date,id,parking,bathrooms,bedrooms,currency,price,seller,neighborhood,city,province,status,area,usage,story,planta,lift,pool,pozo,terraza,lobby,balcon,jacuzzi,gimnasio,price.usd
2022-02-10,/apartamentos-venta-altos-de-arroyo-hondo/1267015/,1,1.5,1,US$,113658,Seekers Inmobiliaria,Altos de Arroyo Hondo, Santo Domingo Centro (D.N.), Santo Domingo,En Construcción,60,Residencial,NA,FALSE,TRUE,TRUE,FALSE,FALSE,TRUE,FALSE,FALSE,TRUE,113658
2022-02-10,/apartamentos-venta-altos-de-arroyo-hondo/1269738/,2,2,2,US$,118000,AC INMOBILIARIA,Altos de Arroyo Hondo, Santo Domingo Centro (D.N.), Santo Domingo,Segundo Uso,120,Residencial,2,FALSE,FALSE,FALSE,FALSE,FALSE,FALSE,TRUE,FALSE,FALSE,118000
2022-02-10,/apartamentos-venta-altos-de-arroyo-hondo/1265281/,NA,NA,NA,US$,60500,Inmobiliaria Grupal,Altos de Arroyo Hondo, Santo Domingo Centro (D.N.), Santo Domingo,Nueva,NA,Residencial,NA,FALSE,TRUE,FALSE,FALSE,TRUE,FALSE,TRUE,FALSE,FALSE,60500
2022-02-10,/apartamentos-venta-altos-de-arroyo-hondo/1265697/,2,2.5,2,US$,150185,Seekers Inmobiliaria,Altos de Arroyo Hondo, Santo Domingo Centro (D.N.), Santo Domingo,En Construcción,111,Residencial,NA,TRUE,TRUE,FALSE,FALSE,FALSE,TRUE,FALSE,TRUE,FALSE,150185
2022-02-10,/apartamentos-venta-altos-de-arroyo-hondo/1266975/,2,2.5,3,US$,160000,Inmobiliaria Grupal,Altos de Arroyo Hondo, Santo Domingo Centro (D.N.), Santo Domingo,Nueva,141,Residencial,3,FALSE,TRUE,FALSE,FALSE,FALSE,FALSE,TRUE,FALSE,FALSE,160000
2022-02-10,/apartamentos-venta-altos-de-arroyo-hondo/1265932/,2,2,1,US$,269000,Habitame Inmobiliaria,Altos de Arroyo Hondo, Santo Domingo Centro (D.N.), Santo Domingo,En Construcción,60,Residencial,NA,FALSE,FALSE,FALSE,FALSE,FALSE,FALSE,FALSE,FALSE,FALSE,269000
2022-02-10,/apartamentos-venta-altos-de-arroyo-hondo/1267089/,1,1,1,US$,116050,Seekers Inmobiliaria,Altos de Arroyo Hondo, Santo Domingo Centro (D.N.), Santo Domingo,Nueva,60,Residencial,NA,TRUE,TRUE,TRUE,FALSE,TRUE,FALSE,TRUE,FALSE,TRUE,116050
2022-02-10,/apartamentos-venta-altos-de-arroyo-hondo/1260360/,2,2.5,3,US$,130000,Tu Casa RD,Altos de Arroyo Hondo, Santo Domingo Centro (D.N.), Santo Domingo,Nueva,126,Residencial,NA,TRUE,TRUE,FALSE,FALSE,FALSE,TRUE,FALSE,FALSE,FALSE,130000
2022-02-10,/apartamentos-venta-altos-de-arroyo-hondo/1253751/,2,2,3,US$,92000,Tu Casa RD,Altos de Arroyo Hondo, Santo Domingo Centro (D.N.), Santo Domingo,Nueva,97,Residencial,NA,FALSE,FALSE,FALSE,FALSE,FALSE,FALSE,TRUE,FALSE,FALSE,92000
