date,id,parking,bathrooms,bedrooms,currency,price,seller,neighborhood,city,province,status,area,usage,story,planta,lift,pool,pozo,terraza,lobby,balcon,jacuzzi,gimnasio,price.usd
2022-01-24,/apartamentos-venta-avenida-espana/1262232/,NA,NA,1,US$,159000,Capital Home,Avenida España, Bávaro, Punta Cana,En Construcción,65,Residencial,NA,FALSE,FALSE,FALSE,FALSE,FALSE,FALSE,FALSE,FALSE,FALSE,159000
2022-01-24,/apartamentos-venta-avenida-espana/1262231/,NA,NA,1,US$,164000,Capital Home,Avenida España, Bávaro, Punta Cana,En Construcción,75,Residencial,NA,FALSE,FALSE,FALSE,FALSE,FALSE,FALSE,FALSE,FALSE,FALSE,164000
2022-01-24,/apartamentos-venta-avenida-espana/1262234/,NA,NA,NA,US$,100000,Capital Home,Avenida España, Bávaro, Punta Cana,En Construcción,90,Residencial,NA,FALSE,FALSE,FALSE,FALSE,FALSE,FALSE,FALSE,FALSE,FALSE,100000
2022-01-24,/apartamentos-venta-avenida-espana/1265693/,NA,2,2,US$,230000,Seekers Inmobiliaria,Avenida España, Bávaro, Punta Cana,Nueva,100,Residencial,1,FALSE,FALSE,FALSE,FALSE,FALSE,FALSE,FALSE,FALSE,FALSE,230000
2022-01-24,/apartamentos-venta-avenida-espana/755719/,NA,3,2,US$,119000,Yolec Investment,Avenida España, Bávaro, Punta Cana,NA,115,Residencial,2,FALSE,FALSE,FALSE,FALSE,FALSE,FALSE,FALSE,FALSE,FALSE,119000
