date,id,parking,bathrooms,bedrooms,currency,price,seller,neighborhood,city,province,status,area,usage,story,planta,lift,pool,pozo,terraza,lobby,balcon,jacuzzi,gimnasio,price.usd
2022-02-10,/apartamentos-venta-don-honorio/1266833/,2,2.5,3,RD$,7800000,Capital Home,Don Honorio, Santo Domingo Centro (D.N.), Santo Domingo,Segundo Uso,158,Residencial,2,FALSE,FALSE,FALSE,FALSE,FALSE,FALSE,TRUE,FALSE,FALSE,133333.33333333334
2022-02-10,/apartamentos-venta-don-honorio/1263513/,2,2,2,US$,79800,Algonovo Real Estate,Don Honorio, Santo Domingo Centro (D.N.), Santo Domingo,En Construcción,84,N/D,3,FALSE,FALSE,FALSE,FALSE,FALSE,FALSE,TRUE,FALSE,FALSE,79800
2022-02-10,/apartamentos-venta-don-honorio/1259130/,2,3.5,3,US$,110000,Property Inmobiliaria,Don Honorio, Santo Domingo Centro (D.N.), Santo Domingo,Segundo Uso,160,Residencial,NA,FALSE,FALSE,FALSE,FALSE,TRUE,FALSE,TRUE,FALSE,FALSE,110000
2022-02-10,/apartamentos-venta-don-honorio/1264881/,2,2.5,3,RD$,7800000,Inmobiliaria Grupal,Don Honorio, Santo Domingo Centro (D.N.), Santo Domingo,Segundo Uso,146,Residencial,2,FALSE,FALSE,FALSE,FALSE,FALSE,FALSE,TRUE,FALSE,FALSE,133333.33333333334
2022-02-10,/apartamentos-venta-don-honorio/1266809/,NA,NA,NA,RD$,7800000,Inmobiliaria Grupal,Don Honorio, Santo Domingo Centro (D.N.), Santo Domingo,Segundo Uso,NA,Residencial,NA,FALSE,FALSE,FALSE,TRUE,TRUE,FALSE,FALSE,FALSE,FALSE,133333.33333333334
2022-02-10,/apartamentos-venta-don-honorio/1257800/,2,2,3,US$,107000,Tu Casa RD,Don Honorio, Santo Domingo Centro (D.N.), Santo Domingo,Nueva,124,Residencial,4,FALSE,FALSE,TRUE,FALSE,TRUE,FALSE,FALSE,FALSE,TRUE,107000
