date,id,parking,bathrooms,bedrooms,currency,price,seller,neighborhood,city,province,status,area,usage,story,planta,lift,pool,pozo,terraza,lobby,balcon,jacuzzi,gimnasio,price.usd
2022-01-24,/apartamentos-venta-buenos-aires-del-mirador/1267663/,2,2.5,3,US$,120000,CityMax Santo Domingo,Buenos Aires del Mirador, Santo Domingo Centro (D.N.), Santo Domingo,En Construcción,104,Residencial,4,TRUE,TRUE,FALSE,FALSE,FALSE,FALSE,TRUE,FALSE,FALSE,120000
2022-01-24,/apartamentos-venta-buenos-aires-del-mirador/1252868/,2,2,3,US$,197753,Seekers Inmobiliaria,Buenos Aires del Mirador, Santo Domingo Centro (D.N.), Santo Domingo,En Construcción,155,Residencial,NA,FALSE,FALSE,FALSE,FALSE,FALSE,TRUE,TRUE,FALSE,FALSE,197753
2022-01-24,/apartamentos-venta-buenos-aires-del-mirador/1252867/,2,2.5,3,US$,203490,Seekers Inmobiliaria,Buenos Aires del Mirador, Santo Domingo Centro (D.N.), Santo Domingo,En Construcción,155,Residencial,NA,FALSE,FALSE,FALSE,FALSE,FALSE,TRUE,TRUE,FALSE,FALSE,203490
2022-01-24,/apartamentos-venta-buenos-aires-del-mirador/1252080/,2,2,3,US$,125000,Seekers Inmobiliaria,Buenos Aires del Mirador, Santo Domingo Centro (D.N.), Santo Domingo,En Construcción,121,Residencial,NA,TRUE,FALSE,FALSE,FALSE,FALSE,FALSE,TRUE,FALSE,FALSE,125000
2022-01-24,/apartamentos-venta-buenos-aires-del-mirador/1260078/,2,2.5,2,US$,105000,Inmobiliaria Grupo DYZ,Buenos Aires del Mirador, Santo Domingo Centro (D.N.), Santo Domingo,En Construcción,83,Residencial,4,FALSE,FALSE,FALSE,FALSE,TRUE,TRUE,FALSE,FALSE,FALSE,105000
2022-01-24,/apartamentos-venta-buenos-aires-del-mirador/1253207/,1,1,1,US$,68922,Inverfisa,Buenos Aires del Mirador, Santo Domingo Centro (D.N.), Santo Domingo,En Planos,52,Residencial,NA,TRUE,TRUE,FALSE,FALSE,TRUE,FALSE,TRUE,FALSE,TRUE,68922
2022-01-24,/apartamentos-venta-buenos-aires-del-mirador/1256961/,1,1,1,US$,70000,HouseLink,Buenos Aires del Mirador, Santo Domingo Centro (D.N.), Santo Domingo,En Planos,52,Residencial,NA,TRUE,FALSE,FALSE,TRUE,TRUE,TRUE,TRUE,FALSE,TRUE,70000
