date,id,parking,bathrooms,bedrooms,currency,price,seller,neighborhood,city,province,status,area,usage,story,planta,lift,pool,pozo,terraza,lobby,balcon,jacuzzi,gimnasio,price.usd
2022-02-10,/apartamentos-venta-las-americas/1269657/,2,2,3,RD$,4100000,Mr. Home Asesores Inmobiliarios,Las Americas, Santo Domingo Este, Santo Domingo,Nueva,90,Residencial,4,FALSE,FALSE,FALSE,FALSE,TRUE,FALSE,TRUE,FALSE,FALSE,70085.47008547008
2022-02-10,/apartamentos-venta-las-americas/1269451/,2,2,3,US$,74500,Remax Blu,Las Americas, Santo Domingo Este, Santo Domingo,Nueva,90,Residencial,NA,FALSE,FALSE,FALSE,FALSE,FALSE,FALSE,FALSE,FALSE,FALSE,74500
2022-02-10,/apartamentos-venta-las-americas/1266634/,1,2,3,US$,59000,Premium Real Estate,Las Americas, Santo Domingo Este, Santo Domingo,En Construcción,90,Residencial,NA,FALSE,FALSE,FALSE,FALSE,FALSE,FALSE,FALSE,FALSE,FALSE,59000
2022-02-10,/apartamentos-venta-las-americas/1267425/,2,2,3,US$,59000,Plusval Puente Azul,Las Americas, Santo Domingo Este, Santo Domingo,En Construcción,90,Residencial,NA,FALSE,FALSE,FALSE,FALSE,FALSE,FALSE,TRUE,FALSE,FALSE,59000
2022-02-10,/apartamentos-venta-las-americas/1267373/,2,2,3,US$,59000,Plusval Puente Azul,Las Americas, Santo Domingo Este, Santo Domingo,En Construcción,90,Residencial,NA,FALSE,FALSE,FALSE,FALSE,FALSE,FALSE,TRUE,FALSE,FALSE,59000
