date,id,parking,bathrooms,bedrooms,currency,price,seller,neighborhood,city,province,status,area,usage,story,planta,lift,pool,pozo,terraza,lobby,balcon,jacuzzi,gimnasio,price.usd
2022-01-24,/apartamentos-venta-ozama/1267245/,2,2,2,US$,142000,KW Capital,Ozama, Santo Domingo Este, Santo Domingo,Segundo Uso,131,Residencial,4,FALSE,TRUE,FALSE,FALSE,FALSE,TRUE,TRUE,FALSE,TRUE,142000
2022-01-24,/apartamentos-venta-alma-rosa-i/1255175/,1,2,2,US$,115000,Techo Lindo,Alma Rosa I, Santo Domingo Este, Santo Domingo,Nueva,75,Residencial,NA,TRUE,TRUE,TRUE,TRUE,TRUE,FALSE,TRUE,FALSE,TRUE,115000
2022-01-24,/apartamentos-venta-alma-rosa-i/1246328/,1,1,1,US$,74124,Premium Real Estate,Alma Rosa I, Santo Domingo Este, Santo Domingo,En Planos,39,Residencial,NA,TRUE,TRUE,TRUE,TRUE,TRUE,TRUE,TRUE,FALSE,TRUE,74124
2022-01-24,/apartamentos-venta-sabica/1262725/,2,3,3,US$,115000,Plusval Puente Azul,Sabica, Santo Domingo Este, Santo Domingo,Segundo Uso,128,Residencial,4,FALSE,FALSE,FALSE,FALSE,TRUE,FALSE,TRUE,FALSE,FALSE,115000
2022-01-24,/apartamentos-venta-autopista-san-isidro/1265166/,2,2,3,US$,182050,Plusval Puente Azul,Autopista San Isidro, Santo Domingo Este, Santo Domingo,En Construcción,168,Residencial,6,FALSE,TRUE,FALSE,TRUE,TRUE,FALSE,TRUE,FALSE,TRUE,182050
2022-01-24,/apartamentos-venta-ensanche-isabelita/1262685/,2,2,3,RD$,6000000,Plusval Puente Azul,Ensanche Isabelita, Santo Domingo Este, Santo Domingo,Nueva,154,Residencial,1,FALSE,FALSE,FALSE,FALSE,FALSE,FALSE,TRUE,FALSE,FALSE,102564.10256410256
2022-01-24,/apartamentos-venta-alma-rosa-i/1255360/,1,1,1,US$,70000,Inmobiliaria Inversión Segura RD ,Alma Rosa I, Santo Domingo Este, Santo Domingo,En Planos,39,Residencial,NA,TRUE,TRUE,TRUE,TRUE,FALSE,TRUE,FALSE,FALSE,TRUE,70000
2022-01-24,/apartamentos-venta-ozama/1265433/,2,2.5,3,US$,150000,Inmobiliaria Inversión Segura RD ,Ozama, Santo Domingo Este, Santo Domingo,Nueva,137,Residencial,NA,TRUE,TRUE,FALSE,TRUE,TRUE,FALSE,TRUE,FALSE,TRUE,150000
2022-01-24,/apartamentos-venta-autopista-san-isidro/1267166/,1,1.5,1,US$,60151,Inmobiliaria Inversión Segura RD ,Autopista San Isidro, Santo Domingo Este, Santo Domingo,En Construcción,51,Residencial,NA,TRUE,TRUE,TRUE,FALSE,TRUE,TRUE,TRUE,FALSE,TRUE,60151
2022-01-24,/apartamentos-venta-alma-rosa-i/1264014/,1,1.5,1,US$,107500,Inmobiliaria Inversión Segura RD ,Alma Rosa I, Santo Domingo Este, Santo Domingo,En Construcción,87,Residencial,NA,TRUE,TRUE,FALSE,TRUE,TRUE,TRUE,TRUE,TRUE,TRUE,107500
2022-01-24,/apartamentos-venta-autopista-san-isidro/1262816/,1,2,3,RD$,3700480,Premium Real Estate,Autopista San Isidro, Santo Domingo Este, Santo Domingo,En Construcción,80,Residencial,NA,FALSE,FALSE,FALSE,FALSE,FALSE,FALSE,TRUE,FALSE,FALSE,63256.068376068375
2022-01-24,/apartamentos-venta-alma-rosa-i/1259967/,1,1.5,1,US$,74000,Premium Real Estate,Alma Rosa I, Santo Domingo Este, Santo Domingo,En Construcción,39,Residencial,NA,FALSE,TRUE,TRUE,FALSE,FALSE,TRUE,TRUE,FALSE,TRUE,74000
2022-01-24,/apartamentos-venta-alma-rosa-i/1247472/,2,3.5,3,US$,162705,Premium Real Estate,Alma Rosa I, Santo Domingo Este, Santo Domingo,En Construcción,132,Residencial,NA,FALSE,TRUE,TRUE,FALSE,FALSE,FALSE,FALSE,FALSE,TRUE,162705
2022-01-24,/apartamentos-venta-autopista-san-isidro/1265316/,1,1,2,RD$,2650000,Premium Real Estate,Autopista San Isidro, Santo Domingo Este, Santo Domingo,En Planos,58,Residencial,NA,FALSE,FALSE,FALSE,TRUE,FALSE,FALSE,TRUE,FALSE,FALSE,45299.1452991453
2022-01-24,/apartamentos-venta-autopista-las-americas/1267843/,1,2,3,US$,59000,Premium Real Estate,Autopista Las Americas, Santo Domingo Este, Santo Domingo,En Planos,90,N/D,NA,FALSE,FALSE,FALSE,FALSE,FALSE,FALSE,TRUE,FALSE,FALSE,59000
2022-01-24,/apartamentos-venta-autopista-las-americas/1267164/,1,2,3,US$,59000,Premium Real Estate,Autopista Las Americas, Santo Domingo Este, Santo Domingo,En Planos,90,Residencial,NA,FALSE,FALSE,FALSE,FALSE,TRUE,FALSE,TRUE,FALSE,FALSE,59000
2022-01-24,/apartamentos-venta-alma-rosa-i/1263506/,2,NA,3,US$,183000,Premium Real Estate,Alma Rosa I, Santo Domingo Este, Santo Domingo,En Construcción,NA,Residencial,NA,FALSE,TRUE,FALSE,FALSE,TRUE,FALSE,TRUE,FALSE,FALSE,183000
2022-01-24,/apartamentos-venta-alma-rosa-i/1262498/,NA,3.5,3,RD$,7500000,Premium Real Estate,Alma Rosa I, Santo Domingo Este, Santo Domingo,Segundo Uso,NA,Residencial,4,FALSE,FALSE,FALSE,FALSE,TRUE,FALSE,FALSE,FALSE,FALSE,128205.1282051282
2022-01-24,/apartamentos-venta-lucerna/1268157/,2,4,6,RD$,10900000,Remax Metropolitana,Lucerna, Santo Domingo Este, Santo Domingo,Nueva,276,Residencial,NA,FALSE,FALSE,FALSE,FALSE,FALSE,FALSE,FALSE,FALSE,FALSE,186324.7863247863
2022-01-24,/apartamentos-venta-autopista-las-americas/1266652/,NA,2,3,US$,59000,Premium Real Estate,Autopista Las Americas, Santo Domingo Este, Santo Domingo,En Construcción,90,Residencial,NA,TRUE,FALSE,FALSE,FALSE,TRUE,TRUE,TRUE,FALSE,FALSE,59000
2022-01-24,/apartamentos-venta-autopista-las-americas/1266651/,NA,2,3,US$,59000,Premium Real Estate,Autopista Las Americas, Santo Domingo Este, Santo Domingo,En Construcción,90,Residencial,NA,TRUE,FALSE,FALSE,FALSE,TRUE,FALSE,TRUE,FALSE,FALSE,59000
2022-01-24,/apartamentos-venta-los-frailes-l/1268295/,1,2,3,US$,80000,MBello Bienes Raices,Los Frailes l, Santo Domingo Este, Santo Domingo,Segundo Uso,118,Residencial,4,FALSE,FALSE,FALSE,FALSE,FALSE,FALSE,FALSE,FALSE,FALSE,80000
2022-01-24,/apartamentos-venta-autopista-san-isidro/1235063/,1,2,2,RD$,2800000,Premium Real Estate,Autopista San Isidro, Santo Domingo Este, Santo Domingo,En Construcción,64,Residencial,NA,FALSE,FALSE,FALSE,FALSE,FALSE,FALSE,TRUE,FALSE,FALSE,47863.24786324786
2022-01-24,/apartamentos-venta-autopista-san-isidro/1267442/,2,2,3,US$,98000,Marco Rivero,Autopista San Isidro, Santo Domingo Este, Santo Domingo,Nueva,95,Residencial,2,FALSE,FALSE,FALSE,FALSE,FALSE,FALSE,TRUE,FALSE,FALSE,98000
2022-01-24,/apartamentos-venta-autopista-san-isidro/1267439/,2,2.5,3,US$,125000,Marco Rivero,Autopista San Isidro, Santo Domingo Este, Santo Domingo,Segundo Uso,NA,Residencial,10,TRUE,TRUE,TRUE,TRUE,TRUE,TRUE,TRUE,FALSE,FALSE,125000
2022-01-24,/apartamentos-venta-autopista-las-americas/1268223/,1,2,3,US$,59000,Premium Real Estate,Autopista Las Americas, Santo Domingo Este, Santo Domingo,Nueva,140,Residencial,4,FALSE,FALSE,FALSE,FALSE,FALSE,FALSE,TRUE,FALSE,FALSE,59000
2022-01-24,/apartamentos-venta-urb--narcisa-ii/1265677/,2,3,3,US$,96000,Vivenzas Real Estate ,Urb. Narcisa II, Santo Domingo Este, Santo Domingo,En Construcción,111,Residencial,NA,FALSE,FALSE,FALSE,FALSE,TRUE,FALSE,TRUE,FALSE,FALSE,96000
2022-01-24,/apartamentos-venta-autopista-san-isidro/1268377/,1,2.5,3,RD$,4800000,Tu Casa RD,Autopista San Isidro, Santo Domingo Este, Santo Domingo,En Construcción,105,Residencial,NA,FALSE,FALSE,FALSE,FALSE,TRUE,FALSE,TRUE,FALSE,FALSE,82051.28205128205
2022-01-24,/apartamentos-venta-alma-rosa-ll/1267681/,2,2.5,3,US$,140000,CityMax Santo Domingo,Alma Rosa ll, Santo Domingo Este, Santo Domingo,Nueva,135,Residencial,NA,FALSE,FALSE,FALSE,FALSE,FALSE,FALSE,TRUE,FALSE,FALSE,140000
2022-01-24,/apartamentos-venta-autopista-las-americas/1266685/,2,2,3,US$,59000,Premium Real Estate,Autopista Las Americas, Santo Domingo Este, Santo Domingo,En Construcción,90,Residencial,NA,FALSE,FALSE,FALSE,FALSE,TRUE,FALSE,TRUE,FALSE,FALSE,59000
2022-01-24,/apartamentos-venta-alma-rosa-ll/1268011/,NA,2,3,US$,140000,CityMax Santo Domingo,Alma Rosa ll, Santo Domingo Este, Santo Domingo,Nueva,135,Residencial,NA,FALSE,TRUE,FALSE,FALSE,FALSE,TRUE,TRUE,FALSE,FALSE,140000
2022-01-24,/apartamentos-venta-autopista-las-americas/1268040/,2,2.5,3,US$,62500,CityMax Santo Domingo,Autopista Las Americas, Santo Domingo Este, Santo Domingo,En Construcción,90,Residencial,NA,FALSE,FALSE,FALSE,FALSE,TRUE,FALSE,TRUE,FALSE,FALSE,62500
2022-01-24,/apartamentos-venta-autopista-san-isidro/1268059/,1,2,2,US$,66999,CityMax Santo Domingo,Autopista San Isidro, Santo Domingo Este, Santo Domingo,En Construcción,85,Residencial,NA,FALSE,FALSE,FALSE,FALSE,FALSE,FALSE,TRUE,FALSE,FALSE,66999
2022-01-24,/apartamentos-venta-los-tres-ojos/1267878/,1,2.5,3,US$,100000,CityMax Santo Domingo,Los Tres Ojos, Santo Domingo Este, Santo Domingo,En Construcción,125,Residencial,NA,FALSE,FALSE,FALSE,FALSE,FALSE,FALSE,TRUE,FALSE,FALSE,100000
2022-01-24,/apartamentos-venta-alma-rosa-i/1252470/,2,3.5,3,US$,173850,Seekers Inmobiliaria,Alma Rosa I, Santo Domingo Este, Santo Domingo,En Construcción,183,Residencial,NA,TRUE,TRUE,TRUE,FALSE,TRUE,TRUE,TRUE,FALSE,TRUE,173850
2022-01-24,/apartamentos-venta-alma-rosa-i/1252471/,2,3.5,3,US$,179450,Seekers Inmobiliaria,Alma Rosa I, Santo Domingo Este, Santo Domingo,En Construcción,185,Comercial,NA,TRUE,TRUE,TRUE,FALSE,TRUE,TRUE,TRUE,FALSE,TRUE,179450
2022-01-24,/apartamentos-venta-alma-rosa-i/1266464/,2,2.5,3,US$,204100,Seekers Inmobiliaria,Alma Rosa I, Santo Domingo Este, Santo Domingo,En Construcción,160,Residencial,5,TRUE,TRUE,TRUE,FALSE,FALSE,TRUE,TRUE,FALSE,TRUE,204100
2022-01-24,/apartamentos-venta-los-tres-ojos/1266470/,1,1,1,RD$,2621430,Seekers Inmobiliaria,Los Tres Ojos, Santo Domingo Este, Santo Domingo,En Construcción,44,Residencial,NA,FALSE,FALSE,FALSE,FALSE,FALSE,FALSE,TRUE,FALSE,TRUE,44810.769230769234
2022-01-24,/apartamentos-venta-sans-souci/1253932/,1,1.5,2,US$,155000,Seekers Inmobiliaria,Sans Souci, Santo Domingo Este, Santo Domingo,Nueva,91,Residencial,NA,TRUE,FALSE,FALSE,FALSE,TRUE,TRUE,FALSE,FALSE,FALSE,155000
2022-01-24,/apartamentos-venta-autopista-san-isidro/1263718/,2,3.5,3,US$,9800000,Mudate,Autopista San Isidro, Santo Domingo Este, Santo Domingo,Nueva,175,Residencial,NA,FALSE,FALSE,FALSE,FALSE,FALSE,FALSE,FALSE,FALSE,FALSE,9800000
2022-01-24,/apartamentos-venta-alma-rosa-i/1263691/,2,3.5,3,US$,340000,Mudate,Alma Rosa I, Santo Domingo Este, Santo Domingo,Nueva,275,Residencial,NA,FALSE,FALSE,FALSE,FALSE,FALSE,FALSE,FALSE,FALSE,FALSE,340000
2022-01-24,/apartamentos-venta-alma-rosa-i/1263685/,3,3.5,3,US$,162705,Mudate,Alma Rosa I, Santo Domingo Este, Santo Domingo,Nueva,140,Residencial,NA,FALSE,FALSE,FALSE,FALSE,FALSE,FALSE,FALSE,FALSE,FALSE,162705
2022-01-24,/apartamentos-venta-alma-rosa-i/1263715/,2,3.5,3,US$,172000,Mudate,Alma Rosa I, Santo Domingo Este, Santo Domingo,Nueva,180,Residencial,NA,FALSE,FALSE,FALSE,FALSE,FALSE,FALSE,FALSE,FALSE,FALSE,172000
2022-01-24,/apartamentos-venta-alma-rosa-i/1241560/,1,2,2,US$,87780,Mudate,Alma Rosa I, Santo Domingo Este, Santo Domingo,Nueva,95,Residencial,NA,FALSE,FALSE,FALSE,FALSE,FALSE,FALSE,FALSE,FALSE,FALSE,87780
2022-01-24,/apartamentos-venta-alma-rosa-i/1263739/,1,2,2,US$,87780,Mudate,Alma Rosa I, Santo Domingo Este, Santo Domingo,Nueva,95,Residencial,NA,FALSE,FALSE,FALSE,FALSE,FALSE,FALSE,FALSE,FALSE,FALSE,87780
2022-01-24,/apartamentos-venta-alma-rosa-i/1240085/,NA,NA,NA,US$,180000,Remax Metropolitana,Alma Rosa I, Santo Domingo Este, Santo Domingo,Nueva,NA,Residencial,3,FALSE,FALSE,FALSE,FALSE,FALSE,FALSE,FALSE,FALSE,FALSE,180000
2022-01-24,/apartamentos-venta-alma-rosa-i/1266819/,NA,1.5,1,US$,96345,Remax Metropolitana,Alma Rosa I, Santo Domingo Este, Santo Domingo,En Planos,57,Residencial,NA,FALSE,TRUE,FALSE,FALSE,FALSE,TRUE,FALSE,FALSE,FALSE,96345
2022-01-24,/apartamentos-venta-alma-rosa-i/1266821/,NA,2.5,2,US$,137525,Remax Metropolitana,Alma Rosa I, Santo Domingo Este, Santo Domingo,En Planos,94,Residencial,NA,FALSE,TRUE,FALSE,FALSE,FALSE,TRUE,FALSE,FALSE,FALSE,137525
2022-01-24,/apartamentos-venta-alma-rosa-i/1266823/,2,3.5,3,US$,187798,Remax Metropolitana,Alma Rosa I, Santo Domingo Este, Santo Domingo,En Planos,138,Residencial,NA,FALSE,TRUE,FALSE,FALSE,FALSE,TRUE,FALSE,FALSE,FALSE,187798
2022-01-24,/apartamentos-venta-arismar/1266412/,2,2,3,US$,104950,Remax Metropolitana,Arismar , Santo Domingo Este, Santo Domingo,En Planos,118,Residencial,NA,FALSE,FALSE,FALSE,TRUE,TRUE,FALSE,TRUE,FALSE,FALSE,104950
2022-01-24,/apartamentos-venta-alma-rosa-ll/1265310/,2,2,3,US$,127000,Remax Metropolitana,Alma Rosa ll, Santo Domingo Este, Santo Domingo,En Construcción,147,Residencial,NA,FALSE,FALSE,FALSE,TRUE,FALSE,FALSE,TRUE,FALSE,FALSE,127000
2022-01-24,/apartamentos-venta-alma-rosa-i/1265302/,2,2.5,3,US$,165750,Remax Metropolitana,Alma Rosa I, Santo Domingo Este, Santo Domingo,En Construcción,130,Residencial,NA,TRUE,TRUE,TRUE,TRUE,FALSE,TRUE,TRUE,FALSE,TRUE,165750
2022-01-24,/apartamentos-venta-los-frailes-l/1241500/,1,NA,3,US$,79250,Remax Metropolitana,Los Frailes l, Santo Domingo Este, Santo Domingo,En Construcción,101,Residencial,NA,FALSE,FALSE,FALSE,TRUE,TRUE,FALSE,TRUE,FALSE,FALSE,79250
2022-01-24,/apartamentos-venta-alma-rosa-i/1240060/,2,3.5,3,US$,183000,Remax Metropolitana,Alma Rosa I, Santo Domingo Este, Santo Domingo,En Construcción,133,Residencial,NA,TRUE,TRUE,FALSE,TRUE,TRUE,TRUE,TRUE,FALSE,TRUE,183000
2022-01-24,/apartamentos-venta-alma-rosa-ll/1268331/,2,3.5,3,US$,140000,CityMax Santo Domingo,Alma Rosa ll, Santo Domingo Este, Santo Domingo,Nueva,135,Residencial,NA,FALSE,FALSE,FALSE,FALSE,FALSE,FALSE,TRUE,FALSE,FALSE,140000
2022-01-24,/apartamentos-venta-alma-rosa-i/1268051/,1,2,3,US$,161085,Seekers Inmobiliaria,Alma Rosa I, Santo Domingo Este, Santo Domingo,En Construcción,NA,Residencial,NA,TRUE,TRUE,TRUE,FALSE,FALSE,TRUE,TRUE,TRUE,TRUE,161085
2022-01-24,/apartamentos-venta-autopista-las-americas/1267200/,1,2,3,US$,59000,Seekers Inmobiliaria,Autopista Las Americas, Santo Domingo Este, Santo Domingo,En Construcción,90,Residencial,NA,FALSE,FALSE,FALSE,FALSE,FALSE,FALSE,FALSE,FALSE,TRUE,59000
2022-01-24,/apartamentos-venta-alma-rosa-i/1264311/,2,3.5,3,US$,204100,Ciudad Inmobiliaria ,Alma Rosa I, Santo Domingo Este, Santo Domingo,En Planos,160,Residencial,NA,TRUE,TRUE,TRUE,FALSE,TRUE,TRUE,TRUE,FALSE,TRUE,204100
2022-01-24,/apartamentos-venta-alma-rosa-i/1264310/,2,2.5,3,US$,165750,Ciudad Inmobiliaria ,Alma Rosa I, Santo Domingo Este, Santo Domingo,En Planos,130,Residencial,NA,TRUE,TRUE,TRUE,FALSE,TRUE,TRUE,TRUE,FALSE,TRUE,165750
2022-01-24,/apartamentos-venta-alma-rosa-i/1251658/,1,1,1,US$,58000,Ciudad Inmobiliaria ,Alma Rosa I, Santo Domingo Este, Santo Domingo,En Planos,38,Residencial,NA,FALSE,TRUE,FALSE,FALSE,TRUE,TRUE,TRUE,FALSE,TRUE,58000
2022-01-24,/apartamentos-venta-vista-hermosa/1262477/,2,2.5,3,US$,115000,Ciudad Inmobiliaria ,Vista Hermosa, Santo Domingo Este, Santo Domingo,En Construcción,135,Residencial,NA,FALSE,FALSE,FALSE,FALSE,FALSE,FALSE,TRUE,FALSE,FALSE,115000
2022-01-24,/apartamentos-venta-prado-oriental/1261079/,1,2.5,2,US$,93800,Ciudad Inmobiliaria ,Prado Oriental, Santo Domingo Este, Santo Domingo,En Construcción,97,Residencial,NA,FALSE,FALSE,FALSE,FALSE,FALSE,FALSE,TRUE,FALSE,FALSE,93800
2022-01-24,/apartamentos-venta-alma-rosa-i/1251659/,1,2,2,US$,88000,Ciudad Inmobiliaria ,Alma Rosa I, Santo Domingo Este, Santo Domingo,En Planos,72,Residencial,NA,TRUE,TRUE,FALSE,FALSE,FALSE,TRUE,TRUE,FALSE,TRUE,88000
2022-01-24,/apartamentos-venta-alma-rosa-i/1251660/,2,2.5,3,US$,132000,Ciudad Inmobiliaria ,Alma Rosa I, Santo Domingo Este, Santo Domingo,En Planos,108,Residencial,NA,TRUE,TRUE,FALSE,FALSE,TRUE,FALSE,TRUE,FALSE,TRUE,132000
2022-01-24,/apartamentos-venta-av--ecologica/1265876/,2,2.5,3,US$,136850,Ciudad Inmobiliaria ,Av. Ecológica, Santo Domingo Este, Santo Domingo,En Planos,119,Mixto,NA,FALSE,TRUE,TRUE,FALSE,TRUE,TRUE,TRUE,FALSE,TRUE,136850
2022-01-24,/apartamentos-venta-alma-rosa-i/1239001/,1,2,2,US$,99275,Tu Casa RD,Alma Rosa I, Santo Domingo Este, Santo Domingo,En Construcción,95,Residencial,4,FALSE,FALSE,FALSE,TRUE,FALSE,FALSE,TRUE,FALSE,FALSE,99275
2022-01-24,/apartamentos-venta-alma-rosa-i/1238942/,2,2.5,3,US$,145500,Tu Casa RD,Alma Rosa I, Santo Domingo Este, Santo Domingo,En Construcción,90,Residencial,8,TRUE,TRUE,FALSE,TRUE,FALSE,FALSE,TRUE,FALSE,TRUE,145500
2022-01-24,/apartamentos-venta-alma-rosa-i/1238943/,2,3.5,3,US$,173850,Tu Casa RD,Alma Rosa I, Santo Domingo Este, Santo Domingo,En Construcción,185,Residencial,14,TRUE,TRUE,FALSE,TRUE,FALSE,FALSE,TRUE,FALSE,FALSE,173850
2022-01-24,/apartamentos-venta-alma-rosa-i/1251111/,2,2.5,3,US$,153360,Tu Casa RD,Alma Rosa I, Santo Domingo Este, Santo Domingo,En Construcción,133,Residencial,11,TRUE,TRUE,TRUE,TRUE,FALSE,TRUE,TRUE,FALSE,TRUE,153360
2022-01-24,/apartamentos-venta-avenida-espana/1248744/,2,3.5,3,RD$,7990640,Tu Casa RD,Avenida España, Santo Domingo Este, Santo Domingo,Nueva,146,Residencial,7,TRUE,TRUE,TRUE,FALSE,TRUE,TRUE,TRUE,FALSE,FALSE,136592.13675213675
2022-01-24,/apartamentos-venta-ozama/1253227/,2,2.5,3,US$,204400,Tu Casa RD,Ozama, Santo Domingo Este, Santo Domingo,En Construcción,172,Residencial,7,TRUE,TRUE,FALSE,TRUE,TRUE,TRUE,TRUE,TRUE,TRUE,204400
2022-01-24,/apartamentos-venta-alma-rosa-i/1255866/,1,2,2,US$,115000,Tu Casa RD,Alma Rosa I, Santo Domingo Este, Santo Domingo,En Construcción,75,Residencial,23,TRUE,TRUE,TRUE,TRUE,FALSE,TRUE,TRUE,FALSE,TRUE,115000
2022-01-24,/apartamentos-venta-alma-rosa-i/1250030/,NA,3.5,3,RD$,10002000,Tu Casa RD,Alma Rosa I, Santo Domingo Este, Santo Domingo,Nueva,160,Residencial,NA,FALSE,TRUE,FALSE,FALSE,FALSE,FALSE,FALSE,FALSE,TRUE,170974.35897435897
2022-01-24,/apartamentos-venta-av--ecologica/1266906/,2,2,3,US$,146452,Tu Casa RD,Av. Ecológica, Santo Domingo Este, Santo Domingo,En Construcción,127,Residencial,11,TRUE,TRUE,FALSE,TRUE,TRUE,TRUE,TRUE,FALSE,TRUE,146452
2022-01-24,/apartamentos-venta-alma-rosa-i/1239002/,2,3.5,3,US$,240000,Tu Casa RD,Alma Rosa I, Santo Domingo Este, Santo Domingo,En Planos,220,Residencial,25,TRUE,TRUE,TRUE,TRUE,TRUE,TRUE,TRUE,FALSE,TRUE,240000
2022-01-24,/apartamentos-venta-las-americas/1266634/,1,2,3,US$,59000,Premium Real Estate,Las Americas, Santo Domingo Este, Santo Domingo,En Construcción,90,Residencial,NA,FALSE,FALSE,FALSE,FALSE,FALSE,FALSE,FALSE,FALSE,FALSE,59000
2022-01-24,/apartamentos-venta-alma-rosa-i/1254781/,2,3.5,3,US$,240000,Top International Realty,Alma Rosa I, Santo Domingo Este, Santo Domingo,Nueva,220,Residencial,6,TRUE,TRUE,TRUE,TRUE,FALSE,TRUE,TRUE,TRUE,TRUE,240000
2022-01-24,/apartamentos-venta-ozama/1254064/,2,3.5,3,US$,223975,Top International Realty,Ozama, Santo Domingo Este, Santo Domingo,Nueva,185,Residencial,3,TRUE,TRUE,TRUE,FALSE,FALSE,TRUE,TRUE,FALSE,TRUE,223975
2022-01-24,/apartamentos-venta-ozama/1254194/,3,4.5,4,US$,457453,Top International Realty,Ozama, Santo Domingo Este, Santo Domingo,Nueva,378,Residencial,12,TRUE,TRUE,TRUE,TRUE,TRUE,TRUE,TRUE,TRUE,TRUE,457453
2022-01-24,/apartamentos-venta-alma-rosa-ll/1267942/,2,2.5,3,US$,140000,CityMax Santo Domingo,Alma Rosa ll, Santo Domingo Este, Santo Domingo,Nueva,135,Residencial,2,FALSE,FALSE,FALSE,FALSE,FALSE,FALSE,FALSE,FALSE,FALSE,140000
2022-01-24,/apartamentos-venta-autopista-las-americas/1268274/,2,2,3,US$,59000,Techo Lindo,Autopista Las Americas, Santo Domingo Este, Santo Domingo,Nueva,NA,Residencial,NA,TRUE,FALSE,FALSE,FALSE,FALSE,FALSE,TRUE,FALSE,FALSE,59000
2022-01-24,/apartamentos-venta-alma-rosa-ll/1267779/,2,2.5,3,US$,140000,CityMax Santo Domingo,Alma Rosa ll, Santo Domingo Este, Santo Domingo,Nueva,135,Residencial,NA,FALSE,FALSE,FALSE,FALSE,FALSE,FALSE,TRUE,FALSE,FALSE,140000
2022-01-24,/apartamentos-venta-autopista-las-americas/1267761/,1,2,3,US$,59000,CityMax Santo Domingo,Autopista Las Americas, Santo Domingo Este, Santo Domingo,En Construcción,90,Residencial,NA,FALSE,FALSE,FALSE,FALSE,FALSE,TRUE,TRUE,FALSE,FALSE,59000
2022-01-24,/apartamentos-venta-prado-oriental/1262331/,2,3.5,3,US$,122360,CityMax Santo Domingo,Prado Oriental, Santo Domingo Este, Santo Domingo,En Construcción,122,Residencial,NA,TRUE,FALSE,FALSE,FALSE,FALSE,TRUE,TRUE,TRUE,FALSE,122360
2022-01-24,/apartamentos-venta-autopista-san-isidro/1260606/,1,2,3,US$,64999,CityMax Santo Domingo,Autopista San Isidro, Santo Domingo Este, Santo Domingo,En Construcción,85,Residencial,NA,FALSE,FALSE,FALSE,FALSE,FALSE,FALSE,TRUE,FALSE,FALSE,64999
2022-01-24,/apartamentos-venta-autopista-san-isidro/1268256/,1,2,3,US$,85000,Stephanie  Peña,Autopista San Isidro, Santo Domingo Este, Santo Domingo,Nueva,94,Residencial,2,FALSE,FALSE,FALSE,FALSE,FALSE,FALSE,FALSE,FALSE,FALSE,85000
2022-01-24,/apartamentos-venta-alma-rosa-i/1249211/,2,3.5,3,US$,290000,Seekers Inmobiliaria,Alma Rosa I, Santo Domingo Este, Santo Domingo,En Construcción,224,Residencial,22,TRUE,TRUE,TRUE,FALSE,TRUE,TRUE,TRUE,FALSE,TRUE,290000
2022-01-24,/apartamentos-venta-alma-rosa-i/1249515/,2,2.5,3,US$,180000,Seekers Inmobiliaria,Alma Rosa I, Santo Domingo Este, Santo Domingo,En Construcción,172,Residencial,2,TRUE,TRUE,FALSE,FALSE,FALSE,TRUE,TRUE,FALSE,TRUE,180000
2022-01-24,/apartamentos-venta-av--ecologica/1267613/,2,2,3,US$,99000,Premium Real Estate,Av. Ecológica, Santo Domingo Este, Santo Domingo,En Construcción,120,Residencial,NA,FALSE,FALSE,FALSE,FALSE,FALSE,FALSE,FALSE,FALSE,FALSE,99000
2022-01-24,/apartamentos-venta-alma-rosa/1246339/,2,2.5,2,US$,74124,Premium Real Estate,Alma Rosa, Santo Domingo Este, Santo Domingo,En Construcción,72,Residencial,16,TRUE,TRUE,FALSE,FALSE,FALSE,TRUE,TRUE,FALSE,TRUE,74124
2022-01-24,/apartamentos-venta-brisa-oriental/1230318/,1,2,3,US$,72000,Premium Real Estate,Brisa Oriental, Santo Domingo Este, Santo Domingo,En Planos,95,Residencial,NA,FALSE,FALSE,FALSE,FALSE,TRUE,FALSE,TRUE,FALSE,FALSE,72000
2022-01-24,/apartamentos-venta-ozama/1253478/,1,1,1,US$,71500,Premium Real Estate,Ozama, Santo Domingo Este, Santo Domingo,En Planos,52,Residencial,NA,FALSE,FALSE,FALSE,FALSE,TRUE,FALSE,TRUE,FALSE,FALSE,71500
2022-01-24,/apartamentos-venta-alma-rosa/1265825/,2,3.5,3,US$,250000,Premium Real Estate,Alma Rosa, Santo Domingo Este, Santo Domingo,En Construcción,220000,Residencial,NA,TRUE,TRUE,TRUE,FALSE,TRUE,TRUE,TRUE,FALSE,TRUE,250000
2022-01-24,/apartamentos-venta-los-trinitarios/1245413/,1,2,3,US$,68500,Premium Real Estate,Los Trinitarios, Santo Domingo Este, Santo Domingo,En Construcción,96,Residencial,4,FALSE,FALSE,FALSE,FALSE,TRUE,FALSE,TRUE,FALSE,FALSE,68500
2022-01-24,/apartamentos-venta-prado-oriental/1262351/,2,2.5,3,US$,161500,CityMax Santo Domingo,Prado Oriental, Santo Domingo Este, Santo Domingo,En Construcción,160,Residencial,4,TRUE,FALSE,FALSE,FALSE,FALSE,FALSE,TRUE,TRUE,FALSE,161500
2022-01-24,/apartamentos-venta-autopista-las-americas/1267742/,1,2.5,3,US$,62500,CityMax Santo Domingo,Autopista Las Americas, Santo Domingo Este, Santo Domingo,En Construcción,90,Residencial,2,TRUE,FALSE,FALSE,FALSE,FALSE,FALSE,TRUE,FALSE,FALSE,62500
2022-01-24,/apartamentos-venta-autopista-las-americas/1267741/,1,2.5,3,US$,62500,CityMax Santo Domingo,Autopista Las Americas, Santo Domingo Este, Santo Domingo,En Construcción,90,Residencial,2,FALSE,FALSE,FALSE,FALSE,TRUE,FALSE,TRUE,FALSE,TRUE,62500
2022-01-24,/apartamentos-venta-autopista-las-americas/1268232/,2,2,3,US$,59000,Megacasa RD,Autopista Las Americas, Santo Domingo Este, Santo Domingo,Nueva,90,Residencial,NA,FALSE,FALSE,FALSE,FALSE,TRUE,FALSE,TRUE,FALSE,FALSE,59000
2022-01-24,/apartamentos-venta-autopista-san-isidro/1250291/,1,2,3,RD$,4000000,Remax Plus,Autopista San Isidro, Santo Domingo Este, Santo Domingo,En Construcción,108,Residencial,3,FALSE,FALSE,FALSE,FALSE,FALSE,FALSE,TRUE,FALSE,FALSE,68376.06837606838
2022-01-24,/apartamentos-venta-autopista-san-isidro/1268231/,1,2,3,US$,85000,Stephanie  Peña,Autopista San Isidro, Santo Domingo Este, Santo Domingo,Nueva,95,Residencial,2,FALSE,FALSE,FALSE,FALSE,FALSE,FALSE,FALSE,FALSE,FALSE,85000
2022-01-24,/apartamentos-venta-avenida-espana/1266753/,2,3.5,3,US$,162000,Premium Real Estate,Avenida España, Santo Domingo Este, Santo Domingo,En Planos,NA,Residencial,NA,FALSE,TRUE,TRUE,FALSE,TRUE,FALSE,TRUE,FALSE,TRUE,162000
2022-01-24,/apartamentos-venta-alma-rosa-i/1253232/,2,3.5,3,US$,188000,CityMax Santo Domingo,Alma Rosa I, Santo Domingo Este, Santo Domingo,Nueva,171,Residencial,3,FALSE,FALSE,FALSE,FALSE,TRUE,FALSE,TRUE,FALSE,TRUE,188000
2022-01-24,/apartamentos-venta-alma-rosa-i/1266344/,2,3,3,RD$,10200000,Stephanie  Peña,Alma Rosa I, Santo Domingo Este, Santo Domingo,Nueva,160,Residencial,4,TRUE,TRUE,FALSE,FALSE,FALSE,FALSE,TRUE,FALSE,FALSE,174358.97435897434
2022-01-24,/apartamentos-venta-autopista-san-isidro/1263623/,1,1,3,RD$,2490000,Stephanie  Peña,Autopista San Isidro, Santo Domingo Este, Santo Domingo,Segundo Uso,90,Residencial,2,FALSE,FALSE,FALSE,FALSE,FALSE,FALSE,TRUE,FALSE,FALSE,42564.10256410256
2022-01-24,/apartamentos-venta-alma-rosa-i/1264779/,2,2.5,3,RD$,6800000,Stephanie  Peña,Alma Rosa I, Santo Domingo Este, Santo Domingo,Segundo Uso,147,Residencial,3,FALSE,TRUE,FALSE,FALSE,FALSE,FALSE,TRUE,FALSE,FALSE,116239.31623931623
2022-01-24,/apartamentos-venta-prado-oriental/1260572/,1,2,3,RD$,6700000,Stephanie  Peña,Prado Oriental, Santo Domingo Este, Santo Domingo,Segundo Uso,143,Residencial,2,FALSE,FALSE,FALSE,FALSE,FALSE,FALSE,FALSE,FALSE,FALSE,114529.91452991453
2022-01-24,/apartamentos-venta-alma-rosa-i/1231147/,2,4,3,RD$,8200000,Stephanie  Peña,Alma Rosa I, Santo Domingo Este, Santo Domingo,Segundo Uso,219,Residencial,4,FALSE,FALSE,FALSE,FALSE,FALSE,FALSE,FALSE,FALSE,FALSE,140170.94017094016
2022-01-24,/apartamentos-venta-los-corales-del-sur/1264631/,1,3,3,RD$,5200000000,Stephanie  Peña,Los Corales del Sur, Santo Domingo Este, Santo Domingo,Segundo Uso,145,Residencial,3,FALSE,FALSE,FALSE,FALSE,FALSE,FALSE,TRUE,FALSE,FALSE,88888888.8888889
2022-01-24,/apartamentos-venta-alma-rosa-i/1246404/,2,2,3,RD$,7900000,Stephanie  Peña,Alma Rosa I, Santo Domingo Este, Santo Domingo,Segundo Uso,149,Residencial,3,TRUE,TRUE,FALSE,FALSE,FALSE,FALSE,TRUE,FALSE,FALSE,135042.73504273503
2022-01-24,/apartamentos-venta-alma-rosa-i/1266161/,2,2,3,RD$,7750000,Stephanie  Peña,Alma Rosa I, Santo Domingo Este, Santo Domingo,Segundo Uso,168,Residencial,7,TRUE,TRUE,FALSE,FALSE,FALSE,FALSE,TRUE,FALSE,FALSE,132478.63247863247
2022-01-24,/apartamentos-venta-alma-rosa-ll/1250355/,2,2.5,3,US$,110000,Stephanie  Peña,Alma Rosa ll, Santo Domingo Este, Santo Domingo,Nueva,144,Residencial,2,FALSE,FALSE,FALSE,FALSE,FALSE,FALSE,FALSE,FALSE,FALSE,110000
2022-01-24,/apartamentos-venta-alma-rosa-i/1267025/,2,2,3,US$,154000,Stephanie  Peña,Alma Rosa I, Santo Domingo Este, Santo Domingo,Segundo Uso,210,Residencial,2,FALSE,FALSE,FALSE,FALSE,FALSE,FALSE,FALSE,FALSE,FALSE,154000
2022-01-24,/apartamentos-venta-alma-rosa-i/1262954/,2,2,3,RD$,6950000,Stephanie  Peña,Alma Rosa I, Santo Domingo Este, Santo Domingo,Segundo Uso,165,Residencial,3,FALSE,FALSE,FALSE,FALSE,FALSE,FALSE,TRUE,FALSE,FALSE,118803.4188034188
2022-01-24,/apartamentos-venta-la-caleta/1253230/,1,2,3,US$,59000,CityMax Santo Domingo,La Caleta, Santo Domingo Este, Santo Domingo,Nueva,90,Residencial,3,FALSE,TRUE,FALSE,FALSE,FALSE,FALSE,TRUE,FALSE,FALSE,59000
2022-01-24,/apartamentos-venta-los-tres-ojos/1259617/,NA,NA,2,RD$,6850000,United Group DR,Los Tres Ojos, Santo Domingo Este, Santo Domingo,Nueva,145,Residencial,NA,FALSE,FALSE,FALSE,FALSE,FALSE,FALSE,FALSE,FALSE,FALSE,117094.0170940171
2022-01-24,/apartamentos-venta-las-palmas-de-alma-rosa/1264559/,NA,NA,2,US$,80000,United Group DR,Las Palmas de Alma Rosa, Santo Domingo Este, Santo Domingo,En Construcción,86,Residencial,NA,FALSE,FALSE,FALSE,TRUE,FALSE,FALSE,FALSE,FALSE,FALSE,80000
2022-01-24,/apartamentos-venta-ensanche-isabelita/1244938/,2,3.5,3,RD$,7890000,Inmobiliaria Grupal,Ensanche Isabelita, Santo Domingo Este, Santo Domingo,Nueva,146,Mixto,7,TRUE,TRUE,TRUE,TRUE,TRUE,TRUE,TRUE,FALSE,TRUE,134871.79487179487
2022-01-24,/apartamentos-venta-alma-rosa-i/1249796/,2,2.5,3,US$,155000,Inmobiliaria Grupal,Alma Rosa I, Santo Domingo Este, Santo Domingo,Segundo Uso,208,Residencial,2,FALSE,FALSE,FALSE,TRUE,FALSE,FALSE,FALSE,FALSE,FALSE,155000
2022-01-24,/apartamentos-venta-zona-oriental/1266400/,1,2,2,RD$,2650000,Inverfisa,Zona Oriental, Santo Domingo Este, Santo Domingo,En Planos,58,Residencial,NA,FALSE,FALSE,FALSE,FALSE,FALSE,FALSE,TRUE,FALSE,FALSE,45299.1452991453
2022-01-24,/apartamentos-venta-zona-oriental/1266401/,1,2,3,RD$,3700000,Inverfisa,Zona Oriental, Santo Domingo Este, Santo Domingo,En Planos,86,Residencial,NA,FALSE,FALSE,FALSE,FALSE,FALSE,FALSE,TRUE,FALSE,FALSE,63247.86324786325
2022-01-24,/apartamentos-venta-autopista-san-isidro/1262621/,2,2.5,3,RD$,4950000,Inverfisa,Autopista San Isidro, Santo Domingo Este, Santo Domingo,En Planos,123,Residencial,NA,FALSE,FALSE,FALSE,FALSE,TRUE,FALSE,TRUE,FALSE,FALSE,84615.38461538461
2022-01-24,/apartamentos-venta-avenida-espana/1235388/,1,2,3,RD$,4400000,Inverfisa,Avenida España, Santo Domingo Este, Santo Domingo,En Planos,90,Residencial,NA,FALSE,FALSE,FALSE,FALSE,TRUE,FALSE,TRUE,FALSE,FALSE,75213.67521367522
2022-01-24,/apartamentos-venta-prado-oriental/1259798/,1,2,2,US$,64750,Inverfisa,Prado Oriental, Santo Domingo Este, Santo Domingo,En Planos,74,Residencial,NA,FALSE,FALSE,FALSE,FALSE,TRUE,FALSE,TRUE,FALSE,FALSE,64750
2022-01-24,/apartamentos-venta-autopista-las-americas/1266149/,1,2,3,US$,59000,Inverfisa,Autopista Las Americas, Santo Domingo Este, Santo Domingo,En Planos,90,Residencial,NA,FALSE,FALSE,FALSE,FALSE,TRUE,FALSE,TRUE,FALSE,FALSE,59000
2022-01-24,/apartamentos-venta-altos-de-cansino/1260088/,2,2.5,2,US$,89500,FELIX CRUZ BROKERS SRL,Altos de Cansino, Santo Domingo Este, Santo Domingo,En Construcción,124,Residencial,NA,FALSE,TRUE,FALSE,FALSE,TRUE,TRUE,TRUE,TRUE,FALSE,89500
2022-01-24,/apartamentos-venta-autopista-san-isidro/1268198/,1,NA,3,RD$,4400,Plusval Puente Azul,Autopista San Isidro, Santo Domingo Este, Santo Domingo,Segundo Uso,105,Residencial,4,FALSE,FALSE,FALSE,FALSE,FALSE,FALSE,FALSE,FALSE,FALSE,75.21367521367522
2022-01-24,/apartamentos-venta-alma-rosa-i/1267590/,2,3.5,3,US$,162702,DARAD Real Estate RD,Alma Rosa I, Santo Domingo Este, Santo Domingo,En Construcción,133,Residencial,NA,TRUE,TRUE,TRUE,TRUE,TRUE,TRUE,TRUE,FALSE,TRUE,162702
2022-01-24,/apartamentos-venta-cansino/1267177/,1,2,3,RD$,4127750,Wendy Gómez,Cansino, Santo Domingo Este, Santo Domingo,En Construcción,127,Residencial,2,FALSE,FALSE,FALSE,FALSE,TRUE,FALSE,FALSE,FALSE,FALSE,70559.82905982906
2022-01-24,/apartamentos-venta-alma-rosa-i/1268183/,2,3.5,3,US$,275000,Techo Lindo,Alma Rosa I, Santo Domingo Este, Santo Domingo,Nueva,183,Residencial,7,TRUE,TRUE,TRUE,FALSE,FALSE,TRUE,FALSE,TRUE,FALSE,275000
2022-01-24,/apartamentos-venta-cansino/1267181/,1,2,3,RD$,3498000,Wendy Gómez,Cansino, Santo Domingo Este, Santo Domingo,En Construcción,85,Residencial,3,FALSE,FALSE,FALSE,FALSE,FALSE,FALSE,TRUE,FALSE,FALSE,59794.8717948718
2022-01-24,/apartamentos-venta-vista-hermosa/1245672/,2,3,3,US$,115000,Techo Lindo,Vista Hermosa, Santo Domingo Este, Santo Domingo,En Planos,120000,Residencial,NA,FALSE,FALSE,FALSE,TRUE,TRUE,FALSE,TRUE,FALSE,FALSE,115000
2022-01-24,/apartamentos-venta-alma-rosa-i/1200586/,2,2,3,RD$,7000000,Techo Lindo,Alma Rosa I, Santo Domingo Este, Santo Domingo,En Construcción,131,Residencial,NA,FALSE,FALSE,FALSE,FALSE,FALSE,FALSE,TRUE,FALSE,FALSE,119658.11965811966
2022-01-24,/apartamentos-venta-autopista-san-isidro/1241670/,1,2,3,US$,80000,Techo Lindo,Autopista San Isidro, Santo Domingo Este, Santo Domingo,En Construcción,94,Residencial,NA,FALSE,FALSE,FALSE,TRUE,FALSE,FALSE,TRUE,FALSE,FALSE,80000
2022-01-24,/apartamentos-venta-alma-rosa-i/1257445/,2,3.5,3,US$,255000,Techo Lindo,Alma Rosa I, Santo Domingo Este, Santo Domingo,Segundo Uso,180,Residencial,7,FALSE,TRUE,FALSE,FALSE,FALSE,FALSE,FALSE,FALSE,TRUE,255000
2022-01-24,/apartamentos-venta-las-palmas-de-alma-rosa/1254764/,2,2,3,US$,100870,Mario Alberto Aquino,Las Palmas de Alma Rosa, Santo Domingo Este, Santo Domingo,En Construcción,157,Residencial,5,FALSE,FALSE,FALSE,TRUE,FALSE,FALSE,TRUE,FALSE,FALSE,100870
2022-01-24,/apartamentos-venta-los-rosales-l/1268127/,2,NA,3,RD$,4200000,Vidalpe Inmobiliaria,Los Rosales l, Santo Domingo Este, Santo Domingo,Segundo Uso,153,Residencial,3,FALSE,FALSE,FALSE,FALSE,FALSE,FALSE,TRUE,FALSE,FALSE,71794.8717948718
2022-01-24,/apartamentos-venta-autopista-las-americas/1268125/,2,2,3,US$,59,Remax Blu,Autopista Las Americas, Santo Domingo Este, Santo Domingo,Nueva,125,Residencial,2,FALSE,FALSE,FALSE,TRUE,TRUE,FALSE,TRUE,FALSE,TRUE,59
2022-01-24,/apartamentos-venta-arismar/1268110/,1,2.5,2,RD$,3300000,Inverfisa,Arismar , Santo Domingo Este, Santo Domingo,Segundo Uso,121,Residencial,5,FALSE,TRUE,FALSE,FALSE,FALSE,FALSE,FALSE,TRUE,FALSE,56410.256410256414
2022-01-24,/apartamentos-venta-alma-rosa-i/1265936/,2,2,3,RD$,7350000,Stephanie  Peña,Alma Rosa I, Santo Domingo Este, Santo Domingo,Segundo Uso,140,Residencial,2,TRUE,TRUE,FALSE,FALSE,FALSE,FALSE,TRUE,FALSE,FALSE,125641.02564102564
2022-01-24,/apartamentos-venta-av--ecologica/1262290/,1,2,3,RD$,4500000,Bonillamultiservice,Av. Ecológica, Santo Domingo Este, Santo Domingo,En Planos,103,Residencial,NA,FALSE,FALSE,FALSE,FALSE,FALSE,FALSE,TRUE,FALSE,FALSE,76923.07692307692
2022-01-24,/apartamentos-venta-prado-oriental/1266602/,2,2,3,US$,125000,Bonillamultiservice,Prado Oriental, Santo Domingo Este, Santo Domingo,Nueva,115,Residencial,NA,FALSE,FALSE,FALSE,TRUE,FALSE,FALSE,TRUE,FALSE,FALSE,125000
2022-01-24,/apartamentos-venta-autopista-las-americas/1256848/,1,2,3,RD$,6800000,Bonillamultiservice,Autopista Las Americas, Santo Domingo Este, Santo Domingo,Nueva,159,Residencial,NA,FALSE,FALSE,FALSE,FALSE,FALSE,FALSE,TRUE,FALSE,FALSE,116239.31623931623
2022-01-24,/apartamentos-venta-avenida-espana/1242441/,1,2,3,US$,95000,Bonillamultiservice,Avenida España, Santo Domingo Este, Santo Domingo,Nueva,100,Residencial,NA,FALSE,FALSE,FALSE,FALSE,FALSE,FALSE,TRUE,FALSE,FALSE,95000
2022-01-24,/apartamentos-venta-autopista-san-isidro/1245216/,NA,2,3,RD$,5300000,Bonillamultiservice,Autopista San Isidro, Santo Domingo Este, Santo Domingo,Nueva,96,Residencial,NA,FALSE,FALSE,FALSE,FALSE,FALSE,FALSE,FALSE,FALSE,FALSE,90598.2905982906
2022-01-24,/apartamentos-venta-autopista-las-americas/1242420/,1,2,3,US$,79250,Bonillamultiservice,Autopista Las Americas, Santo Domingo Este, Santo Domingo,En Planos,103,Residencial,NA,FALSE,FALSE,FALSE,FALSE,TRUE,TRUE,TRUE,FALSE,FALSE,79250
2022-01-24,/apartamentos-venta-ozama/1252008/,2,3,3,US$,205446,Bonillamultiservice,Ozama, Santo Domingo Este, Santo Domingo,Nueva,185,Residencial,NA,FALSE,TRUE,TRUE,FALSE,FALSE,FALSE,TRUE,FALSE,FALSE,205446
2022-01-24,/apartamentos-venta-autopista-las-americas/1267307/,1,2,3,US$,75000,Bonillamultiservice,Autopista Las Americas, Santo Domingo Este, Santo Domingo,Segundo Uso,100,Residencial,NA,FALSE,FALSE,FALSE,FALSE,TRUE,FALSE,TRUE,FALSE,FALSE,75000
2022-01-24,/apartamentos-venta-autopista-las-americas/1267306/,1,1,2,RD$,3550000,Bonillamultiservice,Autopista Las Americas, Santo Domingo Este, Santo Domingo,Nueva,107,Residencial,NA,FALSE,FALSE,FALSE,FALSE,TRUE,FALSE,TRUE,FALSE,FALSE,60683.76068376069
2022-01-24,/apartamentos-venta-alma-rosa-i/1250466/,2,2,3,US$,215000,Bonillamultiservice,Alma Rosa I, Santo Domingo Este, Santo Domingo,En Construcción,205,Residencial,NA,TRUE,FALSE,FALSE,FALSE,FALSE,TRUE,TRUE,FALSE,FALSE,215000
2022-01-24,/apartamentos-venta-autopista-san-isidro/1250473/,1,2,3,US$,110000,Bonillamultiservice,Autopista San Isidro, Santo Domingo Este, Santo Domingo,Nueva,125,Residencial,NA,FALSE,FALSE,FALSE,FALSE,TRUE,FALSE,TRUE,FALSE,FALSE,110000
2022-01-24,/apartamentos-venta-autopista-san-isidro/1250969/,1,2,3,RD$,4900000,Bonillamultiservice,Autopista San Isidro, Santo Domingo Este, Santo Domingo,Nueva,96,Residencial,NA,FALSE,FALSE,FALSE,FALSE,FALSE,FALSE,TRUE,FALSE,FALSE,83760.68376068377
2022-01-24,/apartamentos-venta-autopista-las-americas/1266162/,1,2,3,US$,62500,Bonillamultiservice,Autopista Las Americas, Santo Domingo Este, Santo Domingo,En Planos,90,Residencial,NA,TRUE,FALSE,FALSE,FALSE,FALSE,FALSE,TRUE,FALSE,FALSE,62500
2022-01-24,/apartamentos-venta-autopista-las-americas/1253095/,1,2,2,US$,62500,Bonillamultiservice,Autopista Las Americas, Santo Domingo Este, Santo Domingo,En Planos,96,Residencial,NA,FALSE,FALSE,FALSE,TRUE,FALSE,FALSE,FALSE,FALSE,FALSE,62500
2022-01-24,/apartamentos-venta-autopista-san-isidro/1251069/,2,2,3,US$,112203,Bonillamultiservice,Autopista San Isidro, Santo Domingo Este, Santo Domingo,Nueva,120,Residencial,NA,FALSE,FALSE,FALSE,FALSE,FALSE,FALSE,TRUE,FALSE,FALSE,112203
2022-01-24,/apartamentos-venta-prado-oriental/1259449/,1,2,2,US$,77895,Bonillamultiservice,Prado Oriental, Santo Domingo Este, Santo Domingo,En Construcción,80,Residencial,NA,FALSE,TRUE,FALSE,FALSE,TRUE,FALSE,TRUE,FALSE,FALSE,77895
2022-01-24,/apartamentos-venta-alma-rosa-i/1242263/,1,2,2,US$,137500,Bonillamultiservice,Alma Rosa I, Santo Domingo Este, Santo Domingo,Nueva,128,Residencial,NA,FALSE,FALSE,FALSE,FALSE,FALSE,FALSE,TRUE,FALSE,FALSE,137500
2022-01-24,/apartamentos-venta-autopista-san-isidro/1242314/,1,2,3,RD$,4500000,Bonillamultiservice,Autopista San Isidro, Santo Domingo Este, Santo Domingo,Nueva,93,Residencial,NA,FALSE,FALSE,FALSE,FALSE,FALSE,FALSE,TRUE,FALSE,FALSE,76923.07692307692
2022-01-24,/apartamentos-venta-alma-rosa-i/1266074/,2,2.5,3,US$,165750,Bonillamultiservice,Alma Rosa I, Santo Domingo Este, Santo Domingo,En Planos,130,Residencial,NA,FALSE,TRUE,FALSE,FALSE,TRUE,FALSE,TRUE,TRUE,FALSE,165750
2022-01-24,/apartamentos-venta-alma-rosa-i/1242264/,2,2,3,US$,127533,Bonillamultiservice,Alma Rosa I, Santo Domingo Este, Santo Domingo,Nueva,132,Residencial,NA,FALSE,FALSE,FALSE,FALSE,FALSE,FALSE,TRUE,FALSE,FALSE,127533
2022-01-24,/apartamentos-venta-alma-rosa/1252229/,2,3.5,3,US$,168157,Algonovo Real Estate,Alma Rosa, Santo Domingo Este, Santo Domingo,Nueva,171,Residencial,NA,TRUE,TRUE,FALSE,FALSE,TRUE,TRUE,TRUE,TRUE,TRUE,168157
2022-01-24,/apartamentos-venta-alma-rosa-i/1262669/,NA,NA,NA,US$,70550,KW Capital,Alma Rosa I, Santo Domingo Este, Santo Domingo,En Planos,NA,Residencial,NA,TRUE,TRUE,TRUE,TRUE,FALSE,TRUE,TRUE,FALSE,TRUE,70550
2022-01-24,/apartamentos-venta-alma-rosa-i/1266774/,2,3.5,3,US$,265000,Mr. Home Asesores Inmobiliarios,Alma Rosa I, Santo Domingo Este, Santo Domingo,Segundo Uso,220,Residencial,11,TRUE,TRUE,FALSE,FALSE,FALSE,TRUE,FALSE,FALSE,TRUE,265000
2022-01-24,/apartamentos-venta-prado-oriental/1266772/,2,2,3,US$,165000,Mr. Home Asesores Inmobiliarios,Prado Oriental, Santo Domingo Este, Santo Domingo,En Construcción,213,Residencial,4,FALSE,FALSE,FALSE,FALSE,FALSE,FALSE,TRUE,FALSE,FALSE,165000
2022-01-24,/apartamentos-venta-prado-oriental/1266771/,1,2,3,US$,106000,Mr. Home Asesores Inmobiliarios,Prado Oriental, Santo Domingo Este, Santo Domingo,Nueva,135,Residencial,4,FALSE,FALSE,FALSE,FALSE,FALSE,FALSE,TRUE,FALSE,FALSE,106000
2022-01-24,/apartamentos-venta-mirador-del-este/1266770/,1,3,3,RD$,5500000,Mr. Home Asesores Inmobiliarios,Mirador del Este, Santo Domingo Este, Santo Domingo,Nueva,182,Residencial,4,FALSE,FALSE,FALSE,FALSE,FALSE,FALSE,TRUE,FALSE,FALSE,94017.09401709402
2022-01-24,/apartamentos-venta-autopista-las-americas/1266769/,2,2,3,RD$,4100000,Mr. Home Asesores Inmobiliarios,Autopista Las Americas, Santo Domingo Este, Santo Domingo,Nueva,90,Residencial,4,FALSE,FALSE,FALSE,FALSE,TRUE,FALSE,TRUE,FALSE,FALSE,70085.47008547008
2022-01-24,/apartamentos-venta-av--ecologica/1266801/,1,1,1,US$,60150,Mr. Home Asesores Inmobiliarios,Av. Ecológica, Santo Domingo Este, Santo Domingo,NA,51,Residencial,NA,FALSE,TRUE,TRUE,TRUE,FALSE,TRUE,TRUE,FALSE,TRUE,60150
2022-01-24,/apartamentos-venta-autopista-las-americas/1266767/,1,2,3,US$,59000,Mr. Home Asesores Inmobiliarios,Autopista Las Americas, Santo Domingo Este, Santo Domingo,Nueva,90,Residencial,4,FALSE,FALSE,FALSE,FALSE,FALSE,FALSE,FALSE,FALSE,FALSE,59000
2022-01-24,/apartamentos-venta-brisa-oriental/1266765/,2,1.5,3,RD$,3700000000,Mr. Home Asesores Inmobiliarios,Brisa Oriental, Santo Domingo Este, Santo Domingo,Nueva,85,Residencial,1,FALSE,FALSE,FALSE,FALSE,FALSE,FALSE,TRUE,FALSE,FALSE,63247863.24786325
2022-01-24,/apartamentos-venta-los-tres-ojos/1248422/,2,2,3,US$,112000,Mr. Home Asesores Inmobiliarios,Los Tres Ojos, Santo Domingo Este, Santo Domingo,NA,120,Residencial,NA,FALSE,FALSE,FALSE,FALSE,FALSE,TRUE,TRUE,FALSE,FALSE,112000
2022-01-24,/apartamentos-venta-alma-rosa-i/1234521/,2,3.5,3,US$,350000,Mr. Home Asesores Inmobiliarios,Alma Rosa I, Santo Domingo Este, Santo Domingo,NA,225,Residencial,NA,TRUE,TRUE,TRUE,TRUE,FALSE,TRUE,TRUE,FALSE,TRUE,350000
2022-01-24,/apartamentos-venta-alma-rosa-i/1236339/,2,2.5,3,US$,250000,Mr. Home Asesores Inmobiliarios,Alma Rosa I, Santo Domingo Este, Santo Domingo,NA,208,Residencial,NA,TRUE,TRUE,FALSE,TRUE,FALSE,TRUE,TRUE,FALSE,TRUE,250000
2022-01-24,/apartamentos-venta-alma-rosa-i/1234519/,1,2,3,US$,103488,Mr. Home Asesores Inmobiliarios,Alma Rosa I, Santo Domingo Este, Santo Domingo,NA,112,Residencial,NA,FALSE,FALSE,FALSE,TRUE,FALSE,FALSE,FALSE,FALSE,FALSE,103488
2022-01-24,/apartamentos-venta-alma-rosa-i/1251570/,2,2.5,3,US$,200000,Mr. Home Asesores Inmobiliarios,Alma Rosa I, Santo Domingo Este, Santo Domingo,NA,285,Residencial,NA,FALSE,FALSE,FALSE,FALSE,FALSE,FALSE,TRUE,FALSE,FALSE,200000
2022-01-24,/apartamentos-venta-ozama/1260990/,2,3.5,4,RD$,10500000,Mr. Home Asesores Inmobiliarios,Ozama, Santo Domingo Este, Santo Domingo,NA,254,Residencial,NA,TRUE,FALSE,TRUE,TRUE,FALSE,TRUE,TRUE,FALSE,TRUE,179487.1794871795
2022-01-24,/apartamentos-venta-alma-rosa-i/1236294/,2,3.5,3,US$,200000,Mr. Home Asesores Inmobiliarios,Alma Rosa I, Santo Domingo Este, Santo Domingo,NA,205,Residencial,NA,TRUE,TRUE,FALSE,TRUE,FALSE,TRUE,TRUE,FALSE,FALSE,200000
2022-01-24,/apartamentos-venta-ozama/1234507/,1,2,2,US$,72500,Mr. Home Asesores Inmobiliarios,Ozama, Santo Domingo Este, Santo Domingo,NA,64,Residencial,NA,FALSE,FALSE,FALSE,TRUE,TRUE,FALSE,TRUE,FALSE,FALSE,72500
2022-01-24,/apartamentos-venta-ozama/1260977/,2,2,2,US$,145000,Mr. Home Asesores Inmobiliarios,Ozama, Santo Domingo Este, Santo Domingo,NA,110,Residencial,NA,FALSE,TRUE,FALSE,FALSE,TRUE,FALSE,TRUE,FALSE,TRUE,145000
2022-01-24,/apartamentos-venta-alma-rosa-i/1254098/,1,1.5,1,US$,101250,Mr. Home Asesores Inmobiliarios,Alma Rosa I, Santo Domingo Este, Santo Domingo,NA,75,Residencial,NA,TRUE,TRUE,TRUE,TRUE,FALSE,TRUE,TRUE,FALSE,TRUE,101250
2022-01-24,/apartamentos-venta-prado-oriental/1261619/,1,2.5,3,US$,92000,Mr. Home Asesores Inmobiliarios,Prado Oriental, Santo Domingo Este, Santo Domingo,NA,99,Residencial,NA,FALSE,FALSE,FALSE,FALSE,FALSE,FALSE,TRUE,FALSE,FALSE,92000
2022-01-24,/apartamentos-venta-prado-oriental/1261617/,2,2,3,US$,118000,Mr. Home Asesores Inmobiliarios,Prado Oriental, Santo Domingo Este, Santo Domingo,NA,170,Residencial,NA,FALSE,FALSE,FALSE,FALSE,TRUE,FALSE,TRUE,FALSE,FALSE,118000
2022-01-24,/apartamentos-venta-prado-oriental/1261591/,2,2.5,3,US$,101700,Mr. Home Asesores Inmobiliarios,Prado Oriental, Santo Domingo Este, Santo Domingo,NA,111,Residencial,NA,FALSE,FALSE,FALSE,FALSE,FALSE,FALSE,TRUE,FALSE,FALSE,101700
2022-01-24,/apartamentos-venta-prado-oriental/1256615/,1,2,2,US$,118000,Mr. Home Asesores Inmobiliarios,Prado Oriental, Santo Domingo Este, Santo Domingo,NA,100,Residencial,NA,FALSE,FALSE,FALSE,FALSE,FALSE,FALSE,FALSE,FALSE,FALSE,118000
2022-01-24,/apartamentos-venta-lomisa/1260962/,1,2,3,RD$,3800000,Mr. Home Asesores Inmobiliarios,Lomisa, Santo Domingo Este, Santo Domingo,NA,120,Residencial,NA,FALSE,FALSE,FALSE,FALSE,FALSE,FALSE,TRUE,FALSE,FALSE,64957.26495726496
2022-01-24,/apartamentos-venta-los-frailes-l/1255933/,1,1,2,US$,62500,Mr. Home Asesores Inmobiliarios,Los Frailes l, Santo Domingo Este, Santo Domingo,NA,59,Residencial,NA,FALSE,FALSE,FALSE,TRUE,FALSE,FALSE,TRUE,FALSE,FALSE,62500
2022-01-24,/apartamentos-venta-alma-rosa-i/1260937/,2,3.5,3,RD$,10000000,Mr. Home Asesores Inmobiliarios,Alma Rosa I, Santo Domingo Este, Santo Domingo,NA,160,Residencial,NA,FALSE,TRUE,FALSE,FALSE,FALSE,TRUE,TRUE,FALSE,TRUE,170940.17094017094
2022-01-24,/apartamentos-venta-ozama/1260936/,2,2.5,3,RD$,7000000,Mr. Home Asesores Inmobiliarios,Ozama, Santo Domingo Este, Santo Domingo,NA,200,Residencial,NA,FALSE,FALSE,FALSE,FALSE,FALSE,FALSE,TRUE,FALSE,FALSE,119658.11965811966
2022-01-24,/apartamentos-venta-alma-rosa-i/1256488/,2,2.5,3,US$,258000,Mr. Home Asesores Inmobiliarios,Alma Rosa I, Santo Domingo Este, Santo Domingo,NA,180,Residencial,NA,TRUE,TRUE,FALSE,FALSE,TRUE,TRUE,TRUE,FALSE,TRUE,258000
2022-01-24,/apartamentos-venta-prado-oriental/1256614/,2,2,3,US$,99000,Mr. Home Asesores Inmobiliarios,Prado Oriental, Santo Domingo Este, Santo Domingo,NA,130,Residencial,NA,FALSE,FALSE,FALSE,TRUE,FALSE,FALSE,TRUE,FALSE,FALSE,99000
2022-01-24,/apartamentos-venta-fernandez--oriental/1246076/,1,2,3,US$,86000,Mr. Home Asesores Inmobiliarios,Fernandez  Oriental, Santo Domingo Este, Santo Domingo,NA,110,Residencial,NA,FALSE,FALSE,FALSE,FALSE,FALSE,FALSE,TRUE,TRUE,FALSE,86000
2022-01-24,/apartamentos-venta-av--ecologica/1260934/,1,2,3,RD$,5800000,Mr. Home Asesores Inmobiliarios,Av. Ecológica, Santo Domingo Este, Santo Domingo,NA,100,Residencial,NA,FALSE,FALSE,FALSE,FALSE,FALSE,FALSE,TRUE,FALSE,FALSE,99145.29914529914
2022-01-24,/apartamentos-venta-carretera-mella/1261804/,1,2,3,RD$,2400000,Mr. Home Asesores Inmobiliarios,Carretera Mella, Santo Domingo Este, Santo Domingo,NA,70,Residencial,NA,FALSE,FALSE,FALSE,FALSE,FALSE,FALSE,TRUE,FALSE,FALSE,41025.64102564102
2022-01-24,/apartamentos-venta-urb--narcisa-ii/1251453/,1,2,3,US$,90000,Mr. Home Asesores Inmobiliarios,Urb. Narcisa II, Santo Domingo Este, Santo Domingo,NA,108,Residencial,NA,FALSE,FALSE,FALSE,FALSE,FALSE,FALSE,TRUE,FALSE,FALSE,90000
2022-01-24,/apartamentos-venta-prado-oriental/1247260/,1,2.5,3,RD$,5690000,Mr. Home Asesores Inmobiliarios,Prado Oriental, Santo Domingo Este, Santo Domingo,NA,118,Residencial,NA,FALSE,FALSE,FALSE,TRUE,FALSE,FALSE,TRUE,FALSE,FALSE,97264.95726495727
2022-01-24,/apartamentos-venta-alma-rosa-i/1249516/,2,2.5,3,US$,180000,Seekers Inmobiliaria,Alma Rosa I, Santo Domingo Este, Santo Domingo,En Construcción,172,Residencial,2,TRUE,TRUE,FALSE,FALSE,TRUE,TRUE,TRUE,FALSE,TRUE,180000
2022-01-24,/apartamentos-venta-los-tres-ojos/1234478/,1,2,3,US$,5400000,Mr. Home Asesores Inmobiliarios,Los Tres Ojos, Santo Domingo Este, Santo Domingo,NA,103,Residencial,NA,FALSE,FALSE,FALSE,TRUE,FALSE,FALSE,TRUE,FALSE,FALSE,5400000
2022-01-24,/apartamentos-venta-amalia/1252925/,1,2,3,RD$,3500000,Mr. Home Asesores Inmobiliarios,Amalia, Santo Domingo Este, Santo Domingo,NA,95,Residencial,NA,FALSE,FALSE,FALSE,FALSE,FALSE,FALSE,TRUE,FALSE,FALSE,59829.05982905983
2022-01-24,/apartamentos-venta-los-frailes/1254703/,2,2,3,US$,85107,Mr. Home Asesores Inmobiliarios,Los Frailes, Santo Domingo Este, Santo Domingo,NA,109,Residencial,NA,FALSE,FALSE,FALSE,FALSE,FALSE,FALSE,TRUE,FALSE,FALSE,85107
2022-01-24,/apartamentos-venta-autopista-las-americas/1241473/,1,2,3,US$,65000,Mr. Home Asesores Inmobiliarios,Autopista Las Americas, Santo Domingo Este, Santo Domingo,NA,76,Residencial,NA,FALSE,FALSE,FALSE,FALSE,FALSE,FALSE,TRUE,FALSE,FALSE,65000
2022-01-24,/apartamentos-venta-av--ecologica/1242514/,1,2,3,US$,73000,Mr. Home Asesores Inmobiliarios,Av. Ecológica, Santo Domingo Este, Santo Domingo,NA,96,Residencial,NA,FALSE,FALSE,FALSE,FALSE,FALSE,FALSE,TRUE,FALSE,FALSE,73000
2022-01-24,/apartamentos-venta-alma-rosa-i/1251872/,2,2.5,3,US$,162705,Mr. Home Asesores Inmobiliarios,Alma Rosa I, Santo Domingo Este, Santo Domingo,NA,132,Residencial,NA,TRUE,TRUE,FALSE,TRUE,TRUE,TRUE,TRUE,FALSE,TRUE,162705
2022-01-24,/apartamentos-venta-prado-oriental/1257567/,2,2.5,3,US$,101700,Mr. Home Asesores Inmobiliarios,Prado Oriental, Santo Domingo Este, Santo Domingo,NA,111,Residencial,NA,TRUE,FALSE,FALSE,TRUE,FALSE,FALSE,TRUE,FALSE,FALSE,101700
2022-01-24,/apartamentos-venta-autopista-las-americas/1241469/,1,2,3,US$,79250,Mr. Home Asesores Inmobiliarios,Autopista Las Americas, Santo Domingo Este, Santo Domingo,NA,88,Residencial,NA,FALSE,FALSE,FALSE,TRUE,FALSE,FALSE,TRUE,FALSE,FALSE,79250
2022-01-24,/apartamentos-venta-vista-hermosa/1251405/,2,2,3,RD$,5700000,Mr. Home Asesores Inmobiliarios,Vista Hermosa, Santo Domingo Este, Santo Domingo,NA,118,Residencial,NA,FALSE,FALSE,FALSE,TRUE,TRUE,FALSE,TRUE,FALSE,FALSE,97435.89743589744
2022-01-24,/apartamentos-venta-alma-rosa-i/1265531/,2,1.5,1,US$,107500,Mr. Home Asesores Inmobiliarios,Alma Rosa I, Santo Domingo Este, Santo Domingo,NA,87,Residencial,NA,TRUE,TRUE,TRUE,TRUE,FALSE,TRUE,TRUE,FALSE,TRUE,107500
2022-01-24,/apartamentos-venta-alma-rosa-i/1265527/,1,2,2,US$,115000,Mr. Home Asesores Inmobiliarios,Alma Rosa I, Santo Domingo Este, Santo Domingo,NA,75,Residencial,NA,TRUE,TRUE,TRUE,TRUE,FALSE,TRUE,TRUE,FALSE,TRUE,115000
2022-01-24,/apartamentos-venta-alma-rosa-ll/1265523/,2,2.5,3,RD$,5800000,Mr. Home Asesores Inmobiliarios,Alma Rosa ll, Santo Domingo Este, Santo Domingo,NA,127,Residencial,NA,FALSE,FALSE,FALSE,FALSE,TRUE,FALSE,TRUE,FALSE,FALSE,99145.29914529914
2022-01-24,/apartamentos-venta-mirador-del-este/1262634/,1,2,3,RD$,4950000,Mr. Home Asesores Inmobiliarios,Mirador del Este, Santo Domingo Este, Santo Domingo,NA,102,Residencial,NA,FALSE,FALSE,FALSE,FALSE,FALSE,FALSE,TRUE,FALSE,FALSE,84615.38461538461
2022-01-24,/apartamentos-venta-alma-rosa-i/1262695/,2,2.5,3,US$,204100,Mr. Home Asesores Inmobiliarios,Alma Rosa I, Santo Domingo Este, Santo Domingo,NA,130,Residencial,NA,TRUE,TRUE,TRUE,TRUE,TRUE,TRUE,TRUE,FALSE,TRUE,204100
2022-01-24,/apartamentos-venta-alma-rosa-i/1249175/,2,3.5,3,US$,320000,Seekers Inmobiliaria,Alma Rosa I, Santo Domingo Este, Santo Domingo,En Construcción,224,Residencial,22,TRUE,TRUE,TRUE,TRUE,TRUE,TRUE,TRUE,FALSE,TRUE,320000
2022-01-24,/apartamentos-venta-prado-oriental/1263965/,2,3.5,3,US$,122360,Mr. Home Asesores Inmobiliarios,Prado Oriental, Santo Domingo Este, Santo Domingo,NA,122,Residencial,NA,FALSE,FALSE,FALSE,FALSE,FALSE,FALSE,TRUE,FALSE,FALSE,122360
2022-01-24,/apartamentos-venta-fernandez--oriental/1263958/,1,2,3,RD$,4950000,Mr. Home Asesores Inmobiliarios,Fernandez  Oriental, Santo Domingo Este, Santo Domingo,NA,123,Residencial,NA,FALSE,FALSE,FALSE,FALSE,FALSE,FALSE,TRUE,FALSE,FALSE,84615.38461538461
2022-01-24,/apartamentos-venta-prado-oriental/1264432/,1,2.5,3,US$,120000,Mr. Home Asesores Inmobiliarios,Prado Oriental, Santo Domingo Este, Santo Domingo,NA,130,Residencial,NA,FALSE,FALSE,FALSE,TRUE,FALSE,FALSE,TRUE,FALSE,FALSE,120000
2022-01-24,/apartamentos-venta-mirador-del-este/1264427/,1,2,3,RD$,4900000,Mr. Home Asesores Inmobiliarios,Mirador del Este, Santo Domingo Este, Santo Domingo,NA,102,Residencial,NA,FALSE,FALSE,FALSE,FALSE,FALSE,FALSE,TRUE,FALSE,FALSE,83760.68376068377
2022-01-24,/apartamentos-venta-alma-rosa-i/1265427/,2,3.5,3,US$,260000,Mr. Home Asesores Inmobiliarios,Alma Rosa I, Santo Domingo Este, Santo Domingo,NA,220,Residencial,NA,TRUE,TRUE,TRUE,TRUE,TRUE,TRUE,TRUE,FALSE,TRUE,260000
2022-01-24,/apartamentos-venta-alma-rosa-i/1268055/,2,2.5,3,US$,204100,Seekers Inmobiliaria,Alma Rosa I, Santo Domingo Este, Santo Domingo,En Construcción,160,Residencial,NA,TRUE,TRUE,TRUE,FALSE,FALSE,TRUE,TRUE,FALSE,FALSE,204100
2022-01-24,/apartamentos-venta-autopista-san-isidro/1264425/,1,2,3,US$,115000,Mr. Home Asesores Inmobiliarios,Autopista San Isidro, Santo Domingo Este, Santo Domingo,NA,96,Residencial,NA,FALSE,FALSE,FALSE,TRUE,FALSE,FALSE,TRUE,FALSE,FALSE,115000
2022-01-24,/apartamentos-venta-alma-rosa-i/1243000/,2,3.5,3,US$,198000,Mr. Home Asesores Inmobiliarios,Alma Rosa I, Santo Domingo Este, Santo Domingo,NA,177,Residencial,NA,TRUE,TRUE,FALSE,TRUE,FALSE,TRUE,TRUE,FALSE,TRUE,198000
2022-01-24,/apartamentos-venta-alma-rosa-i/1268021/,2,3.5,3,US$,230000,Probrokers Inmobiliaria Inprob S.R.L,Alma Rosa I, Santo Domingo Este, Santo Domingo,Nueva,208,Residencial,NA,FALSE,TRUE,FALSE,FALSE,FALSE,FALSE,TRUE,FALSE,TRUE,230000
2022-01-24,/apartamentos-venta-alma-rosa-i/1268016/,2,3,3,US$,140000,Probrokers Inmobiliaria Inprob S.R.L,Alma Rosa I, Santo Domingo Este, Santo Domingo,Nueva,239,Residencial,3,TRUE,TRUE,FALSE,FALSE,FALSE,FALSE,FALSE,TRUE,FALSE,140000
2022-01-24,/apartamentos-venta-alma-rosa-i/1253114/,2,3.5,3,US$,193980,CityMax Santo Domingo,Alma Rosa I, Santo Domingo Este, Santo Domingo,En Construcción,183,Residencial,3,TRUE,TRUE,FALSE,FALSE,FALSE,TRUE,TRUE,FALSE,TRUE,193980
2022-01-24,/apartamentos-venta-alma-rosa-i/1253115/,2,2.5,3,US$,118085,CityMax Santo Domingo,Alma Rosa I, Santo Domingo Este, Santo Domingo,En Construcción,113,Residencial,3,TRUE,FALSE,FALSE,FALSE,FALSE,FALSE,TRUE,FALSE,FALSE,118085
2022-01-24,/apartamentos-venta-alma-rosa-i/1253378/,1,2,2,US$,99275,CityMax Santo Domingo,Alma Rosa I, Santo Domingo Este, Santo Domingo,En Construcción,95,Residencial,3,FALSE,FALSE,FALSE,FALSE,FALSE,FALSE,TRUE,FALSE,FALSE,99275
2022-01-24,/apartamentos-venta-alma-rosa-ll/1267584/,2,2.5,3,US$,140000,CityMax Santo Domingo,Alma Rosa ll, Santo Domingo Este, Santo Domingo,Nueva,135,Residencial,2,FALSE,FALSE,FALSE,FALSE,FALSE,FALSE,TRUE,FALSE,FALSE,140000
2022-01-24,/apartamentos-venta-prado-oriental/1257856/,2,2,3,US$,109800,Inverfisa,Prado Oriental, Santo Domingo Este, Santo Domingo,En Planos,118,Residencial,NA,FALSE,FALSE,FALSE,FALSE,FALSE,TRUE,TRUE,FALSE,FALSE,109800
2022-01-24,/apartamentos-venta-alma-rosa-i/1263397/,3,5,4,US$,530000,Techo Lindo,Alma Rosa I, Santo Domingo Este, Santo Domingo,Nueva,407,Residencial,19,FALSE,TRUE,FALSE,FALSE,TRUE,TRUE,TRUE,TRUE,TRUE,530000
2022-01-24,/apartamentos-venta-ozama/1266620/,2,2.5,2,RD$,8000000,Techo Lindo,Ozama, Santo Domingo Este, Santo Domingo,Segundo Uso,115,Residencial,7,TRUE,TRUE,FALSE,FALSE,FALSE,FALSE,FALSE,FALSE,TRUE,136752.13675213675
2022-01-24,/apartamentos-venta-alma-rosa/1186720/,2,3.5,3,RD$,200000,Techo Lindo,Alma Rosa, Santo Domingo Este, Santo Domingo,En Construcción,183,Residencial,NA,TRUE,TRUE,FALSE,FALSE,FALSE,FALSE,TRUE,FALSE,TRUE,3418.803418803419
2022-01-24,/apartamentos-venta-alma-rosa-i/1262266/,NA,3.5,3,RD$,10200000,Techo Lindo,Alma Rosa I, Santo Domingo Este, Santo Domingo,Nueva,160,Residencial,NA,FALSE,TRUE,FALSE,FALSE,FALSE,FALSE,TRUE,FALSE,FALSE,174358.97435897434
2022-01-24,/apartamentos-venta-alma-rosa-i/1254140/,2,3.5,3,US$,285000,Techo Lindo,Alma Rosa I, Santo Domingo Este, Santo Domingo,Nueva,285,Residencial,2,FALSE,TRUE,FALSE,FALSE,TRUE,TRUE,TRUE,FALSE,TRUE,285000
2022-01-24,/apartamentos-venta-alma-rosa-i/1239635/,2,3.5,3,US$,230000,Techo Lindo,Alma Rosa I, Santo Domingo Este, Santo Domingo,Nueva,208,Residencial,3,TRUE,TRUE,FALSE,TRUE,FALSE,TRUE,TRUE,FALSE,TRUE,230000
2022-01-24,/apartamentos-venta-alma-rosa-i/1267922/,2,3,3,RD$,10400000,Probrokers Inmobiliaria Inprob S.R.L,Alma Rosa I, Santo Domingo Este, Santo Domingo,Nueva,160,Residencial,3,TRUE,TRUE,FALSE,FALSE,FALSE,FALSE,TRUE,FALSE,TRUE,177777.77777777778
2022-01-24,/apartamentos-venta-autopista-las-americas/1267913/,1,2.5,3,RD$,3450000,"Ingeniería Asociada INGASA, SRL",Autopista Las Americas, Santo Domingo Este, Santo Domingo,En Planos,88,Residencial,1,FALSE,FALSE,FALSE,FALSE,FALSE,FALSE,FALSE,FALSE,FALSE,58974.35897435898
2022-01-24,/apartamentos-venta-alma-rosa-i/1239345/,2,3.5,3,US$,188000,HouseLink,Alma Rosa I, Santo Domingo Este, Santo Domingo,Nueva,171,Residencial,3,TRUE,TRUE,FALSE,TRUE,TRUE,TRUE,TRUE,FALSE,TRUE,188000
2022-01-24,/apartamentos-venta-ozama/1267886/,1,2.5,3,RD$,8500000,Plusval Puente Azul,Ozama, Santo Domingo Este, Santo Domingo,Nueva,147,Residencial,NA,TRUE,TRUE,FALSE,FALSE,FALSE,FALSE,TRUE,FALSE,FALSE,145299.1452991453
2022-01-24,/apartamentos-venta-autopista-san-isidro/1250817/,2,2,3,US$,110000,Centro Juridico Dra. Angela Rojas,Autopista San Isidro, Santo Domingo Este, Santo Domingo,Nueva,NA,Residencial,NA,FALSE,FALSE,FALSE,FALSE,TRUE,FALSE,FALSE,FALSE,FALSE,110000
2022-01-24,/apartamentos-venta-autopista-las-americas/1251928/,1,2,3,RD$,4450000,Centro Juridico Dra. Angela Rojas,Autopista Las Americas, Santo Domingo Este, Santo Domingo,Nueva,101,Residencial,NA,FALSE,FALSE,FALSE,FALSE,FALSE,FALSE,TRUE,FALSE,FALSE,76068.37606837606
2022-01-24,/apartamentos-venta-autopista-las-americas/1251726/,2,2,3,US$,52000,Centro Juridico Dra. Angela Rojas,Autopista Las Americas, Santo Domingo Este, Santo Domingo,Nueva,90,Residencial,NA,FALSE,FALSE,FALSE,FALSE,TRUE,FALSE,TRUE,FALSE,FALSE,52000
2022-01-24,/apartamentos-venta-arismar/1267546/,1,2,3,US$,104950,Centro Juridico Dra. Angela Rojas,Arismar , Santo Domingo Este, Santo Domingo,En Construcción,105,Residencial,NA,FALSE,FALSE,FALSE,FALSE,TRUE,FALSE,TRUE,FALSE,FALSE,104950
2022-01-24,/apartamentos-venta-charles-de-gaulle/1267219/,1,2.5,3,RD$,4200000,Centro Juridico Dra. Angela Rojas,Charles de Gaulle, Santo Domingo Este, Santo Domingo,Segundo Uso,140,Residencial,3,FALSE,FALSE,FALSE,FALSE,FALSE,FALSE,FALSE,FALSE,FALSE,71794.8717948718
2022-01-24,/apartamentos-venta-autopista-las-americas/1266613/,2,2,3,US$,59000,Centro Juridico Dra. Angela Rojas,Autopista Las Americas, Santo Domingo Este, Santo Domingo,Nueva,100,Residencial,NA,TRUE,FALSE,TRUE,TRUE,TRUE,TRUE,TRUE,TRUE,TRUE,59000
2022-01-24,/apartamentos-venta-autopista-las-americas/1266669/,2,2,3,US$,59000,Habitame Inmobiliaria,Autopista Las Americas, Santo Domingo Este, Santo Domingo,En Planos,90,Residencial,NA,FALSE,FALSE,FALSE,FALSE,FALSE,FALSE,FALSE,FALSE,FALSE,59000
2022-01-24,/apartamentos-venta-autopista-san-isidro/1265651/,1,2,3,RD$,3125000,Time Homes Inmobiliaria,Autopista San Isidro, Santo Domingo Este, Santo Domingo,En Construcción,NA,Residencial,NA,FALSE,FALSE,FALSE,FALSE,FALSE,FALSE,TRUE,FALSE,FALSE,53418.80341880342
2022-01-24,/apartamentos-venta-los-frailes-l/1267724/,1,2,3,US$,75000,Centro Juridico Dra. Angela Rojas,Los Frailes l, Santo Domingo Este, Santo Domingo,Nueva,100,Residencial,4,FALSE,FALSE,FALSE,FALSE,TRUE,FALSE,TRUE,FALSE,FALSE,75000
2022-01-24,/apartamentos-venta-los-frailes-l/1267726/,1,1,2,RD$,3550000,Centro Juridico Dra. Angela Rojas,Los Frailes l, Santo Domingo Este, Santo Domingo,Nueva,NA,Residencial,4,FALSE,FALSE,FALSE,FALSE,TRUE,FALSE,TRUE,FALSE,FALSE,60683.76068376069
2022-01-24,/apartamentos-venta-cansino/1267178/,1,2,3,RD$,3647750,Wendy Gómez,Cansino, Santo Domingo Este, Santo Domingo,En Construcción,85,Residencial,2,FALSE,FALSE,FALSE,FALSE,FALSE,FALSE,FALSE,FALSE,FALSE,62354.70085470085
2022-01-24,/apartamentos-venta-alma-rosa-i/1249971/,2,3.5,3,US$,173850,Seekers Inmobiliaria,Alma Rosa I, Santo Domingo Este, Santo Domingo,En Construcción,185,Residencial,3,TRUE,TRUE,TRUE,TRUE,TRUE,TRUE,TRUE,FALSE,TRUE,173850
2022-01-24,/apartamentos-venta-alma-rosa-i/1255692/,2,3,3,US$,260000,Seekers Inmobiliaria,Alma Rosa I, Santo Domingo Este, Santo Domingo,En Construcción,205,Residencial,6,TRUE,TRUE,FALSE,TRUE,TRUE,TRUE,TRUE,FALSE,FALSE,260000
2022-01-24,/apartamentos-venta-alma-rosa-i/1255682/,2,2.5,2,US$,180000,Seekers Inmobiliaria,Alma Rosa I, Santo Domingo Este, Santo Domingo,En Construcción,170,Residencial,NA,TRUE,TRUE,FALSE,FALSE,TRUE,TRUE,TRUE,FALSE,TRUE,180000
2022-01-24,/apartamentos-venta-alma-rosa-i/1255649/,2,3.5,3,US$,320000,Seekers Inmobiliaria,Alma Rosa I, Santo Domingo Este, Santo Domingo,En Construcción,224,Residencial,NA,TRUE,TRUE,TRUE,FALSE,TRUE,TRUE,TRUE,FALSE,TRUE,320000
2022-01-24,/apartamentos-venta-santo-domingo-este/1266708/,1,1.5,1,RD$,2621430,Seekers Inmobiliaria,NA,Santo Domingo Este, Santo Domingo,En Construcción,44,Residencial,NA,TRUE,FALSE,FALSE,FALSE,TRUE,TRUE,TRUE,FALSE,TRUE,44810.769230769234
2022-01-24,/apartamentos-venta-autopista-san-isidro/1267538/,1,NA,3,US$,112000,Plusval Puente Azul,Autopista San Isidro, Santo Domingo Este, Santo Domingo,En Construcción,NA,Residencial,2,TRUE,TRUE,FALSE,FALSE,TRUE,TRUE,FALSE,FALSE,FALSE,112000
2022-01-24,/apartamentos-venta-zona-oriental/1257362/,2,2,2,RD$,6996000,Remax Blu,Zona Oriental, Santo Domingo Este, Santo Domingo,Nueva,96,Residencial,NA,FALSE,FALSE,FALSE,FALSE,FALSE,FALSE,FALSE,FALSE,FALSE,119589.7435897436
2022-01-24,/apartamentos-venta-la-caleta/1266551/,1,2,3,US$,59000,Remax Blu,La Caleta, Santo Domingo Este, Santo Domingo,Nueva,125,Residencial,1,TRUE,FALSE,FALSE,TRUE,TRUE,FALSE,TRUE,FALSE,TRUE,59000
2022-01-24,/apartamentos-venta-las-americas/1267425/,2,2,3,US$,59000,Plusval Puente Azul,Las Americas, Santo Domingo Este, Santo Domingo,En Construcción,90,Residencial,NA,FALSE,FALSE,FALSE,FALSE,FALSE,FALSE,TRUE,FALSE,FALSE,59000
2022-01-24,/apartamentos-venta-ozama/1267409/,1,2.5,2,RD$,7900000,Remax Blu,Ozama, Santo Domingo Este, Santo Domingo,Nueva,115,Residencial,7,TRUE,TRUE,FALSE,FALSE,FALSE,FALSE,TRUE,FALSE,TRUE,135042.73504273503
2022-01-24,/apartamentos-venta-alma-rosa-i/1267404/,2,3.5,3,RD$,10000000,Remax Blu,Alma Rosa I, Santo Domingo Este, Santo Domingo,Nueva,160,Residencial,NA,TRUE,TRUE,FALSE,FALSE,FALSE,FALSE,TRUE,FALSE,TRUE,170940.17094017094
2022-01-24,/apartamentos-venta-autopista-san-isidro/1267381/,1,2,3,RD$,3825000,Plusval Puente Azul,Autopista San Isidro, Santo Domingo Este, Santo Domingo,En Planos,80,Mixto,NA,TRUE,FALSE,FALSE,TRUE,TRUE,TRUE,TRUE,FALSE,TRUE,65384.61538461538
2022-01-24,/apartamentos-venta-autopista-san-isidro/1267375/,1,2.5,3,US$,110000,Plusval Puente Azul,Autopista San Isidro, Santo Domingo Este, Santo Domingo,En Planos,92,Mixto,NA,FALSE,FALSE,FALSE,TRUE,TRUE,FALSE,TRUE,FALSE,FALSE,110000
2022-01-24,/apartamentos-venta-las-americas/1267373/,2,2,3,US$,59000,Plusval Puente Azul,Las Americas, Santo Domingo Este, Santo Domingo,En Construcción,90,Residencial,NA,FALSE,FALSE,FALSE,FALSE,FALSE,FALSE,TRUE,FALSE,FALSE,59000
2022-01-24,/apartamentos-venta-autopista-san-isidro/1267365/,1,2,3,US$,59000,Plusval Puente Azul,Autopista San Isidro, Santo Domingo Este, Santo Domingo,En Planos,90,Mixto,NA,TRUE,FALSE,FALSE,TRUE,TRUE,TRUE,TRUE,FALSE,TRUE,59000
2022-01-24,/apartamentos-venta-la-urena/1267362/,1,2,3,US$,59000,Plusval Puente Azul,La Ureña, Santo Domingo Este, Santo Domingo,En Planos,90,Mixto,NA,TRUE,FALSE,FALSE,TRUE,TRUE,TRUE,TRUE,FALSE,TRUE,59000
2022-01-24,/apartamentos-venta-alma-rosa-i/1267361/,2,3.5,3,US$,224462,Seekers Inmobiliaria,Alma Rosa I, Santo Domingo Este, Santo Domingo,Nueva,133,Residencial,NA,TRUE,TRUE,TRUE,FALSE,FALSE,TRUE,TRUE,TRUE,TRUE,224462
2022-01-24,/apartamentos-venta-alma-rosa/1262718/,NA,3.5,3,US$,196000,Plusval Puente Azul,Alma Rosa, Santo Domingo Este, Santo Domingo,En Planos,154,Residencial,NA,TRUE,TRUE,FALSE,FALSE,TRUE,TRUE,TRUE,FALSE,TRUE,196000
2022-01-24,/apartamentos-venta-alma-rosa-i/1267332/,2,3,2,US$,1880000,Probrokers Inmobiliaria Inprob S.R.L,Alma Rosa I, Santo Domingo Este, Santo Domingo,Segundo Uso,171,Residencial,3,TRUE,TRUE,FALSE,FALSE,TRUE,TRUE,TRUE,FALSE,TRUE,1880000
2022-01-24,/apartamentos-venta-autopista-san-isidro/1259827/,1,1,2,RD$,2850000,Inverfisa,Autopista San Isidro, Santo Domingo Este, Santo Domingo,En Planos,62,Residencial,NA,FALSE,FALSE,FALSE,FALSE,FALSE,FALSE,TRUE,FALSE,FALSE,48717.94871794872
2022-01-24,/apartamentos-venta-autopista-las-americas/1267267/,2,2,3,US$,59000,Plusval Puente Azul,Autopista Las Americas, Santo Domingo Este, Santo Domingo,En Planos,90,Residencial,NA,FALSE,FALSE,FALSE,TRUE,TRUE,FALSE,TRUE,FALSE,TRUE,59000
2022-01-24,/apartamentos-venta-autopista-san-isidro/1267258/,1,2,3,RD$,3500000,MADELINE BLANCHET,Autopista San Isidro, Santo Domingo Este, Santo Domingo,Segundo Uso,101,Residencial,3,FALSE,FALSE,FALSE,FALSE,FALSE,FALSE,TRUE,FALSE,FALSE,59829.05982905983
2022-01-24,/apartamentos-venta-santo-domingo-este/1251735/,1,2,3,US$,56410,Techo Lindo,NA,Santo Domingo Este, Santo Domingo,Nueva,NA,Residencial,NA,FALSE,FALSE,FALSE,FALSE,FALSE,FALSE,FALSE,FALSE,FALSE,56410
2022-01-24,/apartamentos-venta-alma-rosa-i/1263250/,2,3.5,3,US$,169500,Techo Lindo,Alma Rosa I, Santo Domingo Este, Santo Domingo,Nueva,145,Residencial,NA,TRUE,TRUE,TRUE,TRUE,TRUE,TRUE,TRUE,TRUE,TRUE,169500
2022-01-24,/apartamentos-venta-alma-rosa-i/1247565/,2,2.5,3,US$,162702,Megacasa RD,Alma Rosa I, Santo Domingo Este, Santo Domingo,Nueva,133,Residencial,1,TRUE,TRUE,TRUE,FALSE,TRUE,TRUE,TRUE,FALSE,TRUE,162702
2022-01-24,/apartamentos-venta-alma-rosa-i/1263087/,1,2.5,3,US$,165750,Techo Lindo,Alma Rosa I, Santo Domingo Este, Santo Domingo,Nueva,NA,Residencial,NA,FALSE,TRUE,TRUE,FALSE,TRUE,TRUE,TRUE,FALSE,TRUE,165750
2022-01-24,/apartamentos-venta-el-paraiso/1230105/,2,3.5,3,US$,199895,Paez Luxury Real Estate ,El Paraiso, Santo Domingo Este, Santo Domingo,Nueva,150,Residencial,7,TRUE,TRUE,FALSE,FALSE,FALSE,TRUE,TRUE,FALSE,FALSE,199895
2022-01-24,/apartamentos-venta-santo-domingo-este/1267103/,2,3,3,US$,84500,Seekers Inmobiliaria,NA,Santo Domingo Este, Santo Domingo,Nueva,NA,Residencial,NA,TRUE,FALSE,TRUE,FALSE,TRUE,FALSE,FALSE,FALSE,FALSE,84500
2022-01-24,/apartamentos-venta-alma-rosa/1267054/,NA,3.5,3,US$,102000,Plusval Puente Azul,Alma Rosa, Santo Domingo Este, Santo Domingo,En Construcción,NA,Mixto,NA,TRUE,TRUE,TRUE,TRUE,TRUE,TRUE,TRUE,FALSE,TRUE,102000
2022-01-24,/apartamentos-venta-alma-rosa/1267053/,2,2,3,US$,105000,Plusval Puente Azul,Alma Rosa, Santo Domingo Este, Santo Domingo,En Construcción,107,Mixto,NA,TRUE,FALSE,FALSE,TRUE,TRUE,FALSE,TRUE,FALSE,FALSE,105000
2022-01-24,/apartamentos-venta-autopista-san-isidro/1266948/,1,2,3,RD$,3600000,Plusval Puente Azul,Autopista San Isidro, Santo Domingo Este, Santo Domingo,En Planos,80,Residencial,NA,TRUE,FALSE,TRUE,FALSE,TRUE,TRUE,TRUE,FALSE,FALSE,61538.46153846154
2022-01-24,/apartamentos-venta-alma-rosa-i/1267032/,1,2,3,US$,100000,Remax Blu,Alma Rosa I, Santo Domingo Este, Santo Domingo,Segundo Uso,124,Residencial,3,FALSE,FALSE,FALSE,TRUE,FALSE,FALSE,TRUE,FALSE,FALSE,100000
2022-01-24,/apartamentos-venta-lucerna/1267001/,2,2.5,3,RD$,5700000,Plusval Puente Azul,Lucerna, Santo Domingo Este, Santo Domingo,Nueva,107,Residencial,NA,FALSE,FALSE,FALSE,FALSE,TRUE,FALSE,FALSE,FALSE,FALSE,97435.89743589744
2022-01-24,/apartamentos-venta-prado-oriental/1253293/,2,3.5,3,US$,122360,CityMax Santo Domingo,Prado Oriental, Santo Domingo Este, Santo Domingo,En Planos,122,Residencial,1,FALSE,FALSE,FALSE,FALSE,FALSE,FALSE,TRUE,TRUE,FALSE,122360
2022-01-24,/apartamentos-venta-alma-rosa-i/1253277/,2,4,3,US$,162705,CityMax Santo Domingo,Alma Rosa I, Santo Domingo Este, Santo Domingo,En Construcción,143,Residencial,7,FALSE,FALSE,FALSE,FALSE,FALSE,FALSE,FALSE,FALSE,FALSE,162705
2022-01-24,/apartamentos-venta-ozama/1253269/,2,2.5,3,US$,189200,CityMax Santo Domingo,Ozama, Santo Domingo Este, Santo Domingo,En Construcción,172,Residencial,6,FALSE,TRUE,FALSE,FALSE,FALSE,TRUE,TRUE,FALSE,TRUE,189200
2022-01-24,/apartamentos-venta-autopista-las-americas/1265897/,2,2,3,US$,74500,Property Inmobiliaria,Autopista Las Americas, Santo Domingo Este, Santo Domingo,En Planos,90,Residencial,1,FALSE,FALSE,FALSE,FALSE,FALSE,FALSE,FALSE,FALSE,FALSE,74500
2022-01-24,/apartamentos-venta-valiente/1266841/,1,2,3,US$,59000,Plusval Puente Azul,Valiente, Santo Domingo Este, Santo Domingo,En Construcción,90,Residencial,3,FALSE,FALSE,FALSE,FALSE,FALSE,FALSE,TRUE,FALSE,FALSE,59000
2022-01-24,/apartamentos-venta-prado-oriental/1253107/,2,3.5,3,US$,170000,CityMax Santo Domingo,Prado Oriental, Santo Domingo Este, Santo Domingo,En Construcción,300,Residencial,2,TRUE,FALSE,FALSE,FALSE,FALSE,FALSE,TRUE,TRUE,TRUE,170000
2022-01-24,/apartamentos-venta-los-tres-ojos/1266794/,2,2.5,2,US$,84280,Seekers Inmobiliaria,Los Tres Ojos, Santo Domingo Este, Santo Domingo,En Construcción,95,Residencial,NA,TRUE,TRUE,TRUE,FALSE,TRUE,FALSE,TRUE,TRUE,TRUE,84280
2022-01-24,/apartamentos-venta-alma-rosa-i/1266775/,2,3.5,3,US$,230000,Probrokers Inmobiliaria Inprob S.R.L,Alma Rosa I, Santo Domingo Este, Santo Domingo,Nueva,208,Residencial,5,TRUE,TRUE,FALSE,FALSE,FALSE,TRUE,TRUE,FALSE,TRUE,230000
2022-01-24,/apartamentos-venta-alma-rosa-i/1266773/,2,3.5,3,US$,188000,Probrokers Inmobiliaria Inprob S.R.L,Alma Rosa I, Santo Domingo Este, Santo Domingo,Nueva,NA,Residencial,NA,TRUE,TRUE,FALSE,TRUE,TRUE,TRUE,TRUE,FALSE,TRUE,188000
2022-01-24,/apartamentos-venta-alma-rosa-i/1266755/,2,2,2,US$,102,Plusval Puente Azul,Alma Rosa I, Santo Domingo Este, Santo Domingo,En Construcción,134,Residencial,NA,FALSE,FALSE,FALSE,FALSE,FALSE,FALSE,TRUE,FALSE,FALSE,102
2022-01-24,/apartamentos-venta-alma-rosa-i/1266132/,NA,NA,NA,US$,165750,Centro Juridico Dra. Angela Rojas,Alma Rosa I, Santo Domingo Este, Santo Domingo,Nueva,NA,Residencial,NA,TRUE,FALSE,FALSE,FALSE,TRUE,TRUE,FALSE,FALSE,TRUE,165750
2022-01-24,/apartamentos-venta-prado-oriental/1258641/,1,1.5,2,US$,80702,Centro Juridico Dra. Angela Rojas,Prado Oriental, Santo Domingo Este, Santo Domingo,Nueva,80,Residencial,4,FALSE,TRUE,FALSE,FALSE,TRUE,TRUE,TRUE,FALSE,FALSE,80702
2022-01-24,/apartamentos-venta-alma-rosa-i/1243477/,2,2,3,US$,127500,Centro Juridico Dra. Angela Rojas,Alma Rosa I, Santo Domingo Este, Santo Domingo,Nueva,132,Residencial,NA,FALSE,TRUE,FALSE,TRUE,TRUE,TRUE,TRUE,FALSE,TRUE,127500
2022-01-24,/apartamentos-venta-prado-oriental/1266612/,2,NA,3,US$,115000,Centro Juridico Dra. Angela Rojas,Prado Oriental, Santo Domingo Este, Santo Domingo,Nueva,115,Residencial,NA,FALSE,FALSE,FALSE,FALSE,TRUE,FALSE,TRUE,FALSE,FALSE,115000
2022-01-24,/apartamentos-venta-alma-rosa-i/1246360/,2,2.5,3,US$,147833,Premium Real Estate,Alma Rosa I, Santo Domingo Este, Santo Domingo,En Planos,106,Residencial,NA,TRUE,TRUE,TRUE,TRUE,TRUE,TRUE,TRUE,FALSE,TRUE,147833
2022-01-24,/apartamentos-venta-alma-rosa-i/1246356/,1,2.5,2,US$,121126,Premium Real Estate,Alma Rosa I, Santo Domingo Este, Santo Domingo,En Planos,72,Residencial,NA,TRUE,TRUE,TRUE,TRUE,TRUE,TRUE,TRUE,FALSE,TRUE,121126
2022-01-24,/apartamentos-venta-ozama/1257569/,2,3.5,3,US$,223975,Inverfisa,Ozama, Santo Domingo Este, Santo Domingo,En Planos,169,Comercial,11,TRUE,TRUE,TRUE,FALSE,TRUE,TRUE,TRUE,TRUE,TRUE,223975
2022-01-24,/apartamentos-venta-santo-domingo-este/1258770/,1,1.5,1,US$,76256,Inmobiliaria Grupal,NA,Santo Domingo Este, Santo Domingo,En Construcción,NA,Residencial,NA,TRUE,TRUE,FALSE,FALSE,FALSE,TRUE,TRUE,TRUE,FALSE,76256
2022-01-24,/apartamentos-venta-santo-domingo-este/1266505/,1,1,1,RD$,2621430,Seekers Inmobiliaria,NA,Santo Domingo Este, Santo Domingo,En Construcción,44,Residencial,3,TRUE,FALSE,FALSE,TRUE,TRUE,FALSE,TRUE,FALSE,TRUE,44810.769230769234
2022-01-24,/apartamentos-venta-el-paraiso/1266065/,2,3.5,4,US$,300000,INMOBLIAM,El Paraiso, Santo Domingo Este, Santo Domingo,Segundo Uso,276,Residencial,NA,TRUE,TRUE,FALSE,TRUE,TRUE,TRUE,TRUE,FALSE,FALSE,300000
2022-01-24,/apartamentos-venta-alma-rosa-i/1266456/,2,2,3,US$,188500,Plusval Puente Azul,Alma Rosa I, Santo Domingo Este, Santo Domingo,En Planos,133,N/D,5,TRUE,TRUE,FALSE,FALSE,FALSE,FALSE,FALSE,FALSE,FALSE,188500
2022-01-24,/apartamentos-venta-los-corales-del-sur/1266433/,2,2.5,3,RD$,6200000,Plusval Puente Azul,Los Corales del Sur, Santo Domingo Este, Santo Domingo,En Planos,98,Residencial,5,TRUE,TRUE,FALSE,FALSE,FALSE,TRUE,TRUE,FALSE,FALSE,105982.90598290598
2022-01-24,/apartamentos-venta-alma-rosa-i/1266403/,2,3.5,3,US$,165750,Seekers Inmobiliaria,Alma Rosa I, Santo Domingo Este, Santo Domingo,Nueva,160,Residencial,NA,TRUE,TRUE,TRUE,FALSE,TRUE,TRUE,TRUE,FALSE,FALSE,165750
2022-01-24,/apartamentos-venta-alma-rosa-i/1266389/,2,2,3,US$,165750,Seekers Inmobiliaria,Alma Rosa I, Santo Domingo Este, Santo Domingo,En Construcción,130,Residencial,NA,FALSE,TRUE,TRUE,FALSE,FALSE,TRUE,TRUE,FALSE,TRUE,165750
2022-01-24,/apartamentos-venta-zona-oriental/1265816/,1,2,3,US$,62500,Property Inmobiliaria,Zona Oriental, Santo Domingo Este, Santo Domingo,En Construcción,90,N/D,NA,FALSE,FALSE,FALSE,FALSE,FALSE,FALSE,TRUE,FALSE,TRUE,62500
2022-01-24,/apartamentos-venta-zona-oriental/1265883/,1,2,3,US$,59000,Property Inmobiliaria,Zona Oriental, Santo Domingo Este, Santo Domingo,En Construcción,90,Residencial,NA,FALSE,FALSE,FALSE,FALSE,FALSE,FALSE,TRUE,FALSE,TRUE,59000
2022-01-24,/apartamentos-venta-zona-oriental/1265891/,2,2,3,US$,74500,Property Inmobiliaria,Zona Oriental, Santo Domingo Este, Santo Domingo,En Construcción,90,Residencial,NA,FALSE,FALSE,FALSE,FALSE,TRUE,FALSE,FALSE,FALSE,TRUE,74500
2022-01-24,/apartamentos-venta-zona-oriental/1265898/,2,2,3,US$,84500,Property Inmobiliaria,Zona Oriental, Santo Domingo Este, Santo Domingo,En Construcción,139,Residencial,NA,FALSE,FALSE,FALSE,FALSE,TRUE,FALSE,FALSE,FALSE,TRUE,84500
2022-01-24,/apartamentos-venta-zona-oriental/1265900/,1,2,3,US$,59000,Property Inmobiliaria,Zona Oriental, Santo Domingo Este, Santo Domingo,En Construcción,90,Residencial,NA,FALSE,FALSE,FALSE,FALSE,FALSE,FALSE,FALSE,FALSE,TRUE,59000
2022-01-24,/apartamentos-venta-zona-oriental/1265903/,2,2,3,US$,84500,Property Inmobiliaria,Zona Oriental, Santo Domingo Este, Santo Domingo,En Construcción,139,Residencial,NA,FALSE,FALSE,FALSE,FALSE,TRUE,FALSE,FALSE,FALSE,TRUE,84500
2022-01-24,/apartamentos-venta-zona-oriental/1265905/,2,2,3,US$,84500,Property Inmobiliaria,Zona Oriental, Santo Domingo Este, Santo Domingo,En Construcción,139,Residencial,NA,FALSE,FALSE,FALSE,FALSE,TRUE,FALSE,FALSE,FALSE,TRUE,84500
2022-01-24,/apartamentos-venta-alma-rosa-i/1266250/,2,2.5,3,US$,258000,Probrokers Inmobiliaria Inprob S.R.L,Alma Rosa I, Santo Domingo Este, Santo Domingo,Nueva,180,Residencial,NA,FALSE,FALSE,FALSE,FALSE,FALSE,TRUE,FALSE,FALSE,FALSE,258000
2022-01-24,/apartamentos-venta-lucerna/1266246/,1,2.5,3,RD$,5700000,Probrokers Inmobiliaria Inprob S.R.L,Lucerna, Santo Domingo Este, Santo Domingo,En Construcción,125,Residencial,3,FALSE,FALSE,FALSE,FALSE,FALSE,FALSE,FALSE,FALSE,FALSE,97435.89743589744
2022-01-24,/apartamentos-venta-mirador-del-este/1266240/,2,3,3,US$,125000,Probrokers Inmobiliaria Inprob S.R.L,Mirador del Este, Santo Domingo Este, Santo Domingo,Nueva,148,Residencial,4,FALSE,FALSE,FALSE,FALSE,TRUE,TRUE,TRUE,FALSE,FALSE,125000
2022-01-24,/apartamentos-venta-alma-rosa/1266028/,1,2,2,US$,92000,Megacasa RD,Alma Rosa, Santo Domingo Este, Santo Domingo,Nueva,87,Residencial,NA,TRUE,FALSE,FALSE,TRUE,FALSE,TRUE,TRUE,FALSE,FALSE,92000
2022-01-24,/apartamentos-venta-alma-rosa/1265390/,2,2,3,US$,107000,Plusval Puente Azul,Alma Rosa, Santo Domingo Este, Santo Domingo,En Construcción,107,Residencial,NA,TRUE,FALSE,FALSE,TRUE,FALSE,FALSE,TRUE,FALSE,FALSE,107000
2022-01-24,/apartamentos-venta-autopista-las-americas/1260724/,NA,2,3,US$,68000,Inverfisa,Autopista Las Americas, Santo Domingo Este, Santo Domingo,En Planos,90,Residencial,NA,FALSE,FALSE,FALSE,FALSE,FALSE,FALSE,TRUE,FALSE,FALSE,68000
2022-01-24,/apartamentos-venta-alma-rosa-i/1265382/,2,3.5,3,US$,125000,Techo Lindo,Alma Rosa I, Santo Domingo Este, Santo Domingo,Segundo Uso,226,Residencial,5,FALSE,FALSE,FALSE,FALSE,TRUE,FALSE,TRUE,FALSE,FALSE,125000
2022-01-24,/apartamentos-venta-prado-oriental/1263383/,2,3.5,3,US$,122360,Inverfisa,Prado Oriental, Santo Domingo Este, Santo Domingo,En Planos,122,Residencial,NA,FALSE,FALSE,FALSE,FALSE,TRUE,FALSE,TRUE,TRUE,FALSE,122360
2022-01-24,/apartamentos-venta-av--ecologica/1262304/,NA,2,3,RD$,4300000,Centro Juridico Dra. Angela Rojas,Av. Ecológica, Santo Domingo Este, Santo Domingo,Nueva,86,Residencial,NA,FALSE,FALSE,FALSE,FALSE,FALSE,FALSE,FALSE,FALSE,FALSE,73504.2735042735
2022-01-24,/apartamentos-venta-alma-rosa-i/1264701/,2,3.5,3,US$,131250,Plusval Puente Azul,Alma Rosa I, Santo Domingo Este, Santo Domingo,En Planos,105,Residencial,NA,TRUE,TRUE,TRUE,FALSE,FALSE,TRUE,TRUE,FALSE,TRUE,131250
2022-01-24,/apartamentos-venta-alma-rosa-i/1264558/,2,2.5,3,US$,258000,Plusval Puente Azul,Alma Rosa I, Santo Domingo Este, Santo Domingo,Nueva,180,Residencial,NA,TRUE,TRUE,FALSE,FALSE,TRUE,TRUE,TRUE,FALSE,TRUE,258000
2022-01-24,/apartamentos-venta-alma-rosa-i/1264263/,2,2,2,US$,140000,Techo Lindo,Alma Rosa I, Santo Domingo Este, Santo Domingo,Segundo Uso,115,Residencial,2,FALSE,TRUE,FALSE,FALSE,FALSE,FALSE,TRUE,FALSE,FALSE,140000
2022-01-24,/apartamentos-venta-los-tres-ojos/1264254/,1,2.5,3,US$,91000,Plusval Puente Azul,Los Tres Ojos, Santo Domingo Este, Santo Domingo,Nueva,106,Residencial,4,FALSE,FALSE,FALSE,TRUE,FALSE,FALSE,TRUE,FALSE,FALSE,91000
2022-01-24,/apartamentos-venta-prado-oriental/1262337/,2,2,3,US$,135700,Inverfisa,Prado Oriental, Santo Domingo Este, Santo Domingo,En Construcción,222,Residencial,NA,FALSE,FALSE,FALSE,FALSE,TRUE,FALSE,TRUE,FALSE,FALSE,135700
2022-01-24,/apartamentos-venta-hainamosa/1263548/,2,2,3,RD$,3100000,Plusval Puente Azul,Hainamosa, Santo Domingo Este, Santo Domingo,En Construcción,114,Residencial,2,FALSE,FALSE,FALSE,FALSE,FALSE,FALSE,TRUE,FALSE,FALSE,52991.45299145299
2022-01-24,/apartamentos-venta-alma-rosa-i/1263364/,NA,3.5,4,US$,196350,Tu Casa RD,Alma Rosa I, Santo Domingo Este, Santo Domingo,Nueva,NA,Residencial,NA,TRUE,TRUE,TRUE,FALSE,TRUE,TRUE,TRUE,FALSE,TRUE,196350
2022-01-24,/apartamentos-venta-urb--narcisa-ii/1262839/,2,2.5,3,US$,96000,Plusval Puente Azul,Urb. Narcisa II, Santo Domingo Este, Santo Domingo,En Construcción,111,Residencial,2,FALSE,FALSE,FALSE,TRUE,FALSE,FALSE,TRUE,FALSE,FALSE,96000
2022-01-24,/apartamentos-venta-prados-de-lucerna/1262813/,2,2,3,US$,93157,Plusval Puente Azul,Prados de Lucerna, Santo Domingo Este, Santo Domingo,En Planos,118,Residencial,NA,FALSE,FALSE,FALSE,FALSE,TRUE,TRUE,TRUE,FALSE,FALSE,93157
2022-01-24,/apartamentos-venta-alma-rosa-i/1262687/,2,3,3,US$,163000,Plusval Puente Azul,Alma Rosa I, Santo Domingo Este, Santo Domingo,En Construcción,140,Residencial,NA,TRUE,TRUE,TRUE,TRUE,TRUE,TRUE,TRUE,FALSE,TRUE,163000
2022-01-24,/apartamentos-venta-alma-rosa-i/1262435/,2,2.5,3,US$,181716,Megacasa RD,Alma Rosa I, Santo Domingo Este, Santo Domingo,Nueva,158,Residencial,NA,TRUE,TRUE,FALSE,FALSE,TRUE,TRUE,TRUE,TRUE,TRUE,181716
2022-01-24,/apartamentos-venta-los-tres-ojos/1261794/,2,3.5,3,US$,110000,Megacasa RD,Los Tres Ojos, Santo Domingo Este, Santo Domingo,Nueva,120,Residencial,NA,TRUE,FALSE,FALSE,FALSE,FALSE,TRUE,TRUE,TRUE,TRUE,110000
2022-01-24,/apartamentos-venta-autopista-san-isidro/1261588/,2,2,3,RD$,6000000,Remax Metropolitana,Autopista San Isidro, Santo Domingo Este, Santo Domingo,Segundo Uso,156,Residencial,2,FALSE,FALSE,FALSE,FALSE,FALSE,FALSE,TRUE,FALSE,FALSE,102564.10256410256
2022-01-24,/apartamentos-venta-alma-rosa-ll/1261375/,1,2.5,3,RD$,5000000,Megacasa RD,Alma Rosa ll, Santo Domingo Este, Santo Domingo,Nueva,135,Residencial,4,TRUE,FALSE,FALSE,FALSE,FALSE,FALSE,TRUE,FALSE,FALSE,85470.08547008547
2022-01-24,/apartamentos-venta-alma-rosa-i/1261188/,2,3.5,3,US$,196350,Grupo Nin Inmobiliario,Alma Rosa I, Santo Domingo Este, Santo Domingo,En Construcción,154,Residencial,15,TRUE,TRUE,TRUE,FALSE,TRUE,TRUE,FALSE,FALSE,TRUE,196350
2022-01-24,/apartamentos-venta-ciudad-juan-bosh/1259869/,2,2,3,RD$,3300000,Remax Metropolitana,Ciudad Juan Bosh, Santo Domingo Este, Santo Domingo,Segundo Uso,83,Residencial,2,FALSE,FALSE,FALSE,FALSE,FALSE,FALSE,TRUE,FALSE,FALSE,56410.256410256414
2022-01-24,/apartamentos-venta-alma-rosa-i/1260758/,2,2.5,3,RD$,6800000,Tu Casa RD,Alma Rosa I, Santo Domingo Este, Santo Domingo,Nueva,NA,Residencial,4,FALSE,FALSE,FALSE,FALSE,FALSE,FALSE,TRUE,FALSE,FALSE,116239.31623931623
2022-01-24,/apartamentos-venta-vista-hermosa/1256692/,1,2,2,RD$,5245000,Inverfisa,Vista Hermosa, Santo Domingo Este, Santo Domingo,En Planos,110,Residencial,NA,FALSE,TRUE,FALSE,FALSE,FALSE,FALSE,TRUE,FALSE,FALSE,89658.11965811966
2022-01-24,/apartamentos-venta-los-corales-del-sur/1259668/,1,2.5,3,RD$,4100000,Remax Metropolitana,Los Corales del Sur, Santo Domingo Este, Santo Domingo,Segundo Uso,111,Residencial,3,FALSE,FALSE,FALSE,FALSE,FALSE,FALSE,FALSE,FALSE,FALSE,70085.47008547008
2022-01-24,/apartamentos-venta-autopista-san-isidro/1255842/,2,2,3,RD$,5500000,Tu Casa RD,Autopista San Isidro, Santo Domingo Este, Santo Domingo,Nueva,NA,Residencial,9,TRUE,TRUE,FALSE,FALSE,FALSE,FALSE,TRUE,FALSE,FALSE,94017.09401709402
2022-01-24,/apartamentos-venta-autopista-san-isidro/1238810/,NA,NA,3,US$,73000,Tu Casa RD,Autopista San Isidro, Santo Domingo Este, Santo Domingo,En Construcción,NA,Residencial,NA,FALSE,FALSE,FALSE,FALSE,FALSE,FALSE,TRUE,FALSE,TRUE,73000
2022-01-24,/apartamentos-venta-brisa-oriental/1257531/,1,2,3,US$,5300000,Tu Casa RD,Brisa Oriental, Santo Domingo Este, Santo Domingo,Nueva,113,Residencial,NA,TRUE,FALSE,FALSE,FALSE,FALSE,TRUE,TRUE,FALSE,FALSE,5300000
2022-01-24,/apartamentos-venta-alma-rosa-i/1255901/,2,3.5,3,US$,210000,Tu Casa RD,Alma Rosa I, Santo Domingo Este, Santo Domingo,Nueva,175,Residencial,NA,TRUE,TRUE,FALSE,FALSE,TRUE,TRUE,TRUE,FALSE,TRUE,210000
2022-01-24,/apartamentos-venta-el-tamarindo/1238378/,NA,2,3,RD$,2870000,Tu Casa RD,El Tamarindo, Santo Domingo Este, Santo Domingo,En Construcción,111,Residencial,NA,FALSE,FALSE,FALSE,FALSE,FALSE,FALSE,FALSE,FALSE,FALSE,49059.82905982906
2022-01-24,/apartamentos-venta-autopista-san-isidro/1241035/,1,NA,3,US$,76200,Techo Lindo,Autopista San Isidro, Santo Domingo Este, Santo Domingo,En Planos,96,Residencial,NA,TRUE,TRUE,TRUE,TRUE,TRUE,TRUE,TRUE,FALSE,TRUE,76200
2022-01-24,/apartamentos-venta-alma-rosa-i/1259049/,2,2.5,3,US$,142500,New Home Constructora Inmobiliaria,Alma Rosa I, Santo Domingo Este, Santo Domingo,En Planos,NA,Residencial,NA,TRUE,TRUE,FALSE,FALSE,TRUE,TRUE,TRUE,FALSE,TRUE,142500
2022-01-24,/apartamentos-venta-el-tamarindo/1234046/,2,2,3,RD$,3100000,HouseLink,El Tamarindo, Santo Domingo Este, Santo Domingo,En Construcción,114,Residencial,4,FALSE,FALSE,FALSE,TRUE,FALSE,FALSE,TRUE,FALSE,FALSE,52991.45299145299
2022-01-24,/apartamentos-venta-autopista-las-americas/1210359/,1,2,3,US$,65000,Inverfisa,Autopista Las Americas, Santo Domingo Este, Santo Domingo,En Construcción,80,Residencial,NA,FALSE,FALSE,FALSE,FALSE,FALSE,FALSE,TRUE,FALSE,FALSE,65000
2022-01-24,/apartamentos-venta-zona-oriental/1257468/,1,1.5,1,US$,93250,Plusval Venta Directa,Zona Oriental, Santo Domingo Este, Santo Domingo,En Planos,75,Residencial,NA,TRUE,TRUE,TRUE,TRUE,TRUE,TRUE,TRUE,FALSE,TRUE,93250
2022-01-24,/apartamentos-venta-autopista-san-isidro/1256871/,1,2,3,US$,62999,Tu Casa RD,Autopista San Isidro, Santo Domingo Este, Santo Domingo,En Construcción,NA,Residencial,NA,FALSE,FALSE,FALSE,FALSE,TRUE,FALSE,TRUE,FALSE,FALSE,62999
2022-01-24,/apartamentos-venta-alma-rosa-i/1245675/,2,3.5,3,US$,185000,Techo Lindo,Alma Rosa I, Santo Domingo Este, Santo Domingo,Nueva,167,Residencial,7,TRUE,TRUE,FALSE,TRUE,TRUE,TRUE,TRUE,FALSE,FALSE,185000
2022-01-24,/apartamentos-venta-los-corales-del-sur/1179549/,1,2.5,3,RD$,5200000,Borbón Rodríguez,Los Corales del Sur, Santo Domingo Este, Santo Domingo,Nueva,133,Residencial,2,FALSE,FALSE,FALSE,FALSE,FALSE,FALSE,FALSE,FALSE,FALSE,88888.88888888889
2022-01-24,/apartamentos-venta-alma-rosa/1250351/,2,2.5,3,US$,215000,Centro Juridico Dra. Angela Rojas,Alma Rosa, Santo Domingo Este, Santo Domingo,Nueva,205,Residencial,NA,FALSE,TRUE,FALSE,FALSE,TRUE,TRUE,TRUE,FALSE,TRUE,215000
2022-01-24,/apartamentos-venta-los-frailes-l/1232151/,1,2,3,RD$,3750000,Centro Juridico Dra. Angela Rojas,Los Frailes l, Santo Domingo Este, Santo Domingo,En Construcción,116,Residencial,NA,FALSE,FALSE,FALSE,FALSE,TRUE,FALSE,TRUE,FALSE,FALSE,64102.5641025641
2022-01-24,/apartamentos-venta-alma-rosa-i/1240277/,2,2,3,US$,137500,Centro Juridico Dra. Angela Rojas,Alma Rosa I, Santo Domingo Este, Santo Domingo,En Planos,128,Residencial,NA,TRUE,TRUE,FALSE,FALSE,TRUE,TRUE,TRUE,FALSE,TRUE,137500
2022-01-24,/apartamentos-venta-av--ecologica/1250759/,2,2,3,RD$,4600000,Centro Juridico Dra. Angela Rojas,Av. Ecológica, Santo Domingo Este, Santo Domingo,Nueva,NA,Residencial,NA,FALSE,FALSE,FALSE,FALSE,FALSE,FALSE,TRUE,FALSE,FALSE,78632.47863247863
2022-01-24,/apartamentos-venta-alma-rosa-i/1250359/,2,3.5,3,US$,220000,Megacasa RD,Alma Rosa I, Santo Domingo Este, Santo Domingo,Nueva,200,Residencial,NA,FALSE,TRUE,FALSE,FALSE,FALSE,TRUE,TRUE,FALSE,TRUE,220000
2022-01-24,/apartamentos-venta-el-paraiso/1228288/,4,3.5,3,US$,495000,Remax Metropolitana,El Paraiso, Santo Domingo Este, Santo Domingo,Segundo Uso,387,Residencial,8,TRUE,TRUE,FALSE,FALSE,TRUE,TRUE,TRUE,TRUE,FALSE,495000
2022-01-24,/apartamentos-venta-marbella-iii/301099/,1,2.5,3,US$,122000,Centro Juridico Dra. Angela Rojas,Marbella III, Santo Domingo Este, Santo Domingo,Nueva,103,Residencial,4,FALSE,FALSE,FALSE,TRUE,FALSE,FALSE,TRUE,FALSE,FALSE,122000
2022-01-24,/apartamentos-venta-autopista-san-isidro/1238528/,1,2,3,RD$,4900000,Centro Juridico Dra. Angela Rojas,Autopista San Isidro, Santo Domingo Este, Santo Domingo,Nueva,155,Residencial,NA,FALSE,FALSE,FALSE,FALSE,FALSE,FALSE,TRUE,FALSE,FALSE,83760.68376068377
2022-01-24,/apartamentos-venta-marbella-iii/1193449/,1,2.5,3,RD$,3800000,Centro Juridico Dra. Angela Rojas,Marbella III, Santo Domingo Este, Santo Domingo,Segundo Uso,106,Residencial,3,FALSE,FALSE,FALSE,TRUE,TRUE,FALSE,FALSE,FALSE,FALSE,64957.26495726496
2022-01-24,/apartamentos-venta-autopista-las-americas/1241233/,1,2,3,US$,64957,Centro Juridico Dra. Angela Rojas,Autopista Las Americas, Santo Domingo Este, Santo Domingo,Nueva,NA,Residencial,NA,FALSE,FALSE,FALSE,TRUE,FALSE,FALSE,TRUE,FALSE,FALSE,64957
2022-01-24,/apartamentos-venta-alma-rosa-i/1239435/,2,3.5,3,US$,205000,HouseLink,Alma Rosa I, Santo Domingo Este, Santo Domingo,Segundo Uso,212,Residencial,4,TRUE,TRUE,FALSE,FALSE,FALSE,TRUE,TRUE,FALSE,FALSE,205000
2022-01-24,/apartamentos-venta-alma-rosa-i/1233192/,2,3.5,3,US$,210000,HouseLink,Alma Rosa I, Santo Domingo Este, Santo Domingo,En Planos,210,Residencial,6,TRUE,TRUE,TRUE,TRUE,FALSE,TRUE,TRUE,FALSE,TRUE,210000
2022-01-24,/apartamentos-venta-los-tres-ojos/1236475/,1,1,2,US$,51500,Grupo Nin Inmobiliario,Los Tres Ojos, Santo Domingo Este, Santo Domingo,Nueva,76,Residencial,2,FALSE,FALSE,FALSE,FALSE,FALSE,TRUE,TRUE,FALSE,TRUE,51500
