date,id,parking,bathrooms,bedrooms,currency,price,seller,neighborhood,city,province,status,area,usage,story,planta,lift,pool,pozo,terraza,lobby,balcon,jacuzzi,gimnasio,price.usd
2022-01-24,/apartamentos-venta-los-corales-del-sur/1264631/,1,3,3,RD$,5200000000,Stephanie  Peña,Los Corales del Sur, Santo Domingo Este, Santo Domingo,Segundo Uso,145,Residencial,3,FALSE,FALSE,FALSE,FALSE,FALSE,FALSE,TRUE,FALSE,FALSE,88888888.8888889
2022-01-24,/apartamentos-venta-los-corales-del-sur/1266433/,2,2.5,3,RD$,6200000,Plusval Puente Azul,Los Corales del Sur, Santo Domingo Este, Santo Domingo,En Planos,98,Residencial,5,TRUE,TRUE,FALSE,FALSE,FALSE,TRUE,TRUE,FALSE,FALSE,105982.90598290598
2022-01-24,/apartamentos-venta-los-corales-del-sur/1259668/,1,2.5,3,RD$,4100000,Remax Metropolitana,Los Corales del Sur, Santo Domingo Este, Santo Domingo,Segundo Uso,111,Residencial,3,FALSE,FALSE,FALSE,FALSE,FALSE,FALSE,FALSE,FALSE,FALSE,70085.47008547008
2022-01-24,/apartamentos-venta-los-corales-del-sur/1179549/,1,2.5,3,RD$,5200000,Borbón Rodríguez,Los Corales del Sur, Santo Domingo Este, Santo Domingo,Nueva,133,Residencial,2,FALSE,FALSE,FALSE,FALSE,FALSE,FALSE,FALSE,FALSE,FALSE,88888.88888888889
