date,id,parking,bathrooms,bedrooms,currency,price,seller,neighborhood,city,province,status,area,usage,story,planta,lift,pool,pozo,terraza,lobby,balcon,jacuzzi,gimnasio,price.usd
2022-01-24,/apartamentos-venta-avenida-espana/1248744/,2,3.5,3,RD$,7990640,Tu Casa RD,Avenida España, Santo Domingo Este, Santo Domingo,Nueva,146,Residencial,7,TRUE,TRUE,TRUE,FALSE,TRUE,TRUE,TRUE,FALSE,FALSE,136592.13675213675
2022-01-24,/apartamentos-venta-avenida-espana/1266753/,2,3.5,3,US$,162000,Premium Real Estate,Avenida España, Santo Domingo Este, Santo Domingo,En Planos,NA,Residencial,NA,FALSE,TRUE,TRUE,FALSE,TRUE,FALSE,TRUE,FALSE,TRUE,162000
2022-01-24,/apartamentos-venta-avenida-espana/1235388/,1,2,3,RD$,4400000,Inverfisa,Avenida España, Santo Domingo Este, Santo Domingo,En Planos,90,Residencial,NA,FALSE,FALSE,FALSE,FALSE,TRUE,FALSE,TRUE,FALSE,FALSE,75213.67521367522
2022-01-24,/apartamentos-venta-avenida-espana/1242441/,1,2,3,US$,95000,Bonillamultiservice,Avenida España, Santo Domingo Este, Santo Domingo,Nueva,100,Residencial,NA,FALSE,FALSE,FALSE,FALSE,FALSE,FALSE,TRUE,FALSE,FALSE,95000
