date,id,parking,bathrooms,bedrooms,currency,price,seller,neighborhood,city,province,status,area,usage,story,planta,lift,pool,pozo,terraza,lobby,balcon,jacuzzi,gimnasio,price.usd
2022-01-24,/apartamentos-venta-arroyo-hondo-ii/1227553/,2,2.5,3,US$,160000,Carmelia Suero,Arroyo Hondo II, Santo Domingo Centro (D.N.), Santo Domingo,Nueva,141,Residencial,3,TRUE,TRUE,FALSE,TRUE,TRUE,TRUE,TRUE,FALSE,TRUE,160000
2022-01-24,/apartamentos-venta-arroyo-hondo-ii/1258832/,2,2.5,3,RD$,9100000,Property Inmobiliaria,Arroyo Hondo II, Santo Domingo Centro (D.N.), Santo Domingo,NA,150,Residencial,NA,FALSE,TRUE,FALSE,FALSE,FALSE,TRUE,TRUE,FALSE,FALSE,155555.55555555556
2022-01-24,/apartamentos-venta-arroyo-hondo-ii/1264336/,2,2.5,3,US$,160000,Inmobiliaria Bevistam,Arroyo Hondo II, Santo Domingo Centro (D.N.), Santo Domingo,Nueva,140,Residencial,3,TRUE,TRUE,FALSE,TRUE,TRUE,TRUE,TRUE,FALSE,TRUE,160000
2022-01-24,/apartamentos-venta-arroyo-hondo-ii/1256640/,4,5.5,5,US$,395000,Tu Casa RD,Arroyo Hondo II, Santo Domingo Centro (D.N.), Santo Domingo,Nueva,554,Residencial,NA,FALSE,FALSE,FALSE,FALSE,TRUE,FALSE,TRUE,FALSE,FALSE,395000
