date,id,parking,bathrooms,bedrooms,currency,price,seller,neighborhood,city,province,status,area,usage,story,planta,lift,pool,pozo,terraza,lobby,balcon,jacuzzi,gimnasio,price.usd
2022-02-10,/apartamentos-venta-juan-dolio/1266840/,NA,3.5,3,US$,490000,Dreamhome Real Estate,NA,Juan Dolio, San Pedro De Macoris,Segundo Uso,193,Mixto,10,TRUE,TRUE,TRUE,FALSE,TRUE,TRUE,TRUE,FALSE,TRUE,490000
2022-02-10,/apartamentos-venta-juan-dolio/1261817/,1,1.5,2,US$,105521,CityMax Santo Domingo,Juan Dolio, Juan Dolio, San Pedro De Macoris,En Construcción,53,Residencial,NA,TRUE,TRUE,TRUE,FALSE,TRUE,FALSE,TRUE,FALSE,FALSE,105521
2022-02-10,/apartamentos-venta-juan-dolio/1269613/,2,2.5,2,US$,275000,CityMax Santo Domingo,NA,Juan Dolio, San Pedro De Macoris,Segundo Uso,165,Residencial,NA,TRUE,TRUE,TRUE,FALSE,TRUE,TRUE,TRUE,FALSE,TRUE,275000
2022-02-10,/apartamentos-venta-juan-dolio/1266918/,1,2,3,US$,300000,Inmobiliaria Grupal,NA,Juan Dolio, San Pedro De Macoris,Nueva,NA,Residencial,4,TRUE,FALSE,TRUE,FALSE,FALSE,TRUE,TRUE,FALSE,FALSE,300000
2022-02-10,/apartamentos-venta-juan-dolio/1266872/,NA,NA,NA,US$,109000,Inmobiliaria Grupal,NA,Juan Dolio, San Pedro De Macoris,En Construcción,NA,Residencial,NA,FALSE,TRUE,TRUE,FALSE,FALSE,TRUE,FALSE,TRUE,FALSE,109000
2022-02-10,"/apartamentos-venta-metro-country-club,-juan-dolio/1253438/",2,2.5,3,US$,165000,Vivenzas Real Estate ,Metro Country Club, Juan Dolio, Juan Dolio,Segundo Uso,205,Residencial,2,TRUE,FALSE,TRUE,FALSE,FALSE,FALSE,TRUE,FALSE,FALSE,165000
2022-02-10,/apartamentos-venta-juan-dolio/1195950/,1,1.5,1,US$,92000,Algonovo Real Estate,NA,Juan Dolio, San Pedro De Macoris,En Planos,52,Residencial,3,TRUE,TRUE,TRUE,TRUE,TRUE,TRUE,TRUE,FALSE,FALSE,92000
2022-02-10,/apartamentos-venta-metro-country-club/1264832/,1,2,2,US$,145000,Algonovo Real Estate,Metro Country Club, Juan Dolio, San Pedro De Macoris,Segundo Uso,110,Residencial,2,TRUE,FALSE,TRUE,FALSE,FALSE,FALSE,TRUE,TRUE,FALSE,145000
2022-02-10,/apartamentos-venta-juan-dolio/1263935/,1,2,2,US$,255000,Mis Casas RD,NA,Juan Dolio, San Pedro De Macoris,Nueva,172,Residencial,NA,FALSE,TRUE,TRUE,FALSE,FALSE,FALSE,TRUE,FALSE,TRUE,255000
2022-02-10,/apartamentos-venta-juan-dolio/1250058/,3,3.5,3,US$,425000,Mis Casas RD,NA,Juan Dolio, San Pedro De Macoris,Nueva,NA,Residencial,NA,FALSE,FALSE,FALSE,FALSE,FALSE,FALSE,FALSE,FALSE,FALSE,425000
2022-02-10,/apartamentos-venta-guavaberry/1246525/,2,3.5,3,US$,220000,Dreamhome Real Estate,Guavaberry, Juan Dolio, San Pedro De Macoris,Nueva,178,Mixto,2,TRUE,FALSE,TRUE,FALSE,TRUE,TRUE,TRUE,TRUE,TRUE,220000
2022-02-10,/apartamentos-venta-marbella/1230868/,1,2,2,US$,245000,Mr. Home Asesores Inmobiliarios,Marbella, Juan Dolio, San Pedro De Macoris,NA,125,Residencial,NA,TRUE,FALSE,TRUE,FALSE,FALSE,FALSE,TRUE,TRUE,FALSE,245000
2022-02-10,/apartamentos-venta-juan-dolio/1232497/,2,2,2,US$,176000,Mr. Home Asesores Inmobiliarios,Juan Dolio, Juan Dolio, San Pedro De Macoris,NA,124,Residencial,NA,FALSE,FALSE,FALSE,FALSE,FALSE,FALSE,FALSE,FALSE,FALSE,176000
2022-02-10,/apartamentos-venta-brisas-de-guavaberry/1259008/,NA,3,3,US$,150000,Mr. Home Asesores Inmobiliarios,Brisas de guavaberry, Juan Dolio, San Pedro De Macoris,NA,NA,Residencial,NA,FALSE,FALSE,FALSE,FALSE,TRUE,FALSE,FALSE,FALSE,FALSE,150000
2022-02-10,/apartamentos-venta-juan-dolio/1244862/,1,1.5,1,US$,96000,Tu Casa RD,Juan Dolio, Juan Dolio, San Pedro De Macoris,En Construcción,52,Residencial,1,TRUE,TRUE,TRUE,TRUE,FALSE,FALSE,TRUE,FALSE,TRUE,96000
2022-02-10,/apartamentos-venta-juan-dolio/1228989/,1,2,2,US$,170000,Marrero Luxury,NA,Juan Dolio, San Pedro De Macoris,Segundo Uso,110,N/D,2,TRUE,FALSE,TRUE,FALSE,TRUE,TRUE,TRUE,FALSE,FALSE,170000
2022-02-10,/apartamentos-venta-juan-dolio/1234963/,2,2.5,2,US$,125000,Marrero Luxury,Juan Dolio, Juan Dolio, San Pedro De Macoris,Nueva,135,Residencial,7,TRUE,TRUE,TRUE,TRUE,FALSE,TRUE,TRUE,TRUE,TRUE,125000
2022-02-10,/apartamentos-venta-guavaberry/1236102/,1,2.5,2,US$,110000,Marrero Luxury,Guavaberry, Juan Dolio, San Pedro De Macoris,Segundo Uso,140,Residencial,1,TRUE,FALSE,TRUE,TRUE,TRUE,TRUE,TRUE,TRUE,TRUE,110000
2022-02-10,"/apartamentos-venta-metro-country-club,-juan-dolio/1254917/",5,4.5,4,US$,550000,Seekers Inmobiliaria,Metro Country Club, Juan Dolio, Juan Dolio,Segundo Uso,420,Residencial,NA,FALSE,FALSE,TRUE,FALSE,TRUE,FALSE,FALSE,TRUE,FALSE,550000
2022-02-10,/apartamentos-venta-juan-dolio/1268172/,1,NA,2,US$,112144,Seekers Inmobiliaria,NA,Juan Dolio, San Pedro De Macoris,Nueva,86,Residencial,NA,FALSE,FALSE,TRUE,FALSE,FALSE,FALSE,TRUE,FALSE,FALSE,112144
2022-02-10,/apartamentos-venta-juan-dolio/1248268/,1,1.5,1,US$,96000,Seekers Inmobiliaria,Juan Dolio, Juan Dolio, San Pedro De Macoris,En Construcción,52,Residencial,NA,FALSE,TRUE,TRUE,FALSE,FALSE,TRUE,FALSE,FALSE,TRUE,96000
2022-02-10,/apartamentos-venta-brisas-de-guavaberry/1238163/,2,3.5,3,US$,125000,Premium Real Estate,Brisas de guavaberry, Juan Dolio, San Pedro De Macoris,Segundo Uso,NA,Residencial,2,FALSE,FALSE,TRUE,FALSE,FALSE,FALSE,TRUE,FALSE,FALSE,125000
2022-02-10,/apartamentos-venta-juan-dolio/1253054/,2,3.5,3,US$,145000,Algonovo Real Estate,Juan Dolio, Juan Dolio, San Pedro De Macoris,Nueva,184,Residencial,NA,FALSE,FALSE,TRUE,FALSE,TRUE,FALSE,TRUE,TRUE,FALSE,145000
2022-02-10,/apartamentos-venta-juan-dolio/1252237/,1,2,2,US$,168000,Algonovo Real Estate,Juan Dolio, Juan Dolio, San Pedro De Macoris,Segundo Uso,120,Residencial,NA,FALSE,FALSE,TRUE,FALSE,FALSE,FALSE,TRUE,TRUE,TRUE,168000
2022-02-10,/apartamentos-venta-juan-dolio/1252230/,1,1,1,US$,135000,Algonovo Real Estate,Juan Dolio, Juan Dolio, San Pedro De Macoris,Segundo Uso,85,Residencial,10,FALSE,TRUE,TRUE,FALSE,FALSE,FALSE,TRUE,FALSE,FALSE,135000
2022-02-10,/apartamentos-venta-y-alquiler-juan-dolio/1265606/,NA,3,3,US$,500000,Kw Gold,NA,Juan Dolio, San Pedro De Macoris,Segundo Uso,188,Residencial,5,TRUE,TRUE,TRUE,FALSE,TRUE,TRUE,TRUE,TRUE,TRUE,500000
2022-02-10,/apartamentos-venta-guavaberry/1268747/,7,3,3,US$,138000,Dreamhome Real Estate,Guavaberry, Juan Dolio, San Pedro De Macoris,Segundo Uso,170,Mixto,2,TRUE,FALSE,TRUE,FALSE,TRUE,FALSE,FALSE,FALSE,TRUE,138000
2022-02-10,/apartamentos-venta-juan-dolio/1266030/,1,2,2,US$,225000,Remax Blu,NA,Juan Dolio, San Pedro De Macoris,Segundo Uso,NA,Residencial,2,TRUE,TRUE,TRUE,FALSE,FALSE,TRUE,TRUE,FALSE,FALSE,225000
2022-02-10,/apartamentos-venta-juan-dolio/1269205/,1,2,2,US$,103000,Remax Blu,NA,Juan Dolio, San Pedro De Macoris,Nueva,100,Residencial,3,TRUE,TRUE,TRUE,FALSE,FALSE,FALSE,TRUE,FALSE,FALSE,103000
2022-02-10,/apartamentos-venta-juan-dolio/1262183/,1,2,2,US$,165000,Remax Blu,Juan Dolio, Juan Dolio, San Pedro De Macoris,Segundo Uso,154,Residencial,11,TRUE,TRUE,TRUE,TRUE,FALSE,FALSE,TRUE,TRUE,TRUE,165000
2022-02-10,/apartamentos-venta-juan-dolio/1259630/,1,2,2,US$,280000,FELIX CRUZ BROKERS SRL,Juan Dolio, Juan Dolio, San Pedro De Macoris,Segundo Uso,124,Residencial,6,TRUE,TRUE,TRUE,FALSE,FALSE,FALSE,TRUE,FALSE,FALSE,280000
2022-02-10,/apartamentos-venta-juan-dolio/1259628/,1,2,2,US$,280000,FELIX CRUZ BROKERS SRL,Juan Dolio, Juan Dolio, San Pedro De Macoris,Segundo Uso,124,Residencial,9,TRUE,TRUE,TRUE,FALSE,FALSE,FALSE,TRUE,FALSE,FALSE,280000
2022-02-10,/apartamentos-venta-juan-dolio/1267407/,2,2,2,US$,160000,Premium Real Estate,NA,Juan Dolio, San Pedro De Macoris,Segundo Uso,150,Residencial,11,FALSE,FALSE,FALSE,FALSE,FALSE,FALSE,FALSE,FALSE,FALSE,160000
2022-02-10,/apartamentos-venta-juan-dolio/1265164/,NA,2,2,US$,265000,Premium Real Estate,NA,Juan Dolio, San Pedro De Macoris,Segundo Uso,120,Residencial,NA,FALSE,FALSE,FALSE,FALSE,FALSE,FALSE,FALSE,FALSE,FALSE,265000
2022-02-10,/apartamentos-venta-juan-dolio/1267467/,1,2,2,US$,330000,Premium Real Estate,NA,Juan Dolio, San Pedro De Macoris,Segundo Uso,100,Residencial,4,FALSE,FALSE,FALSE,FALSE,FALSE,FALSE,FALSE,FALSE,FALSE,330000
2022-02-10,/apartamentos-venta-juan-dolio/1254354/,2,2,2,US$,310000,Top International Realty,Juan Dolio, Juan Dolio, San Pedro De Macoris,Nueva,124,Residencial,5,TRUE,TRUE,TRUE,TRUE,FALSE,TRUE,TRUE,TRUE,TRUE,310000
2022-02-10,/apartamentos-venta-autopista-las-americas/1231624/,1,2,2,US$,290000,Paez Luxury Real Estate ,Autopista Las Americas, Juan Dolio, San Pedro De Macoris,Segundo Uso,172,Residencial,14,TRUE,TRUE,TRUE,FALSE,FALSE,FALSE,TRUE,FALSE,FALSE,290000
2022-02-10,/apartamentos-venta-juan-dolio/1268138/,2,2,2,US$,260000,Paez Luxury Real Estate ,NA,Juan Dolio, San Pedro De Macoris,Segundo Uso,138,Residencial,NA,TRUE,TRUE,TRUE,FALSE,FALSE,TRUE,FALSE,FALSE,TRUE,260000
2022-02-10,/apartamentos-venta-juan-dolio/1233268/,NA,2,2,US$,235000,Jazmin Ortiz / Magnolia Ortiz,Juan Dolio, Juan Dolio, San Pedro De Macoris,Remodelada,93,Residencial,3,FALSE,FALSE,FALSE,FALSE,FALSE,FALSE,FALSE,FALSE,FALSE,235000
2022-02-10,/apartamentos-venta-y-alquiler-club-hemingway/1188389/,NA,2,2,US$,365000,Jazmin Ortiz / Magnolia Ortiz,Club Hemingway, Juan Dolio, San Pedro De Macoris,Segundo Uso,153,Residencial,NA,FALSE,FALSE,TRUE,FALSE,FALSE,FALSE,TRUE,FALSE,TRUE,365000
2022-02-10,/apartamentos-venta-juan-dolio/1259592/,NA,2,2,US$,175000,Jazmin Ortiz / Magnolia Ortiz,Juan Dolio, Juan Dolio, San Pedro De Macoris,Segundo Uso,1100,Residencial,4,FALSE,FALSE,TRUE,FALSE,FALSE,FALSE,TRUE,FALSE,FALSE,175000
2022-02-10,/apartamentos-venta-guavaberry/1258961/,2,2,2,US$,120000,Plusval Homes Realty Group,Guavaberry, Juan Dolio, San Pedro De Macoris,Segundo Uso,38,Residencial,2,FALSE,FALSE,TRUE,FALSE,FALSE,FALSE,FALSE,FALSE,FALSE,120000
2022-02-10,/apartamentos-venta-juan-dolio/1265928/,1,2,2,US$,140000,Inmobiliaria Grupal,NA,Juan Dolio, San Pedro De Macoris,Remodelada,87,Residencial,2,TRUE,FALSE,TRUE,TRUE,FALSE,FALSE,TRUE,FALSE,FALSE,140000
2022-02-10,/apartamentos-venta-guavaberry/1269487/,NA,2,2,US$,150000,KEYBROKERS INMOBILIARIA,Guavaberry, Juan Dolio, San Pedro De Macoris,Segundo Uso,145,Residencial,1,FALSE,FALSE,TRUE,FALSE,FALSE,FALSE,TRUE,FALSE,FALSE,150000
2022-02-10,"/apartamentos-venta-metro-country-club,-juan-dolio/1254151/",1,2.5,2,US$,119000,Carmelia Suero,Metro Country Club, Juan Dolio, Juan Dolio,Segundo Uso,120,Residencial,NA,FALSE,FALSE,TRUE,FALSE,TRUE,FALSE,FALSE,FALSE,FALSE,119000
2022-02-10,/apartamentos-venta-juan-dolio/1268276/,1,2,2,US$,103200,Seekers Inmobiliaria,NA,Juan Dolio, San Pedro De Macoris,En Construcción,86,Residencial,NA,TRUE,TRUE,TRUE,TRUE,FALSE,FALSE,FALSE,FALSE,FALSE,103200
2022-02-10,/apartamentos-venta-nueva-autopista-del-este/1266033/,1,2,2,US$,140000,Inmobiliaria Grupal,Nueva Autopista del Este, Juan Dolio, San Pedro De Macoris,Segundo Uso,87,Residencial,2,TRUE,FALSE,TRUE,FALSE,FALSE,FALSE,TRUE,FALSE,FALSE,140000
2022-02-10,/apartamentos-venta-juan-dolio/1259480/,NA,2,3,US$,375000,Plusval Homes Realty Group,Juan Dolio, Juan Dolio, San Pedro De Macoris,Segundo Uso,NA,Residencial,8,TRUE,TRUE,TRUE,FALSE,TRUE,TRUE,TRUE,FALSE,FALSE,375000
2022-02-10,/apartamentos-venta-juan-dolio/1267028/,NA,2,2,US$,195000,Tropical Living,NA,Juan Dolio, San Pedro De Macoris,Segundo Uso,90,Residencial,NA,TRUE,TRUE,TRUE,FALSE,FALSE,FALSE,TRUE,FALSE,TRUE,195000
2022-02-10,/apartamentos-venta-juan-dolio/1260815/,2,3,3,US$,390000,Tropical Living,NA,Juan Dolio, San Pedro De Macoris,Segundo Uso,194,Residencial,5,TRUE,FALSE,TRUE,FALSE,FALSE,FALSE,FALSE,FALSE,TRUE,390000
2022-02-10,/apartamentos-venta-juan-dolio/1260869/,NA,2,3,US$,425000,Tropical Living,NA,Juan Dolio, San Pedro De Macoris,Segundo Uso,170,Residencial,9,TRUE,TRUE,TRUE,FALSE,TRUE,TRUE,TRUE,TRUE,TRUE,425000
2022-02-10,/apartamentos-venta-juan-dolio/1260872/,1,2,2,US$,290000,Tropical Living,NA,Juan Dolio, San Pedro De Macoris,Segundo Uso,172,Residencial,14,TRUE,TRUE,TRUE,FALSE,TRUE,FALSE,TRUE,TRUE,TRUE,290000
2022-02-10,/apartamentos-venta-juan-dolio/1265577/,1,2,2,US$,355000,Tropical Living,NA,Juan Dolio, San Pedro De Macoris,Segundo Uso,150,Residencial,NA,TRUE,TRUE,TRUE,FALSE,FALSE,FALSE,FALSE,TRUE,TRUE,355000
2022-02-10,/apartamentos-venta-juan-dolio/1260896/,1,2,2,US$,260000,Tropical Living,NA,Juan Dolio, San Pedro De Macoris,Segundo Uso,132,Residencial,5,TRUE,TRUE,TRUE,FALSE,TRUE,FALSE,TRUE,TRUE,TRUE,260000
2022-02-10,/apartamentos-venta-y-alquiler-metro-country-club/1269003/,1,2.5,2,US$,145000,Estrella Inmobiliaria ,Metro Country Club, Juan Dolio, San Pedro De Macoris,Segundo Uso,125,Mixto,NA,TRUE,TRUE,FALSE,TRUE,FALSE,TRUE,TRUE,FALSE,TRUE,145000
2022-02-10,/apartamentos-venta-juan-dolio/1266266/,1,2.5,2,US$,255000,Inmobiliaria Puntual,NA,Juan Dolio, San Pedro De Macoris,Nueva,110,Residencial,10,TRUE,TRUE,TRUE,FALSE,FALSE,TRUE,TRUE,TRUE,TRUE,255000
2022-02-10,/apartamentos-venta-juan-dolio/1249238/,1,2.5,2,US$,130000,Anyelina Sánchez,NA,Juan Dolio, San Pedro De Macoris,Segundo Uso,120,Residencial,NA,FALSE,FALSE,FALSE,FALSE,FALSE,FALSE,FALSE,FALSE,FALSE,130000
2022-02-10,/apartamentos-venta-juan-dolio/1265447/,1,2,2,US$,265000,Anyelina Sánchez,NA,Juan Dolio, San Pedro De Macoris,Nueva,115,Residencial,NA,FALSE,FALSE,FALSE,FALSE,FALSE,FALSE,FALSE,FALSE,FALSE,265000
2022-02-10,/apartamentos-venta-brisas-de-guavaberry/1268915/,2,2,2,US$,170000,Plusval Puente Azul,Brisas de guavaberry, Juan Dolio, San Pedro De Macoris,Segundo Uso,195,Residencial,2,TRUE,TRUE,TRUE,FALSE,FALSE,TRUE,TRUE,TRUE,FALSE,170000
2022-02-10,/apartamentos-venta-brisas-de-guavaberry/1268905/,2,2.5,2,US$,125000,Remax Blu,Brisas de guavaberry, Juan Dolio, San Pedro De Macoris,Segundo Uso,140,Residencial,2,TRUE,FALSE,TRUE,TRUE,TRUE,TRUE,TRUE,FALSE,TRUE,125000
2022-02-10,/apartamentos-venta-juan-dolio/1268523/,2,2,2,US$,112144,Seekers Inmobiliaria,NA,Juan Dolio, San Pedro De Macoris,En Construcción,86,Residencial,NA,FALSE,TRUE,TRUE,FALSE,FALSE,FALSE,TRUE,TRUE,FALSE,112144
2022-02-10,/apartamentos-venta-metro-country-club/1230564/,2,2.5,2,US$,115000,ProCimax Realty,Metro Country Club, Juan Dolio, San Pedro De Macoris,Segundo Uso,130,Residencial,1,FALSE,FALSE,FALSE,FALSE,FALSE,FALSE,TRUE,FALSE,FALSE,115000
2022-02-10,/apartamentos-venta-juan-dolio/1243844/,1,NA,1,US$,134000,Premier Real Estate,NA,Juan Dolio, San Pedro De Macoris,Nueva,NA,Residencial,NA,FALSE,FALSE,FALSE,FALSE,FALSE,FALSE,FALSE,FALSE,FALSE,134000
2022-02-10,/apartamentos-venta-juan-dolio/1268479/,1,2.5,2,US$,121000,Marcos & Asociados ,NA,Juan Dolio, San Pedro De Macoris,Nueva,131,Residencial,2,TRUE,TRUE,TRUE,FALSE,FALSE,FALSE,TRUE,FALSE,FALSE,121000
2022-02-10,/apartamentos-venta-metro-country-club/1255194/,2,2.5,3,US$,155000,Remax Blu,Metro Country Club, Juan Dolio, San Pedro De Macoris,Segundo Uso,139,Residencial,1,TRUE,FALSE,TRUE,FALSE,TRUE,FALSE,FALSE,TRUE,TRUE,155000
2022-02-10,/apartamentos-venta-brisas-de-guavaberry/1268402/,NA,2,3,US$,375,Plusval Puente Azul,Brisas de guavaberry, Juan Dolio, San Pedro De Macoris,Segundo Uso,175,Residencial,NA,TRUE,FALSE,TRUE,FALSE,TRUE,TRUE,TRUE,FALSE,FALSE,375
2022-02-10,/apartamentos-venta-los-llanos/1268324/,1,2,2,US$,210000,CityMax Santo Domingo,Los Llanos, Juan Dolio, San Pedro De Macoris,Segundo Uso,99,Residencial,2,TRUE,FALSE,TRUE,TRUE,TRUE,TRUE,TRUE,FALSE,FALSE,210000
2022-02-10,/apartamentos-venta-los-llanos/1268323/,2,2,2,US$,190000,CityMax Santo Domingo,Los Llanos, Juan Dolio, San Pedro De Macoris,Segundo Uso,120,Residencial,6,TRUE,TRUE,TRUE,TRUE,FALSE,TRUE,TRUE,FALSE,TRUE,190000
2022-02-10,/apartamentos-venta-juan-dolio/1268252/,NA,2,2,US$,195000,Remax Metropolitana,NA,Juan Dolio, San Pedro De Macoris,Nueva,82,Residencial,13,TRUE,TRUE,TRUE,FALSE,FALSE,TRUE,FALSE,TRUE,TRUE,195000
2022-02-10,/apartamentos-venta-juan-dolio/1268052/,1,2.5,2,US$,230000,KEYBROKERS INMOBILIARIA,NA,Juan Dolio, San Pedro De Macoris,Segundo Uso,NA,Residencial,NA,FALSE,FALSE,FALSE,FALSE,FALSE,FALSE,FALSE,FALSE,FALSE,230000
2022-02-10,/apartamentos-venta-juan-dolio/1268039/,1,NA,2,US$,135000,Seekers Inmobiliaria,NA,Juan Dolio, San Pedro De Macoris,Nueva,87,Residencial,3,TRUE,FALSE,TRUE,TRUE,FALSE,FALSE,FALSE,FALSE,FALSE,135000
2022-02-10,/apartamentos-venta-juan-dolio/1255130/,2,3,3,US$,175000,Remax Blu,Juan Dolio, Juan Dolio, San Pedro De Macoris,Segundo Uso,204,Residencial,NA,FALSE,FALSE,FALSE,FALSE,FALSE,FALSE,FALSE,FALSE,FALSE,175000
2022-02-10,/apartamentos-venta-guavaberry/1267228/,2,3,3,US$,130000,Remax Metropolitana,Guavaberry, Juan Dolio, San Pedro De Macoris,Segundo Uso,195,Mixto,2,TRUE,TRUE,FALSE,FALSE,FALSE,FALSE,TRUE,TRUE,TRUE,130000
2022-02-10,/apartamentos-venta-juan-dolio/1266665/,1,1,1,US$,227475,Megacasa RD,NA,Juan Dolio, San Pedro De Macoris,Nueva,51,Residencial,NA,TRUE,TRUE,TRUE,FALSE,TRUE,TRUE,TRUE,TRUE,TRUE,227475
2022-02-10,/apartamentos-venta-juan-dolio/1266835/,1,2,2,US$,103200,Plusval Venta Directa,NA,Juan Dolio, San Pedro De Macoris,En Planos,86,Residencial,2,FALSE,TRUE,TRUE,FALSE,FALSE,FALSE,TRUE,FALSE,FALSE,103200
2022-02-10,/apartamentos-venta-juan-dolio/1254270/,NA,2,2,US$,115000,Premium Real Estate ,Juan Dolio, Juan Dolio, San Pedro De Macoris,Segundo Uso,90,Residencial,NA,FALSE,FALSE,TRUE,TRUE,FALSE,FALSE,TRUE,FALSE,FALSE,115000
2022-02-10,/apartamentos-venta-juan-dolio/1231270/,2,2,2,US$,139000,Remax Metropolitana,NA,Juan Dolio, San Pedro De Macoris,Segundo Uso,110,Residencial,2,TRUE,FALSE,TRUE,FALSE,FALSE,FALSE,TRUE,TRUE,FALSE,139000
2022-02-10,/apartamentos-venta-juan-dolio/1257316/,1,3.5,3,US$,415000,INMOBLIAM,Juan Dolio, Juan Dolio, San Pedro De Macoris,Remodelada,NA,Residencial,6,TRUE,TRUE,TRUE,TRUE,TRUE,TRUE,TRUE,TRUE,TRUE,415000
2022-02-10,/apartamentos-venta-juan-dolio/1241765/,NA,2.5,2,US$,199000,Carmelia Suero,Juan Dolio, Juan Dolio, San Pedro De Macoris,Segundo Uso,NA,Residencial,NA,TRUE,TRUE,TRUE,TRUE,TRUE,FALSE,TRUE,FALSE,TRUE,199000
2022-02-10,/apartamentos-venta-juan-dolio/1244578/,NA,2,2,US$,180000,Tu Casa RD,Juan Dolio, Juan Dolio, San Pedro De Macoris,Segundo Uso,105,Residencial,NA,FALSE,FALSE,FALSE,FALSE,TRUE,FALSE,TRUE,FALSE,FALSE,180000
2022-02-10,/apartamentos-venta-juan-dolio/1256829/,NA,1,2,US$,90000,Tu Casa RD,Juan Dolio, Juan Dolio, San Pedro De Macoris,Nueva,90,Residencial,NA,TRUE,FALSE,FALSE,FALSE,FALSE,TRUE,TRUE,FALSE,FALSE,90000
2022-02-10,/apartamentos-venta-guavaberry/1255593/,2,3,3,US$,145000,Tu Casa RD,Guavaberry, Juan Dolio, San Pedro De Macoris,Nueva,178,Residencial,NA,FALSE,FALSE,TRUE,FALSE,TRUE,FALSE,TRUE,TRUE,FALSE,145000
2022-02-10,/apartamentos-venta-metro-country-club/1245519/,2,2,2,US$,145000,Grupo Nin Inmobiliario,Metro Country Club, Juan Dolio, San Pedro De Macoris,Segundo Uso,NA,Residencial,1,FALSE,FALSE,TRUE,FALSE,TRUE,FALSE,FALSE,FALSE,FALSE,145000
2022-02-10,/apartamentos-venta-juan-dolio/1228391/,1,1.5,1,US$,91350,Remax Metropolitana,NA,Juan Dolio, San Pedro De Macoris,En Construcción,52,Residencial,NA,TRUE,FALSE,TRUE,TRUE,TRUE,TRUE,TRUE,FALSE,TRUE,91350
2022-02-10,/apartamentos-venta-y-alquiler-guavaberry/1255124/,NA,2.5,2,US$,150000,KEYBROKERS INMOBILIARIA,Guavaberry, Juan Dolio, San Pedro De Macoris,Segundo Uso,145,Residencial,1,FALSE,FALSE,TRUE,FALSE,FALSE,FALSE,FALSE,FALSE,FALSE,150000
2022-02-10,/apartamentos-venta-juan-dolio/1225782/,1,1,1,US$,185000,HouseLink,Juan Dolio, Juan Dolio, San Pedro De Macoris,En Construcción,85,Residencial,1,FALSE,FALSE,TRUE,FALSE,FALSE,FALSE,TRUE,FALSE,TRUE,185000
2022-02-10,/apartamentos-venta-juan-dolio/1254034/,2,2.5,3,US$,185000,Plusval Venta Directa,Juan Dolio, Juan Dolio, San Pedro De Macoris,Segundo Uso,138,Residencial,6,TRUE,TRUE,TRUE,FALSE,FALSE,FALSE,TRUE,FALSE,FALSE,185000
2022-02-10,/apartamentos-venta-juan-dolio/1253441/,1,1,2,US$,60000,Plusval Venta Directa,Juan Dolio, Juan Dolio, San Pedro De Macoris,Segundo Uso,65,Residencial,3,FALSE,FALSE,FALSE,FALSE,FALSE,FALSE,FALSE,FALSE,FALSE,60000
2022-02-10,/apartamentos-venta-juan-dolio/1251993/,1,1.5,1,US$,180000,Kensami Bienes Raices ,Juan Dolio, Juan Dolio, San Pedro De Macoris,Nueva,NA,Residencial,17,TRUE,TRUE,TRUE,TRUE,FALSE,TRUE,TRUE,FALSE,TRUE,180000
2022-02-10,/apartamentos-venta-juan-dolio/1224056/,NA,2,2,US$,210000,New Home Constructora Inmobiliaria,NA,Juan Dolio, San Pedro De Macoris,Nueva,124,Residencial,NA,FALSE,TRUE,TRUE,FALSE,FALSE,TRUE,TRUE,TRUE,FALSE,210000
2022-02-10,/apartamentos-venta-juan-dolio/1243592/,1,2.5,2,US$,199000,Inverfisa,NA,Juan Dolio, San Pedro De Macoris,Segundo Uso,123,Residencial,7,TRUE,TRUE,TRUE,FALSE,FALSE,FALSE,TRUE,FALSE,TRUE,199000
2022-02-10,/apartamentos-venta-juan-dolio/1236454/,2,2,2,US$,177100,Inmobiliaria Vita Home,NA,Juan Dolio, San Pedro De Macoris,Nueva,132,Residencial,6,FALSE,FALSE,TRUE,FALSE,TRUE,TRUE,TRUE,TRUE,TRUE,177100
2022-02-10,/apartamentos-venta-y-alquiler-guavaberry/415076/,1,2,1,US$,193250,Proyecto Inmobiliario Sybaris Residences,Guavaberry, Juan Dolio, San Pedro De Macoris,Nueva,155,Residencial,1,TRUE,FALSE,TRUE,TRUE,TRUE,FALSE,FALSE,TRUE,TRUE,193250
2022-02-10,/apartamentos-venta-y-alquiler-guavaberry/414709/,2,2,2,US$,243000,Proyecto Inmobiliario Sybaris Residences,Guavaberry, Juan Dolio, San Pedro De Macoris,Nueva,139,Residencial,2,TRUE,FALSE,TRUE,TRUE,FALSE,FALSE,TRUE,TRUE,FALSE,243000
2022-02-10,/apartamentos-venta-y-alquiler-juan-dolio/414695/,2,3,3,US$,315000,Proyecto Inmobiliario Sybaris Residences,Juan Dolio, Juan Dolio, San Pedro De Macoris,Nueva,202,Residencial,NA,TRUE,FALSE,TRUE,TRUE,TRUE,FALSE,TRUE,TRUE,FALSE,315000
2022-02-10,/apartamentos-venta-y-alquiler-juan-dolio/414596/,2,2,2,US$,230000,Proyecto Inmobiliario Sybaris Residences,Juan Dolio, Juan Dolio, San Pedro De Macoris,Nueva,140,Residencial,NA,TRUE,FALSE,TRUE,TRUE,FALSE,FALSE,TRUE,TRUE,FALSE,230000
2022-02-10,/apartamentos-venta-y-alquiler-sybaris-residences/414584/,2,2,2,US$,230000,Proyecto Inmobiliario Sybaris Residences,Sybaris Residences, Juan Dolio, San Pedro De Macoris,Nueva,140,Residencial,NA,TRUE,FALSE,TRUE,TRUE,FALSE,FALSE,TRUE,TRUE,FALSE,230000
2022-02-10,/apartamentos-venta-y-alquiler-juan-dolio/414505/,1,2,1,US$,193250,Proyecto Inmobiliario Sybaris Residences,Juan Dolio, Juan Dolio, San Pedro De Macoris,Nueva,155,Residencial,NA,TRUE,FALSE,TRUE,TRUE,TRUE,FALSE,FALSE,TRUE,FALSE,193250
2022-02-10,/apartamentos-venta-juan-dolio/361746/,2,3,3,US$,175000,Borbón Rodríguez,Juan Dolio, Juan Dolio, San Pedro De Macoris,Remodelada,165,Residencial,NA,FALSE,FALSE,TRUE,FALSE,FALSE,FALSE,TRUE,FALSE,FALSE,175000
