date,id,parking,bathrooms,bedrooms,currency,price,seller,neighborhood,city,province,status,area,usage,story,planta,lift,pool,pozo,terraza,lobby,balcon,jacuzzi,gimnasio,price.usd
2022-01-24,"/apartamentos-venta-arroyo-hondo,-cuesta-hermosa-iii,-isabel-villas/1224201/",2,3.5,3,US$,263400,Mudate,Arroyo Hondo, Cuesta Hermosa III, Isabel villas,Nueva,186,Residencial,NA,FALSE,FALSE,FALSE,FALSE,FALSE,FALSE,FALSE,FALSE,FALSE,263400
2022-01-24,"/apartamentos-venta-arroyo-hondo,-cuesta-hermosa-iii,-isabel-villas/1223272/",2,2.5,2,US$,138800,Mudate,Arroyo Hondo, Cuesta Hermosa III, Isabel villas,Nueva,97,Residencial,NA,FALSE,FALSE,FALSE,FALSE,FALSE,FALSE,FALSE,FALSE,FALSE,138800
2022-01-24,"/apartamentos-venta-arroyo-hondo,-cuesta-hermosa-iii,-isabel-villas/1224205/",2,2.5,2,US$,149200,Mudate,Arroyo Hondo, Cuesta Hermosa III, Isabel villas,Nueva,114,Residencial,NA,FALSE,FALSE,FALSE,FALSE,FALSE,FALSE,FALSE,FALSE,FALSE,149200
2022-01-24,"/apartamentos-venta-arroyo-hondo,-cuesta-hermosa-iii,-isabel-villas/1224200/",2,3.5,3,US$,209000,Mudate,Arroyo Hondo, Cuesta Hermosa III, Isabel villas,Nueva,160,Residencial,NA,FALSE,FALSE,FALSE,FALSE,FALSE,FALSE,FALSE,FALSE,FALSE,209000
2022-01-24,"/apartamentos-venta-arroyo-hondo,-cuesta-hermosa-iii,-isabel-villas/1267171/",NA,NA,NA,US$,250000,Inmueble soleado,Arroyo Hondo, Cuesta Hermosa III, Isabel villas,En Construcción,942,Residencial,NA,FALSE,FALSE,FALSE,FALSE,FALSE,FALSE,FALSE,FALSE,FALSE,250000
2022-01-24,"/apartamentos-venta-arroyo-hondo,-cuesta-hermosa-iii,-isabel-villas/1238391/",2,2,3,RD$,5300000,Tu Casa RD,Arroyo Hondo, Cuesta Hermosa III, Isabel villas,Segundo Uso,170,Residencial,3,FALSE,FALSE,FALSE,FALSE,FALSE,FALSE,FALSE,FALSE,FALSE,90598.2905982906
2022-01-24,"/apartamentos-venta-arroyo-hondo,-cuesta-hermosa-iii,-isabel-villas/1221153/",2,3.5,3,US$,244000,New Home Constructora Inmobiliaria,Arroyo Hondo, Cuesta Hermosa III, Isabel villas,En Construcción,160,Residencial,NA,TRUE,TRUE,TRUE,FALSE,TRUE,TRUE,TRUE,FALSE,TRUE,244000
