date,id,parking,bathrooms,bedrooms,currency,price,seller,neighborhood,city,province,status,area,usage,story,planta,lift,pool,pozo,terraza,lobby,balcon,jacuzzi,gimnasio,price.usd
2022-02-10,/apartamentos-venta-alma-rosa-ll/1269057/,2,2,3,US$,132000,Stephanie  Peña,Alma Rosa ll, Santo Domingo Este, Santo Domingo,Nueva,166,Residencial,4,TRUE,FALSE,FALSE,FALSE,TRUE,FALSE,TRUE,FALSE,FALSE,132000
2022-02-10,/apartamentos-venta-alma-rosa-ll/1267584/,2,2.5,3,US$,140000,CityMax Santo Domingo,Alma Rosa ll, Santo Domingo Este, Santo Domingo,Nueva,135,Residencial,2,FALSE,FALSE,FALSE,FALSE,FALSE,FALSE,TRUE,FALSE,FALSE,140000
2022-02-10,/apartamentos-venta-alma-rosa-ll/1267942/,2,2.5,3,US$,8000000,CityMax Santo Domingo,Alma Rosa ll, Santo Domingo Este, Santo Domingo,Nueva,135,Residencial,2,FALSE,FALSE,FALSE,FALSE,FALSE,FALSE,FALSE,FALSE,FALSE,8000000
2022-02-10,/apartamentos-venta-alma-rosa-ll/1268011/,NA,2,3,US$,140000,CityMax Santo Domingo,Alma Rosa ll, Santo Domingo Este, Santo Domingo,Nueva,135,Residencial,NA,FALSE,TRUE,FALSE,FALSE,FALSE,TRUE,TRUE,FALSE,FALSE,140000
2022-02-10,/apartamentos-venta-alma-rosa-ll/1267681/,2,2.5,3,US$,140000,CityMax Santo Domingo,Alma Rosa ll, Santo Domingo Este, Santo Domingo,Nueva,135,Residencial,NA,FALSE,FALSE,FALSE,FALSE,FALSE,FALSE,TRUE,FALSE,FALSE,140000
2022-02-10,/apartamentos-venta-alma-rosa-ll/1267779/,2,2.5,3,US$,140000,CityMax Santo Domingo,Alma Rosa ll, Santo Domingo Este, Santo Domingo,Nueva,135,Residencial,NA,FALSE,FALSE,FALSE,FALSE,FALSE,FALSE,TRUE,FALSE,FALSE,140000
2022-02-10,/apartamentos-venta-alma-rosa-ll/1268331/,2,3.5,3,US$,140000,CityMax Santo Domingo,Alma Rosa ll, Santo Domingo Este, Santo Domingo,Nueva,135,Residencial,NA,FALSE,FALSE,FALSE,FALSE,FALSE,FALSE,TRUE,FALSE,FALSE,140000
2022-02-10,/apartamentos-venta-alma-rosa-ll/1261375/,1,2.5,3,RD$,5000000,Megacasa RD,Alma Rosa ll, Santo Domingo Este, Santo Domingo,Nueva,135,Residencial,1,TRUE,FALSE,FALSE,FALSE,FALSE,FALSE,TRUE,FALSE,FALSE,85470.08547008547
