date,id,parking,bathrooms,bedrooms,currency,price,seller,neighborhood,city,province,status,area,usage,story,planta,lift,pool,pozo,terraza,lobby,balcon,jacuzzi,gimnasio,price.usd
2022-02-10,/apartamentos-venta-maximo-gomez/1269832/,2,2,3,US$,188000,MEMUDÉ,Maximo Gomez, Santo Domingo Centro (D.N.), Santo Domingo,En Construcción,121,Residencial,11,TRUE,TRUE,FALSE,TRUE,FALSE,TRUE,TRUE,FALSE,TRUE,188000
2022-02-10,/apartamentos-venta-maximo-gomez/1269830/,1,2,3,US$,116600,MEMUDÉ,Maximo Gomez, Santo Domingo Centro (D.N.), Santo Domingo,En Construcción,100,Residencial,10,TRUE,TRUE,FALSE,TRUE,TRUE,TRUE,TRUE,FALSE,TRUE,116600
2022-02-10,/apartamentos-venta-maximo-gomez/1269772/,2,2,3,US$,134300,MEMUDÉ,Maximo Gomez, Santo Domingo Centro (D.N.), Santo Domingo,En Construcción,121,Residencial,8,TRUE,TRUE,FALSE,FALSE,TRUE,TRUE,TRUE,FALSE,TRUE,134300
2022-02-10,/apartamentos-venta-maximo-gomez/1269762/,2,2,3,US$,133500,MEMUDÉ,Maximo Gomez, Santo Domingo Centro (D.N.), Santo Domingo,En Construcción,121,Residencial,7,TRUE,TRUE,FALSE,FALSE,FALSE,TRUE,TRUE,FALSE,TRUE,133500
2022-02-10,/apartamentos-venta-maximo-gomez/1259742/,2,2,3,US$,108100,Remax Blu,Maximo Gomez, Santo Domingo Centro (D.N.), Santo Domingo,En Construcción,100,Residencial,1,FALSE,FALSE,FALSE,FALSE,FALSE,FALSE,FALSE,FALSE,FALSE,108100
