date,id,parking,bathrooms,bedrooms,currency,price,seller,neighborhood,city,province,status,area,usage,story,planta,lift,pool,pozo,terraza,lobby,balcon,jacuzzi,gimnasio,price.usd
2022-01-24,/apartamentos-venta-paraiso/1261777/,4,4.5,4,US$,1100000,Wendy Gómez,Paraiso, Santo Domingo Centro (D.N.), Santo Domingo,En Construcción,450,Residencial,6,TRUE,TRUE,FALSE,FALSE,FALSE,TRUE,TRUE,FALSE,TRUE,1100000
2022-01-24,/apartamentos-venta-ensanche-paraiso/1264464/,3,3.5,3,US$,560000,Inmobiliaria e Inversiones Peguero & Asociados,Ensanche Paraíso, Paraiso, Santo Domingo Centro (D.N.),Nueva,279,Residencial,4,TRUE,TRUE,TRUE,TRUE,TRUE,TRUE,TRUE,FALSE,TRUE,560000
2022-01-24,/apartamentos-venta-ensanche-paraiso/1267341/,3,3.5,3,US$,335000,Inmobiliaria Grupal,Ensanche Paraíso, Paraiso, Santo Domingo Centro (D.N.),Segundo Uso,202,Residencial,5,TRUE,TRUE,FALSE,TRUE,FALSE,TRUE,TRUE,FALSE,TRUE,335000
2022-01-24,/apartamentos-venta-ensanche-paraiso/1246769/,4,3.5,3,US$,560000,Flavia Cortina Unique Properties,Ensanche Paraíso, Paraiso, Santo Domingo Centro (D.N.),Nueva,375,Residencial,NA,TRUE,TRUE,TRUE,FALSE,TRUE,TRUE,TRUE,FALSE,TRUE,560000
2022-01-24,/apartamentos-venta-ensanche-paraiso/1252048/,2,3.5,3,US$,295000,Flavia Cortina Unique Properties,Ensanche Paraíso, Paraiso, Santo Domingo Centro (D.N.),Segundo Uso,274,Residencial,NA,TRUE,TRUE,FALSE,FALSE,TRUE,TRUE,TRUE,FALSE,FALSE,295000
2022-01-24,/apartamentos-venta-ensanche-paraiso/1249703/,2,3.5,3,US$,315000,Flavia Cortina Unique Properties,Ensanche Paraíso, Paraiso, Santo Domingo Centro (D.N.),Segundo Uso,238,Residencial,NA,TRUE,TRUE,FALSE,FALSE,FALSE,TRUE,TRUE,FALSE,FALSE,315000
2022-01-24,/apartamentos-venta-ensanche-paraiso/1267466/,3,3.5,3,US$,205000,Remax Metropolitana,Ensanche Paraíso, Paraiso, Santo Domingo Centro (D.N.),Segundo Uso,166,Residencial,5,FALSE,TRUE,FALSE,FALSE,FALSE,FALSE,TRUE,FALSE,FALSE,205000
2022-01-24,/apartamentos-venta-ensanche-paraiso/1267079/,3,3.5,3,US$,335000,Inmobiliaria Grupal,Ensanche Paraíso, Paraiso, Santo Domingo Centro (D.N.),Remodelada,238,Residencial,5,TRUE,TRUE,FALSE,FALSE,FALSE,TRUE,TRUE,FALSE,TRUE,335000
2022-01-24,/apartamentos-venta-ensanche-paraiso/1265718/,2,NA,3,US$,291550,Inmobiliaria Grupal,Ensanche Paraíso, Paraiso, Santo Domingo Centro (D.N.),Nueva,152,Residencial,2,TRUE,FALSE,FALSE,TRUE,FALSE,FALSE,FALSE,FALSE,TRUE,291550
2022-01-24,/apartamentos-venta-ensanche-paraiso/1260696/,2,4.5,4,US$,365000,Premium Real Estate,Ensanche Paraíso, Paraiso, Santo Domingo Centro (D.N.),Segundo Uso,350,Residencial,6,TRUE,TRUE,FALSE,FALSE,FALSE,TRUE,TRUE,FALSE,FALSE,365000
2022-01-24,/apartamentos-venta-ensanche-paraiso/1260694/,2,4.5,4,US$,365000,Premium Real Estate,Ensanche Paraíso, Paraiso, Santo Domingo Centro (D.N.),Segundo Uso,350,Residencial,6,TRUE,TRUE,FALSE,FALSE,FALSE,TRUE,TRUE,FALSE,FALSE,365000
2022-01-24,/apartamentos-venta-ensanche-paraiso/1267202/,3,3.5,3,US$,410000,MBello Bienes Raices,Ensanche Paraíso, Paraiso, Santo Domingo Centro (D.N.),Nueva,202,Residencial,9,TRUE,TRUE,TRUE,FALSE,TRUE,TRUE,TRUE,TRUE,TRUE,410000
2022-01-24,/apartamentos-venta-ensanche-paraiso/1252407/,3,3.5,3,US$,530000,Premium Real Estate,Ensanche Paraíso, Paraiso, Santo Domingo Centro (D.N.),Nueva,279,Residencial,NA,FALSE,FALSE,FALSE,FALSE,FALSE,FALSE,FALSE,FALSE,FALSE,530000
2022-01-24,/apartamentos-venta-ensanche-paraiso/1266636/,3,3.5,3,US$,450000,Inmobiliaria Grupal,Ensanche Paraíso, Paraiso, Santo Domingo Centro (D.N.),Nueva,250,Residencial,14,TRUE,TRUE,TRUE,TRUE,TRUE,TRUE,TRUE,TRUE,TRUE,450000
2022-01-24,/apartamentos-venta-ensanche-paraiso/1252754/,3,3.5,3,US$,404000,Algonovo Real Estate,Ensanche Paraíso, Paraiso, Santo Domingo Centro (D.N.),Nueva,208,Residencial,NA,TRUE,TRUE,TRUE,FALSE,FALSE,TRUE,TRUE,FALSE,TRUE,404000
2022-01-24,/apartamentos-venta-ensanche-paraiso/1266949/,3,3.5,3,US$,335000,Inmobiliaria Grupal,Ensanche Paraíso, Paraiso, Santo Domingo Centro (D.N.),Segundo Uso,238,Residencial,5,TRUE,TRUE,FALSE,TRUE,FALSE,TRUE,TRUE,FALSE,TRUE,335000
2022-01-24,/apartamentos-venta-ensanche-paraiso/1244712/,3,3.5,3,US$,405000,Seekers Inmobiliaria,Ensanche Paraíso, Paraiso, Santo Domingo Centro (D.N.),Nueva,208,Residencial,NA,FALSE,FALSE,TRUE,FALSE,TRUE,FALSE,FALSE,FALSE,TRUE,405000
2022-01-24,/apartamentos-venta-ensanche-paraiso/1239265/,3,3,3,US$,682500,Seekers Inmobiliaria,Ensanche Paraíso, Paraiso, Santo Domingo Centro (D.N.),En Construcción,325,Residencial,NA,FALSE,TRUE,TRUE,FALSE,FALSE,TRUE,FALSE,FALSE,TRUE,682500
2022-01-24,/apartamentos-venta-ensanche-paraiso/1260429/,1,2,1,US$,140000,Seekers Inmobiliaria,Ensanche Paraíso, Paraiso, Santo Domingo Centro (D.N.),En Construcción,65,Residencial,NA,FALSE,TRUE,TRUE,FALSE,TRUE,TRUE,FALSE,FALSE,TRUE,140000
2022-01-24,/apartamentos-venta-ensanche-paraiso/1249476/,2,2.5,2,US$,273200,Seekers Inmobiliaria,Ensanche Paraíso, Paraiso, Santo Domingo Centro (D.N.),En Construcción,146,Residencial,NA,FALSE,FALSE,FALSE,FALSE,FALSE,FALSE,FALSE,FALSE,TRUE,273200
2022-01-24,/apartamentos-venta-ensanche-paraiso/1208774/,4,3.5,3,US$,530000,Mudate,Ensanche Paraíso, Paraiso, Santo Domingo Centro (D.N.),Nueva,327,Residencial,NA,FALSE,FALSE,FALSE,FALSE,FALSE,FALSE,FALSE,FALSE,FALSE,530000
2022-01-24,/apartamentos-venta-ensanche-paraiso/1251381/,3,3.5,3,US$,362200,Mudate,Ensanche Paraíso, Paraiso, Santo Domingo Centro (D.N.),Nueva,189,Residencial,NA,FALSE,FALSE,FALSE,FALSE,FALSE,FALSE,FALSE,FALSE,FALSE,362200
2022-01-24,/apartamentos-venta-ensanche-paraiso/1257993/,3,3.5,3,US$,385000,Mudate,Ensanche Paraíso, Paraiso, Santo Domingo Centro (D.N.),Nueva,210,Residencial,NA,FALSE,FALSE,FALSE,FALSE,FALSE,FALSE,FALSE,FALSE,FALSE,385000
2022-01-24,/apartamentos-venta-ensanche-paraiso/1251379/,2,2.5,2,US$,273200,Mudate,Ensanche Paraíso, Paraiso, Santo Domingo Centro (D.N.),Nueva,134,Residencial,NA,FALSE,FALSE,FALSE,FALSE,FALSE,FALSE,FALSE,FALSE,FALSE,273200
2022-01-24,/apartamentos-venta-ensanche-paraiso/1247150/,3,3.5,3,US$,405000,Mudate,Ensanche Paraíso, Paraiso, Santo Domingo Centro (D.N.),Nueva,244,Residencial,NA,FALSE,FALSE,FALSE,FALSE,FALSE,FALSE,FALSE,FALSE,FALSE,405000
2022-01-24,/apartamentos-venta-ensanche-paraiso/1251380/,2,3.5,3,US$,293000,Mudate,Ensanche Paraíso, Paraiso, Santo Domingo Centro (D.N.),Nueva,213,Residencial,NA,FALSE,FALSE,FALSE,FALSE,FALSE,FALSE,FALSE,FALSE,FALSE,293000
2022-01-24,/apartamentos-venta-ensanche-paraiso/1257349/,2,2.5,2,US$,273200,Mudate,Ensanche Paraíso, Paraiso, Santo Domingo Centro (D.N.),Nueva,134,Residencial,NA,FALSE,FALSE,FALSE,FALSE,FALSE,FALSE,FALSE,FALSE,FALSE,273200
2022-01-24,/apartamentos-venta-ensanche-paraiso/1257351/,3,3.5,3,US$,362200,Mudate,Ensanche Paraíso, Paraiso, Santo Domingo Centro (D.N.),Nueva,189,Residencial,NA,FALSE,FALSE,FALSE,FALSE,FALSE,FALSE,FALSE,FALSE,FALSE,362200
2022-01-24,/apartamentos-venta-paraiso/1229592/,4,4.5,4,US$,850000,Mudate,Paraiso, Santo Domingo Centro (D.N.), Santo Domingo,Nueva,450,Residencial,NA,FALSE,FALSE,FALSE,FALSE,FALSE,FALSE,FALSE,FALSE,FALSE,850000
2022-01-24,/apartamentos-venta-ensanche-paraiso/1265867/,2,3.5,3,US$,261550,Inmobiliaria Grupal,Ensanche Paraíso, Paraiso, Santo Domingo Centro (D.N.),Nueva,152,Residencial,NA,TRUE,TRUE,TRUE,TRUE,FALSE,TRUE,TRUE,FALSE,FALSE,261550
2022-01-24,/apartamentos-venta-ensanche-paraiso/1240159/,3,3.5,3,US$,560000,Remax Metropolitana,Ensanche Paraíso, Paraiso, Santo Domingo Centro (D.N.),En Construcción,279,Residencial,4,TRUE,TRUE,TRUE,TRUE,FALSE,TRUE,TRUE,FALSE,TRUE,560000
2022-01-24,/apartamentos-venta-y-alquiler-paraiso/1243894/,2,3.5,3,US$,475000,Virna Reyes,Paraiso, Santo Domingo Centro (D.N.), Santo Domingo,Segundo Uso,308,Residencial,3,TRUE,TRUE,FALSE,FALSE,FALSE,TRUE,TRUE,FALSE,FALSE,475000
2022-01-24,/apartamentos-venta-ensanche-paraiso/1264611/,2,2.5,2,US$,259100,Ciudad Inmobiliaria ,Ensanche Paraíso, Paraiso, Santo Domingo Centro (D.N.),En Construcción,146,Residencial,NA,TRUE,TRUE,TRUE,TRUE,TRUE,TRUE,TRUE,FALSE,TRUE,259100
2022-01-24,/apartamentos-venta-ensanche-paraiso/1264612/,2,3.5,3,US$,343600,Ciudad Inmobiliaria ,Ensanche Paraíso, Paraiso, Santo Domingo Centro (D.N.),En Construcción,192,Residencial,NA,TRUE,TRUE,TRUE,TRUE,TRUE,TRUE,TRUE,FALSE,TRUE,343600
2022-01-24,/apartamentos-venta-ensanche-paraiso/1244491/,4,3.5,3,US$,540000,Premium Real Estate,Ensanche Paraíso, Paraiso, Santo Domingo Centro (D.N.),En Construcción,327,Residencial,NA,TRUE,TRUE,TRUE,FALSE,TRUE,TRUE,TRUE,FALSE,TRUE,540000
2022-01-24,/apartamentos-venta-paraiso/1228766/,2,3.5,3,US$,445000,Top International Realty,Paraiso, Santo Domingo Centro (D.N.), Santo Domingo,Nueva,223,Residencial,7,TRUE,TRUE,FALSE,FALSE,TRUE,TRUE,TRUE,FALSE,FALSE,445000
2022-01-24,/apartamentos-venta-ensanche-paraiso/1237645/,2,3.5,3,US$,282000,Top International Realty,Ensanche Paraíso, Paraiso, Santo Domingo Centro (D.N.),Segundo Uso,273,Residencial,5,TRUE,TRUE,FALSE,TRUE,TRUE,TRUE,TRUE,TRUE,FALSE,282000
2022-01-24,/apartamentos-venta-ensanche-paraiso/1266616/,3,4.5,3,US$,460000,MBello Bienes Raices,Ensanche Paraíso, Paraiso, Santo Domingo Centro (D.N.),Segundo Uso,448,Residencial,7,TRUE,TRUE,FALSE,TRUE,TRUE,FALSE,TRUE,FALSE,FALSE,460000
2022-01-24,/apartamentos-venta-ensanche-paraiso/1266172/,2,3.5,NA,US$,261550,Inmobiliaria Grupal,Ensanche Paraíso, Paraiso, Santo Domingo Centro (D.N.),Nueva,152,Residencial,NA,FALSE,FALSE,FALSE,FALSE,FALSE,FALSE,FALSE,FALSE,FALSE,261550
2022-01-24,/apartamentos-venta-y-alquiler-paraiso/1260616/,3,3.5,3,US$,295000,CityMax Santo Domingo,Paraiso, Santo Domingo Centro (D.N.), Santo Domingo,Segundo Uso,180,Residencial,NA,TRUE,TRUE,FALSE,FALSE,FALSE,TRUE,TRUE,FALSE,FALSE,295000
2022-01-24,/apartamentos-venta-paraiso/1267452/,3,3.5,3,US$,335000,Inmobiliaria Grupal,Paraiso, Santo Domingo Centro (D.N.), Santo Domingo,Segundo Uso,238,Residencial,5,TRUE,TRUE,TRUE,TRUE,TRUE,TRUE,TRUE,FALSE,TRUE,335000
2022-01-24,/apartamentos-venta-ensanche-paraiso/1256987/,NA,NA,3,US$,385000,Anyelina Sánchez,Ensanche Paraíso, Paraiso, Santo Domingo Centro (D.N.),Segundo Uso,208,Residencial,NA,FALSE,FALSE,FALSE,FALSE,FALSE,FALSE,FALSE,FALSE,FALSE,385000
2022-01-24,/apartamentos-venta-ensanche-paraiso/1253914/,4,NA,4,US$,1075000,Anyelina Sánchez,Ensanche Paraíso, Paraiso, Santo Domingo Centro (D.N.),NA,450,Residencial,NA,FALSE,FALSE,FALSE,FALSE,FALSE,FALSE,FALSE,FALSE,FALSE,1075000
2022-01-24,/apartamentos-venta-paraiso/1253803/,2,3.5,3,US$,233420,CityMax Santo Domingo,Paraiso, Santo Domingo Centro (D.N.), Santo Domingo,En Construcción,148,Residencial,6,TRUE,TRUE,TRUE,FALSE,FALSE,TRUE,TRUE,FALSE,TRUE,233420
2022-01-24,/apartamentos-venta-ensanche-paraiso/1252353/,NA,NA,3,US$,530000,Premium Real Estate,Ensanche Paraíso, Paraiso, Santo Domingo Centro (D.N.),En Construcción,NA,Residencial,NA,FALSE,FALSE,FALSE,FALSE,FALSE,FALSE,FALSE,FALSE,FALSE,530000
2022-01-24,/apartamentos-venta-ensanche-paraiso/1251825/,1,1.5,1,US$,115000,Premium Real Estate,Ensanche Paraíso, Paraiso, Santo Domingo Centro (D.N.),Segundo Uso,85,Residencial,4,FALSE,FALSE,FALSE,FALSE,FALSE,FALSE,FALSE,FALSE,FALSE,115000
2022-01-24,/apartamentos-venta-paraiso/1247242/,3,3.5,3,US$,560000,Vidalpe Inmobiliaria,Paraiso, Santo Domingo Centro (D.N.), Santo Domingo,En Construcción,279,Residencial,NA,TRUE,TRUE,TRUE,FALSE,TRUE,TRUE,TRUE,FALSE,TRUE,560000
2022-01-24,/apartamentos-venta-ensanche-paraiso/1237914/,2,3.5,3,US$,405000,Algonovo Real Estate,Ensanche Paraíso, Paraiso, Santo Domingo Centro (D.N.),Nueva,208,Residencial,3,TRUE,TRUE,TRUE,TRUE,TRUE,TRUE,TRUE,TRUE,TRUE,405000
2022-01-24,/apartamentos-venta-ensanche-paraiso/1212364/,4,4.5,4,US$,985000,Domus Mea Caribe Inmobiliaria,Ensanche Paraíso, Paraiso, Santo Domingo Centro (D.N.),En Construcción,450,Residencial,NA,TRUE,TRUE,TRUE,FALSE,TRUE,FALSE,TRUE,TRUE,TRUE,985000
2022-01-24,/apartamentos-venta-paraiso/1267863/,2,3.5,3,US$,205000,Dreamhome Real Estate,Paraiso, Santo Domingo Centro (D.N.), Santo Domingo,Segundo Uso,145,Residencial,5,TRUE,TRUE,TRUE,FALSE,FALSE,TRUE,TRUE,FALSE,TRUE,205000
2022-01-24,/apartamentos-venta-ensanche-paraiso/1255177/,4,3.5,3,US$,560000,Dreamhome Real Estate,Ensanche Paraíso, Paraiso, Santo Domingo Centro (D.N.),Nueva,324,Residencial,NA,TRUE,TRUE,TRUE,TRUE,TRUE,TRUE,TRUE,FALSE,TRUE,560000
2022-01-24,/apartamentos-venta-ensanche-paraiso/1260134/,2,3.5,3,US$,215000,Dreamhome Real Estate,Ensanche Paraíso, Paraiso, Santo Domingo Centro (D.N.),Nueva,201,Residencial,NA,TRUE,TRUE,FALSE,FALSE,TRUE,TRUE,TRUE,FALSE,TRUE,215000
2022-01-24,/apartamentos-venta-paraiso/1236386/,2,3.5,3,US$,384360,Dreamhome Real Estate,Paraiso, Santo Domingo Centro (D.N.), Santo Domingo,Nueva,208,Residencial,NA,TRUE,TRUE,TRUE,TRUE,TRUE,TRUE,TRUE,FALSE,TRUE,384360
2022-01-24,/apartamentos-venta-ensanche-paraiso/1242129/,2,3.5,3,US$,295000,Dreamhome Real Estate,Ensanche Paraíso, Paraiso, Santo Domingo Centro (D.N.),Segundo Uso,286,Residencial,6,TRUE,TRUE,FALSE,FALSE,FALSE,TRUE,TRUE,FALSE,FALSE,295000
2022-01-24,/apartamentos-venta-ensanche-paraiso/1268196/,1,1.5,1,US$,168000,DARAD Real Estate RD,Ensanche Paraíso, Paraiso, Santo Domingo Centro (D.N.),En Planos,70,Residencial,NA,TRUE,TRUE,TRUE,TRUE,TRUE,TRUE,TRUE,FALSE,TRUE,168000
2022-01-24,/apartamentos-venta-ensanche-paraiso/1265701/,NA,NA,NA,US$,263550,Inmobiliaria Grupal,Ensanche Paraíso, Paraiso, Santo Domingo Centro (D.N.),Nueva,NA,Residencial,NA,FALSE,FALSE,FALSE,FALSE,FALSE,FALSE,FALSE,FALSE,FALSE,263550
2022-01-24,/apartamentos-venta-ensanche-paraiso/1243098/,3,3.5,3,US$,682500,Seekers Inmobiliaria,Ensanche Paraíso, Paraiso, Santo Domingo Centro (D.N.),En Construcción,325,Residencial,3,TRUE,TRUE,TRUE,TRUE,TRUE,TRUE,TRUE,FALSE,TRUE,682500
2022-01-24,/apartamentos-venta-ensanche-paraiso/1267733/,3,3.5,3,US$,560000,Inmobiliaria Hazim Rodriguez,Ensanche Paraíso, Paraiso, Santo Domingo Centro (D.N.),Nueva,279,Residencial,4,TRUE,TRUE,TRUE,FALSE,TRUE,TRUE,TRUE,FALSE,TRUE,560000
2022-01-24,/apartamentos-venta-paraiso/1229118/,3,3.5,3,US$,435500,Mr. Home Asesores Inmobiliarios,Paraiso, Santo Domingo Centro (D.N.), Santo Domingo,NA,290,Residencial,NA,FALSE,FALSE,FALSE,TRUE,FALSE,TRUE,FALSE,FALSE,FALSE,435500
2022-01-24,/apartamentos-venta-paraiso/1233287/,2,3.5,3,US$,170000,Plusval Venta Directa,Paraiso, Santo Domingo Centro (D.N.), Santo Domingo,Segundo Uso,165,Residencial,NA,FALSE,FALSE,FALSE,FALSE,FALSE,FALSE,FALSE,FALSE,FALSE,170000
2022-01-24,/apartamentos-venta-ensanche-paraiso/1252223/,3,3.5,3,US$,321360,Algonovo Real Estate,Ensanche Paraíso, Paraiso, Santo Domingo Centro (D.N.),Nueva,208,Residencial,NA,TRUE,TRUE,TRUE,FALSE,FALSE,TRUE,FALSE,FALSE,TRUE,321360
2022-01-24,/apartamentos-venta-ensanche-paraiso/1252226/,2,2.5,2,US$,343000,Algonovo Real Estate,Ensanche Paraíso, Paraiso, Santo Domingo Centro (D.N.),En Construcción,146,Residencial,NA,TRUE,FALSE,TRUE,FALSE,FALSE,TRUE,TRUE,TRUE,TRUE,343000
2022-01-24,/apartamentos-venta-ensanche-paraiso/1252233/,3,3.5,3,US$,215000,Algonovo Real Estate,Ensanche Paraíso, Paraiso, Santo Domingo Centro (D.N.),Segundo Uso,213,Residencial,NA,TRUE,TRUE,FALSE,FALSE,FALSE,TRUE,TRUE,FALSE,FALSE,215000
2022-01-24,/apartamentos-venta-ensanche-paraiso/1267218/,2,2.5,2,US$,275000,Mr. Home Asesores Inmobiliarios,Ensanche Paraíso, Paraiso, Santo Domingo Centro (D.N.),NA,150,Residencial,NA,FALSE,TRUE,TRUE,FALSE,TRUE,TRUE,FALSE,FALSE,FALSE,275000
2022-01-24,/apartamentos-venta-ensanche-paraiso/1267217/,2,3.5,3,US$,358000,Mr. Home Asesores Inmobiliarios,Ensanche Paraíso, Paraiso, Santo Domingo Centro (D.N.),NA,190,Residencial,NA,FALSE,TRUE,TRUE,FALSE,TRUE,TRUE,FALSE,FALSE,TRUE,358000
2022-01-24,/apartamentos-venta-paraiso/1226865/,1,1.5,1,US$,144000,Mr. Home Asesores Inmobiliarios,Paraiso, Santo Domingo Centro (D.N.), Santo Domingo,Nueva,60,Residencial,NA,TRUE,TRUE,TRUE,FALSE,TRUE,TRUE,TRUE,FALSE,TRUE,144000
2022-01-24,/apartamentos-venta-ensanche-paraiso/1252861/,1,1,1,US$,105000,Mr. Home Asesores Inmobiliarios,Ensanche Paraíso, Paraiso, Santo Domingo Centro (D.N.),NA,60,Residencial,NA,FALSE,TRUE,FALSE,FALSE,FALSE,TRUE,FALSE,FALSE,FALSE,105000
2022-01-24,/apartamentos-venta-ensanche-paraiso/1258899/,4,3,3,US$,560000,Seekers Inmobiliaria,Ensanche Paraíso, Paraiso, Santo Domingo Centro (D.N.),En Construcción,279,Residencial,NA,TRUE,TRUE,TRUE,TRUE,FALSE,TRUE,TRUE,FALSE,TRUE,560000
2022-01-24,/apartamentos-venta-paraiso/1226858/,3,3,3,US$,327775,Mr. Home Asesores Inmobiliarios,Paraiso, Santo Domingo Centro (D.N.), Santo Domingo,Nueva,208,Residencial,NA,FALSE,FALSE,FALSE,FALSE,TRUE,TRUE,TRUE,TRUE,FALSE,327775
2022-01-24,/apartamentos-venta-ensanche-paraiso/1256840/,2,2.5,2,US$,345000,Mr. Home Asesores Inmobiliarios,Ensanche Paraíso, Paraiso, Santo Domingo Centro (D.N.),NA,200,Residencial,NA,FALSE,FALSE,FALSE,FALSE,TRUE,FALSE,TRUE,FALSE,FALSE,345000
2022-01-24,/apartamentos-venta-ensanche-paraiso/1246719/,2,3.5,3,US$,280000,Lucila Brito,Ensanche Paraíso, Paraiso, Santo Domingo Centro (D.N.),Segundo Uso,247,Residencial,5,TRUE,TRUE,FALSE,FALSE,FALSE,TRUE,TRUE,FALSE,FALSE,280000
2022-01-24,/apartamentos-venta-ensanche-paraiso/1263105/,2,3.5,3,US$,290000,Ginebra Realty Group,Ensanche Paraíso, Paraiso, Santo Domingo Centro (D.N.),Segundo Uso,279,Residencial,3,TRUE,TRUE,FALSE,FALSE,FALSE,TRUE,TRUE,FALSE,FALSE,290000
2022-01-24,/apartamentos-venta-ensanche-paraiso/1266739/,2,2.5,2,US$,272000,Top Side Brokers Realty Group,Ensanche Paraíso, Paraiso, Santo Domingo Centro (D.N.),En Construcción,140,Residencial,NA,TRUE,TRUE,FALSE,FALSE,TRUE,FALSE,TRUE,FALSE,TRUE,272000
2022-01-24,/apartamentos-venta-paraiso/1245230/,2,3.5,3,US$,315000,Time Homes Inmobiliaria,Paraiso, Santo Domingo Centro (D.N.), Santo Domingo,Segundo Uso,171,Residencial,8,TRUE,TRUE,FALSE,TRUE,TRUE,TRUE,TRUE,FALSE,FALSE,315000
2022-01-24,/apartamentos-venta-ensanche-paraiso/1267734/,3,3.5,3,US$,428000,Elite Brokers,Ensanche Paraíso, Paraiso, Santo Domingo Centro (D.N.),NA,273,Residencial,NA,TRUE,TRUE,TRUE,FALSE,TRUE,TRUE,TRUE,FALSE,TRUE,428000
2022-01-24,/apartamentos-venta-ensanche-paraiso/1267732/,3,3.5,3,US$,405000,Elite Brokers,Ensanche Paraíso, Paraiso, Santo Domingo Centro (D.N.),NA,273,Residencial,NA,TRUE,TRUE,TRUE,FALSE,TRUE,TRUE,TRUE,FALSE,FALSE,405000
2022-01-24,/apartamentos-venta-ensanche-paraiso/1267730/,2,2.5,2,US$,230000,Elite Brokers,Ensanche Paraíso, Paraiso, Santo Domingo Centro (D.N.),NA,144,Residencial,NA,TRUE,TRUE,TRUE,FALSE,TRUE,TRUE,TRUE,FALSE,TRUE,230000
2022-01-24,/apartamentos-venta-y-alquiler-paraiso/1211723/,3,3.5,3,US$,497000,Paez Luxury Real Estate ,Paraiso, Santo Domingo Centro (D.N.), Santo Domingo,Segundo Uso,350,Residencial,7,TRUE,TRUE,TRUE,TRUE,FALSE,TRUE,TRUE,FALSE,TRUE,497000
2022-01-24,/apartamentos-venta-ensanche-paraiso/1267598/,3,4.5,4,US$,260000,PAULMAR REAL ESTATE,Ensanche Paraíso, Paraiso, Santo Domingo Centro (D.N.),Segundo Uso,240,Residencial,NA,TRUE,TRUE,FALSE,TRUE,FALSE,TRUE,FALSE,FALSE,FALSE,260000
2022-01-24,/apartamentos-venta-paraiso/1221854/,3,3.5,3,US$,450000,Paez Luxury Real Estate ,Paraiso, Santo Domingo Centro (D.N.), Santo Domingo,Segundo Uso,245,Residencial,2,FALSE,FALSE,FALSE,FALSE,FALSE,FALSE,FALSE,FALSE,FALSE,450000
2022-01-24,/apartamentos-venta-paraiso/1170879/,4,3.5,3,US$,600000,Paez Luxury Real Estate ,Paraiso, Santo Domingo Centro (D.N.), Santo Domingo,Nueva,325,Residencial,NA,FALSE,FALSE,FALSE,FALSE,FALSE,FALSE,FALSE,FALSE,FALSE,600000
2022-01-24,/apartamentos-venta-ensanche-paraiso/1250910/,2,2.5,2,US$,251200,Caiba Realty Group,Ensanche Paraíso, Paraiso, Santo Domingo Centro (D.N.),Nueva,146,Residencial,NA,FALSE,TRUE,FALSE,FALSE,FALSE,FALSE,TRUE,FALSE,TRUE,251200
2022-01-24,/apartamentos-venta-ensanche-paraiso/1244515/,NA,3.5,3,US$,698500,Caiba Realty Group,Ensanche Paraíso, Paraiso, Santo Domingo Centro (D.N.),En Construcción,325,Residencial,23,FALSE,FALSE,TRUE,FALSE,FALSE,FALSE,TRUE,FALSE,TRUE,698500
2022-01-24,/apartamentos-venta-ensanche-paraiso/1261776/,4,4.5,4,US$,1100000,Wendy Gómez,Ensanche Paraíso, Paraiso, Santo Domingo Centro (D.N.),En Construcción,450,Residencial,6,TRUE,TRUE,FALSE,FALSE,FALSE,TRUE,TRUE,FALSE,TRUE,1100000
2022-01-24,/apartamentos-venta-paraiso/1233593/,2,3.5,3,US$,255000,Plusval Venta Directa,Paraiso, Santo Domingo Centro (D.N.), Santo Domingo,Segundo Uso,276,Residencial,NA,FALSE,FALSE,FALSE,FALSE,FALSE,FALSE,FALSE,FALSE,FALSE,255000
2022-01-24,/apartamentos-venta-paraiso/1265566/,NA,NA,1,US$,111990,Paez Luxury Real Estate ,Paraiso, Santo Domingo Centro (D.N.), Santo Domingo,En Construcción,40,Mixto,NA,TRUE,TRUE,TRUE,TRUE,FALSE,TRUE,TRUE,FALSE,TRUE,111990
2022-01-24,/apartamentos-venta-ensanche-paraiso/1251624/,2,3.5,3,US$,315000,Paez Luxury Real Estate ,Ensanche Paraíso, Paraiso, Santo Domingo Centro (D.N.),Segundo Uso,180,Residencial,8,TRUE,TRUE,FALSE,FALSE,TRUE,TRUE,TRUE,FALSE,FALSE,315000
2022-01-24,/apartamentos-venta-paraiso/1186217/,3,3.5,3,US$,717000,Paez Luxury Real Estate ,Paraiso, Santo Domingo Centro (D.N.), Santo Domingo,En Construcción,325,Residencial,NA,FALSE,FALSE,FALSE,FALSE,FALSE,FALSE,FALSE,FALSE,FALSE,717000
2022-01-24,/apartamentos-venta-paraiso/1186559/,2,NA,2,US$,293820,Paez Luxury Real Estate ,Paraiso, Santo Domingo Centro (D.N.), Santo Domingo,En Construcción,177,Residencial,3,TRUE,TRUE,TRUE,FALSE,FALSE,TRUE,TRUE,FALSE,TRUE,293820
2022-01-24,/apartamentos-venta-ensanche-paraiso/1267027/,3,3.5,3,US$,350000,Inmobiliaria Bevistam,Ensanche Paraíso, Paraiso, Santo Domingo Centro (D.N.),Segundo Uso,200,Residencial,6,TRUE,TRUE,FALSE,FALSE,TRUE,TRUE,TRUE,FALSE,FALSE,350000
2022-01-24,/apartamentos-venta-paraiso/1266965/,2,3.5,3,US$,205000,Joan Carlos Guzmán ,Paraiso, Santo Domingo Centro (D.N.), Santo Domingo,Segundo Uso,166,Residencial,6,TRUE,TRUE,TRUE,TRUE,TRUE,TRUE,TRUE,FALSE,TRUE,205000
2022-01-24,/apartamentos-venta-ensanche-paraiso/1243691/,3,3.5,3,US$,400000,Seekers Inmobiliaria,Ensanche Paraíso, Paraiso, Santo Domingo Centro (D.N.),En Construcción,207,Residencial,10,TRUE,TRUE,TRUE,FALSE,FALSE,TRUE,TRUE,FALSE,TRUE,400000
2022-01-24,/apartamentos-venta-ensanche-paraiso/1247500/,3,3.5,3,US$,466500,Ginebra Realty Group,Ensanche Paraíso, Paraiso, Santo Domingo Centro (D.N.),Nueva,350,Residencial,2,TRUE,TRUE,FALSE,FALSE,TRUE,TRUE,TRUE,FALSE,FALSE,466500
2022-01-24,/apartamentos-venta-ensanche-paraiso/1266707/,1,1.5,1,US$,147000,Top Side Brokers Realty Group,Ensanche Paraíso, Paraiso, Santo Domingo Centro (D.N.),Segundo Uso,70,Residencial,NA,TRUE,TRUE,FALSE,FALSE,TRUE,TRUE,TRUE,FALSE,TRUE,147000
2022-01-24,/apartamentos-venta-ensanche-paraiso/1244513/,NA,3,2,US$,296820,Caiba Realty Group,Ensanche Paraíso, Paraiso, Santo Domingo Centro (D.N.),En Construcción,177,Residencial,NA,FALSE,FALSE,TRUE,FALSE,FALSE,TRUE,TRUE,FALSE,FALSE,296820
2022-01-24,/apartamentos-venta-ensanche-paraiso/1265202/,2,3.5,3,US$,418000,Ginebra Realty Group,Ensanche Paraíso, Paraiso, Santo Domingo Centro (D.N.),Nueva,208,Residencial,9,TRUE,TRUE,TRUE,FALSE,FALSE,TRUE,TRUE,FALSE,TRUE,418000
2022-01-24,/apartamentos-venta-ensanche-paraiso/1266578/,2,2.5,2,US$,273200,ABAR Inmobiliaria,Ensanche Paraíso, Paraiso, Santo Domingo Centro (D.N.),En Construcción,146,Residencial,3,TRUE,TRUE,TRUE,TRUE,TRUE,TRUE,TRUE,FALSE,TRUE,273200
2022-01-24,/apartamentos-venta-ensanche-paraiso/1260583/,3,3.5,3,US$,405000,INMOBLIAM,Ensanche Paraíso, Paraiso, Santo Domingo Centro (D.N.),Nueva,208,Residencial,11,TRUE,TRUE,TRUE,TRUE,TRUE,TRUE,TRUE,FALSE,TRUE,405000
2022-01-24,/apartamentos-venta-ensanche-paraiso/1259272/,3,3.5,3,US$,405000,INMOBLIAM,Ensanche Paraíso, Paraiso, Santo Domingo Centro (D.N.),Nueva,205,Residencial,11,TRUE,TRUE,TRUE,TRUE,TRUE,TRUE,TRUE,FALSE,TRUE,405000
2022-01-24,/apartamentos-venta-ensanche-paraiso/1264998/,2,1,NA,US$,165000,Top Side Brokers Realty Group,Ensanche Paraíso, Paraiso, Santo Domingo Centro (D.N.),Segundo Uso,80,Residencial,NA,TRUE,TRUE,FALSE,FALSE,FALSE,FALSE,FALSE,FALSE,FALSE,165000
2022-01-24,/apartamentos-venta-ensanche-paraiso/1259516/,4,3.5,4,US$,1075000,Plusval Homes Realty Group,Ensanche Paraíso, Paraiso, Santo Domingo Centro (D.N.),Nueva,425,N/D,3,TRUE,TRUE,FALSE,TRUE,FALSE,TRUE,FALSE,FALSE,FALSE,1075000
2022-01-24,/apartamentos-venta-ensanche-paraiso/1265569/,2,2,3,RD$,7200000,Inmobiliaria Bevistam,Ensanche Paraíso, Paraiso, Santo Domingo Centro (D.N.),Segundo Uso,170,Residencial,3,FALSE,FALSE,FALSE,FALSE,FALSE,FALSE,TRUE,FALSE,FALSE,123076.92307692308
2022-01-24,/apartamentos-venta-ensanche-paraiso/1265054/,3,3.5,3,US$,450000,Grupo Nin Inmobiliario,Ensanche Paraíso, Paraiso, Santo Domingo Centro (D.N.),Nueva,208,Residencial,NA,TRUE,TRUE,TRUE,FALSE,TRUE,FALSE,TRUE,FALSE,TRUE,450000
2022-01-24,/apartamentos-venta-paraiso/1245914/,2,4,3,US$,440000,Top inmobiliario Srl,Paraiso, Santo Domingo Centro (D.N.), Santo Domingo,Segundo Uso,326,Residencial,5,TRUE,TRUE,FALSE,TRUE,TRUE,TRUE,TRUE,FALSE,TRUE,440000
2022-01-24,/apartamentos-venta-y-alquiler-ensanche-paraiso/1251309/,3,3.5,3,US$,295000,Estrella Inmobiliaria ,Ensanche Paraíso, Paraiso, Santo Domingo Centro (D.N.),Segundo Uso,370,N/D,2,TRUE,TRUE,FALSE,TRUE,TRUE,TRUE,TRUE,FALSE,TRUE,295000
2022-01-24,/apartamentos-venta-ensanche-paraiso/1264189/,3,3.5,3,US$,460000,Ginebra Realty Group,Ensanche Paraíso, Paraiso, Santo Domingo Centro (D.N.),Nueva,350,Residencial,2,FALSE,TRUE,TRUE,FALSE,TRUE,TRUE,FALSE,FALSE,TRUE,460000
2022-01-24,/apartamentos-venta-ensanche-paraiso/1258083/,1,2,1,US$,150000,Seekers Inmobiliaria,Ensanche Paraíso, Paraiso, Santo Domingo Centro (D.N.),En Planos,65,Residencial,7,TRUE,TRUE,TRUE,FALSE,TRUE,TRUE,TRUE,FALSE,TRUE,150000
2022-01-24,/apartamentos-venta-ensanche-paraiso/1258120/,6,5,4,US$,1145000,Seekers Inmobiliaria,Ensanche Paraíso, Paraiso, Santo Domingo Centro (D.N.),En Construcción,463,Residencial,NA,TRUE,TRUE,TRUE,FALSE,TRUE,TRUE,TRUE,FALSE,TRUE,1145000
2022-01-24,/apartamentos-venta-ensanche-paraiso/1262990/,2,3.5,3,US$,292000,Ginebra Realty Group,Ensanche Paraíso, Paraiso, Santo Domingo Centro (D.N.),Nueva,279,Residencial,2,TRUE,TRUE,FALSE,FALSE,FALSE,TRUE,TRUE,TRUE,FALSE,292000
2022-01-24,/apartamentos-venta-ensanche-paraiso/1262955/,4,3.5,3,US$,290000,Ginebra Realty Group,Ensanche Paraíso, Paraiso, Santo Domingo Centro (D.N.),Segundo Uso,279,N/D,3,FALSE,TRUE,FALSE,FALSE,FALSE,FALSE,TRUE,TRUE,FALSE,290000
2022-01-24,/apartamentos-venta-ensanche-paraiso/1262799/,2,3.5,3,US$,350000,Elite Brokers,Ensanche Paraíso, Paraiso, Santo Domingo Centro (D.N.),NA,330,Residencial,NA,TRUE,TRUE,FALSE,FALSE,FALSE,FALSE,TRUE,FALSE,FALSE,350000
2022-01-24,/apartamentos-venta-ensanche-paraiso/1261185/,3,3.5,3,US$,408000,Estrella Inmobiliaria ,Ensanche Paraíso, Paraiso, Santo Domingo Centro (D.N.),Nueva,208,Residencial,9,TRUE,TRUE,TRUE,FALSE,FALSE,TRUE,TRUE,FALSE,TRUE,408000
2022-01-24,/apartamentos-venta-paraiso/1260796/,1,1,1,US$,125800,Plusval Venta Directa,Paraiso, Santo Domingo Centro (D.N.), Santo Domingo,En Planos,60,Residencial,NA,FALSE,TRUE,TRUE,FALSE,FALSE,TRUE,FALSE,FALSE,FALSE,125800
2022-01-24,/apartamentos-venta-ensanche-paraiso/1259379/,3,3.5,3,US$,554819,New Home Constructora Inmobiliaria,Ensanche Paraíso, Paraiso, Santo Domingo Centro (D.N.),En Construcción,260,Residencial,NA,TRUE,TRUE,TRUE,FALSE,TRUE,FALSE,TRUE,FALSE,TRUE,554819
2022-01-24,/apartamentos-venta-ensanche-paraiso/1255302/,2,4.5,3,US$,325000,Tu Casa RD,Ensanche Paraíso, Paraiso, Santo Domingo Centro (D.N.),Nueva,326,Residencial,NA,TRUE,TRUE,FALSE,FALSE,FALSE,TRUE,TRUE,FALSE,TRUE,325000
2022-01-24,/apartamentos-venta-ensanche-paraiso/1240270/,2,3.5,3,US$,330000,Tu Casa RD,Ensanche Paraíso, Paraiso, Santo Domingo Centro (D.N.),Segundo Uso,481,Residencial,NA,FALSE,FALSE,FALSE,FALSE,TRUE,FALSE,FALSE,FALSE,FALSE,330000
2022-01-24,/apartamentos-venta-ensanche-paraiso/1255447/,3,3.5,3,US$,530000,Tu Casa RD,Ensanche Paraíso, Paraiso, Santo Domingo Centro (D.N.),Nueva,279,Residencial,NA,TRUE,TRUE,FALSE,FALSE,TRUE,TRUE,TRUE,TRUE,TRUE,530000
2022-01-24,/apartamentos-venta-ensanche-paraiso/1255126/,2,4.5,3,US$,460000,Tu Casa RD,Ensanche Paraíso, Paraiso, Santo Domingo Centro (D.N.),Nueva,326,Residencial,NA,TRUE,TRUE,FALSE,FALSE,FALSE,TRUE,TRUE,FALSE,TRUE,460000
2022-01-24,/apartamentos-venta-ensanche-paraiso/1258119/,4,3.5,3,US$,560000,Seekers Inmobiliaria,Ensanche Paraíso, Paraiso, Santo Domingo Centro (D.N.),En Construcción,279,Residencial,NA,TRUE,TRUE,TRUE,TRUE,TRUE,TRUE,TRUE,FALSE,TRUE,560000
2022-01-24,/apartamentos-venta-ensanche-paraiso/1254035/,2,2.5,2,US$,345000,Plusval Venta Directa,Ensanche Paraíso, Paraiso, Santo Domingo Centro (D.N.),Segundo Uso,150,Residencial,9,TRUE,TRUE,FALSE,FALSE,TRUE,TRUE,FALSE,FALSE,FALSE,345000
2022-01-24,/apartamentos-venta-ensanche-paraiso/1248364/,2,3.5,3,US$,315000,Elite Brokers,Ensanche Paraíso, Paraiso, Santo Domingo Centro (D.N.),NA,180,Residencial,NA,FALSE,TRUE,FALSE,FALSE,TRUE,FALSE,FALSE,FALSE,FALSE,315000
2022-01-24,/apartamentos-venta-paraiso/1212630/,2,3.5,3,US$,372500,Elite Brokers,Paraiso, Santo Domingo Centro (D.N.), Santo Domingo,En Construcción,208,Residencial,3,TRUE,TRUE,TRUE,FALSE,FALSE,TRUE,TRUE,FALSE,TRUE,372500
2022-01-24,/apartamentos-venta-paraiso/1212623/,2,3.5,3,US$,259000,Elite Brokers,Paraiso, Santo Domingo Centro (D.N.), Santo Domingo,NA,240,Residencial,4,TRUE,TRUE,FALSE,FALSE,FALSE,TRUE,TRUE,FALSE,FALSE,259000
2022-01-24,/apartamentos-venta-paraiso/1187537/,2,3.5,3,US$,324134,Inmobiliaria Hazim Rodriguez,Paraiso, Santo Domingo Centro (D.N.), Santo Domingo,En Construcción,193,Residencial,4,TRUE,TRUE,TRUE,FALSE,TRUE,TRUE,TRUE,FALSE,TRUE,324134
2022-01-24,/apartamentos-venta-paraiso/1187531/,2,2.5,2,US$,259700,Inmobiliaria Hazim Rodriguez,Paraiso, Santo Domingo Centro (D.N.), Santo Domingo,En Construcción,138,Residencial,4,TRUE,TRUE,TRUE,FALSE,TRUE,TRUE,TRUE,FALSE,TRUE,259700
