date,id,parking,bathrooms,bedrooms,currency,price,seller,neighborhood,city,province,status,area,usage,story,planta,lift,pool,pozo,terraza,lobby,balcon,jacuzzi,gimnasio,price.usd
2022-01-24,/apartamentos-venta-los-tres-ojos/1267878/,1,2.5,3,US$,100000,CityMax Santo Domingo,Los Tres Ojos, Santo Domingo Este, Santo Domingo,En Construcción,125,Residencial,NA,FALSE,FALSE,FALSE,FALSE,FALSE,FALSE,TRUE,FALSE,FALSE,100000
2022-01-24,/apartamentos-venta-los-tres-ojos/1266470/,1,1,1,RD$,2621430,Seekers Inmobiliaria,Los Tres Ojos, Santo Domingo Este, Santo Domingo,En Construcción,44,Residencial,NA,FALSE,FALSE,FALSE,FALSE,FALSE,FALSE,TRUE,FALSE,TRUE,44810.769230769234
2022-01-24,/apartamentos-venta-los-tres-ojos/1259617/,NA,NA,2,RD$,6850000,United Group DR,Los Tres Ojos, Santo Domingo Este, Santo Domingo,Nueva,145,Residencial,NA,FALSE,FALSE,FALSE,FALSE,FALSE,FALSE,FALSE,FALSE,FALSE,117094.0170940171
2022-01-24,/apartamentos-venta-los-tres-ojos/1248422/,2,2,3,US$,112000,Mr. Home Asesores Inmobiliarios,Los Tres Ojos, Santo Domingo Este, Santo Domingo,NA,120,Residencial,NA,FALSE,FALSE,FALSE,FALSE,FALSE,TRUE,TRUE,FALSE,FALSE,112000
2022-01-24,/apartamentos-venta-los-tres-ojos/1234478/,1,2,3,US$,5400000,Mr. Home Asesores Inmobiliarios,Los Tres Ojos, Santo Domingo Este, Santo Domingo,NA,103,Residencial,NA,FALSE,FALSE,FALSE,TRUE,FALSE,FALSE,TRUE,FALSE,FALSE,5400000
2022-01-24,/apartamentos-venta-los-tres-ojos/1266794/,2,2.5,2,US$,84280,Seekers Inmobiliaria,Los Tres Ojos, Santo Domingo Este, Santo Domingo,En Construcción,95,Residencial,NA,TRUE,TRUE,TRUE,FALSE,TRUE,FALSE,TRUE,TRUE,TRUE,84280
2022-01-24,/apartamentos-venta-los-tres-ojos/1264254/,1,2.5,3,US$,91000,Plusval Puente Azul,Los Tres Ojos, Santo Domingo Este, Santo Domingo,Nueva,106,Residencial,4,FALSE,FALSE,FALSE,TRUE,FALSE,FALSE,TRUE,FALSE,FALSE,91000
2022-01-24,/apartamentos-venta-los-tres-ojos/1261794/,2,3.5,3,US$,110000,Megacasa RD,Los Tres Ojos, Santo Domingo Este, Santo Domingo,Nueva,120,Residencial,NA,TRUE,FALSE,FALSE,FALSE,FALSE,TRUE,TRUE,TRUE,TRUE,110000
2022-01-24,/apartamentos-venta-los-tres-ojos/1236475/,1,1,2,US$,51500,Grupo Nin Inmobiliario,Los Tres Ojos, Santo Domingo Este, Santo Domingo,Nueva,76,Residencial,2,FALSE,FALSE,FALSE,FALSE,FALSE,TRUE,TRUE,FALSE,TRUE,51500
