date,id,parking,bathrooms,bedrooms,currency,price,seller,neighborhood,city,province,status,area,usage,story,planta,lift,pool,pozo,terraza,lobby,balcon,jacuzzi,gimnasio,price.usd
2022-02-10,/apartamentos-venta-brisa-oriental/1269079/,2,1.5,3,RD$,3900000,Algonovo Real Estate,Brisa Oriental, Santo Domingo Este, Santo Domingo,Segundo Uso,85,Residencial,1,FALSE,FALSE,FALSE,FALSE,FALSE,FALSE,FALSE,FALSE,FALSE,66666.66666666667
2022-02-10,/apartamentos-venta-brisa-oriental/1266765/,2,1.5,3,RD$,3700000000,Mr. Home Asesores Inmobiliarios,Brisa Oriental, Santo Domingo Este, Santo Domingo,Nueva,85,Residencial,1,FALSE,FALSE,FALSE,FALSE,FALSE,FALSE,TRUE,FALSE,FALSE,63247863.24786325
2022-02-10,/apartamentos-venta-brisa-oriental/1269453/,1,2,3,RD$,5200000,CityMax Santo Domingo,Brisa Oriental, Santo Domingo Este, Santo Domingo,Nueva,127,Residencial,1,FALSE,FALSE,FALSE,FALSE,FALSE,FALSE,TRUE,FALSE,FALSE,88888.88888888889
2022-02-10,/apartamentos-venta-brisa-oriental/1269133/,1,2.5,2,RD$,5200000,CityMax Santo Domingo,Brisa Oriental, Santo Domingo Este, Santo Domingo,Nueva,85,Residencial,1,FALSE,FALSE,FALSE,FALSE,FALSE,FALSE,FALSE,TRUE,FALSE,88888.88888888889
2022-02-10,/apartamentos-venta-brisa-oriental/1269483/,2,2.5,3,US$,5200000,CityMax Santo Domingo,Brisa Oriental, Santo Domingo Este, Santo Domingo,Nueva,85,Residencial,NA,FALSE,FALSE,FALSE,FALSE,FALSE,FALSE,FALSE,FALSE,FALSE,5200000
2022-02-10,/apartamentos-venta-brisa-oriental/1230318/,1,2,3,US$,72000,Premium Real Estate,Brisa Oriental, Santo Domingo Este, Santo Domingo,En Planos,95,Residencial,NA,FALSE,FALSE,FALSE,FALSE,TRUE,FALSE,TRUE,FALSE,FALSE,72000
2022-02-10,/apartamentos-venta-brisa-oriental/1269142/,1,3,3,US$,72000,Premium Real Estate,Brisa Oriental, Santo Domingo Este, Santo Domingo,Nueva,98,Residencial,4,FALSE,FALSE,FALSE,FALSE,FALSE,FALSE,TRUE,FALSE,FALSE,72000
2022-02-10,/apartamentos-venta-brisa-oriental/1269515/,1,2.5,3,RD$,5200000,CityMax Santo Domingo,Brisa Oriental, Santo Domingo Este, Santo Domingo,Nueva,85,Residencial,1,FALSE,FALSE,FALSE,FALSE,FALSE,FALSE,TRUE,FALSE,FALSE,88888.88888888889
2022-02-10,/apartamentos-venta-brisa-oriental/1257531/,1,2,3,US$,5300000,Tu Casa RD,Brisa Oriental, Santo Domingo Este, Santo Domingo,Nueva,113,Residencial,NA,TRUE,FALSE,FALSE,FALSE,FALSE,TRUE,TRUE,FALSE,FALSE,5300000
