date,id,parking,bathrooms,bedrooms,currency,price,seller,neighborhood,city,province,status,area,usage,story,planta,lift,pool,pozo,terraza,lobby,balcon,jacuzzi,gimnasio,price.usd
2022-01-24,/apartamentos-venta-autopista-duarte/1257579/,1,2,3,RD$,2756250,Vivenzas Real Estate ,Autopista Duarte, Santo Domingo Centro (D.N.), Santo Domingo,En Construcción,93,Residencial,NA,FALSE,FALSE,TRUE,FALSE,FALSE,FALSE,FALSE,FALSE,TRUE,47115.38461538462
2022-01-24,/apartamentos-venta-autopista-duarte/1255604/,2,2.5,3,RD$,4500000,United Group DR,Autopista Duarte, Santo Domingo Centro (D.N.), Santo Domingo,Nueva,109,Residencial,3,FALSE,FALSE,FALSE,FALSE,FALSE,FALSE,FALSE,FALSE,FALSE,76923.07692307692
2022-01-24,/apartamentos-venta-autopista-duarte/1266710/,1,2,3,US$,62500,Seekers Inmobiliaria,Autopista Duarte, Santo Domingo Centro (D.N.), Santo Domingo,Nueva,84,Residencial,NA,TRUE,FALSE,FALSE,TRUE,FALSE,TRUE,TRUE,FALSE,TRUE,62500
2022-01-24,/apartamentos-venta-autopista-duarte/1266827/,1,2,3,US$,62500,Seekers Inmobiliaria,Autopista Duarte, Santo Domingo Centro (D.N.), Santo Domingo,Nueva,84,Residencial,3,FALSE,FALSE,FALSE,FALSE,FALSE,FALSE,FALSE,FALSE,TRUE,62500
2022-01-24,/apartamentos-venta-autopista-duarte/1266624/,2,2,2,US$,62500,Seekers Inmobiliaria,Autopista Duarte, Santo Domingo Centro (D.N.), Santo Domingo,Nueva,84,Residencial,NA,FALSE,FALSE,FALSE,FALSE,TRUE,FALSE,FALSE,FALSE,TRUE,62500
2022-01-24,/apartamentos-venta-autopista-duarte/1256235/,1,2,3,US$,60000,Grupo Nin Inmobiliario,Autopista Duarte, Santo Domingo Centro (D.N.), Santo Domingo,En Construcción,90,Residencial,2,FALSE,FALSE,TRUE,TRUE,FALSE,FALSE,TRUE,FALSE,FALSE,60000
